id,pop_totalE,whiteE,blackE,asianE,hispanicE,age_0_9,age_10_19,age_20_29,age_30_39,age_40_49,age_50_59,age_60_69,age_70_79,age_80plus,hhinc_under25k,hhinc_25_49k,hhinc_50_99k,hhinc_100_149k,hhinc_150_199k,hhinc_200plus,median_ageE,med_incomeE,geometry
1,330.95338983050846,321.6705508474576,0,9.282838983050848,0,18.969279661016948,77.08792372881355,2.018008474576271,25.83050847457627,58.925847457627114,64.97987288135593,45.20338983050847,35.516949152542374,2.421610169491525,2.421610169491525,29.462923728813557,12.915254237288135,14.126059322033898,5.650423728813559,69.82309322033898,48.60000000000001,224250,"list(list(c(-84.404741, -84.407765, -84.409238, -84.409385, -84.411136, -84.411312, -84.412341, -84.411867, -84.411443, -84.412573, -84.411946, -84.412941, -84.41224, -84.413507, -84.413585, -84.413818, -84.413906, -84.414861, -84.415147, -84.415314, -84.415516, -84.415672, -84.415839, -84.416155, -84.416482, -84.416952, -84.417047, -84.417167, -84.41725, -84.417481, -84.417767, -84.418212, -84.419919, -84.420191, -84.420247, -84.420424, -84.420572, -84.420797, -84.421128, -84.421261, -84.421541, 
-84.421877, -84.422785, -84.422741, -84.422688, -84.422759, -84.42387, -84.425316, -84.426117, -84.426267, -84.426496, -84.426814, -84.426964, -84.427071, -84.427176, -84.42803, -84.428682, -84.429493, -84.43019, -84.430578, -84.431512, -84.432067, -84.432252, -84.432392, -84.433385, -84.433374, -84.433365, -84.4336, -84.433725, -84.433593, -84.433553, -84.433299, -84.432732, -84.432301, -84.43144, -84.431113, -84.430561, -84.430183, -84.429688, -84.429558, -84.429407, -84.429321, -84.42872, -84.428234, 
-84.428044, -84.426263, -84.425444, -84.424761, -84.423852, -84.423789, -84.42388, -84.424319, -84.426267, -84.426991, -84.428279, -84.428564, -84.42863, -84.428356, -84.427919, -84.426845, -84.426256, -84.425768, -84.424514, -84.423498, -84.422117, -84.419041, -84.417518, -84.417251, -84.417126, -84.416947, -84.416114, -84.414293, -84.414115, -84.414014, -84.413868, -84.413616, -84.413438, -84.413322, -84.413229, -84.413015, -84.412727, -84.412053, -84.409746, -84.40953, -84.409388, -84.409135, 
-84.408948, -84.408444, -84.407919, -84.407686, -84.407529, -84.407284, -84.407061, -84.406783, -84.406543, -84.406402, -84.406312, -84.406124, -84.406067, -84.405944, -84.405889, -84.405554, -84.405435, -84.405104, -84.404919, -84.404773, -84.404663, -84.404497, -84.404377, -84.404231, -84.404057, -84.40403, -84.404741, 39.068362, 39.072727, 39.074757, 39.074857, 39.075962, 39.076156, 39.077358, 39.07794, 39.078462, 39.079858, 39.081162, 39.082561, 39.083249, 39.084683, 39.084663, 39.084624, 39.084616, 
39.08457, 39.08455, 39.084532, 39.084492, 39.084448, 39.084384, 39.084231, 39.084088, 39.084103, 39.084121, 39.084161, 39.084201, 39.084306, 39.084443, 39.084667, 39.085492, 39.085624, 39.085589, 39.085533, 39.085468, 39.085325, 39.085171, 39.08537, 39.085126, 39.084863, 39.083226, 39.081781, 39.081001, 39.080535, 39.078788, 39.077589, 39.076186, 39.075563, 39.075008, 39.074447, 39.074351, 39.07429, 39.07423, 39.073741, 39.073591, 39.073837, 39.074352, 39.075542, 39.077165, 39.077809, 39.077932, 
39.077884, 39.078, 39.077857, 39.076528, 39.074597, 39.074005, 39.073268, 39.072842, 39.070111, 39.066834, 39.06572, 39.061845, 39.060672, 39.05874, 39.058245, 39.057781, 39.057655, 39.057534, 39.057438, 39.056976, 39.056604, 39.056455, 39.054785, 39.054208, 39.053824, 39.053096, 39.052874, 39.052788, 39.052854, 39.054069, 39.054662, 39.055532, 39.055579, 39.05544, 39.055094, 39.054543, 39.053573, 39.053042, 39.052808, 39.052206, 39.051885, 39.052841, 39.054862, 39.056008, 39.056188, 39.056253, 39.056356, 
39.056861, 39.057982, 39.058107, 39.058194, 39.058335, 39.05861, 39.058818, 39.058944, 39.059067, 39.05928, 39.059513, 39.060014, 39.061781, 39.061963, 39.062101, 39.062379, 39.06256, 39.063011, 39.063495, 39.063723, 39.063897, 39.064218, 39.06452, 39.064875, 39.065193, 39.065398, 39.065559, 39.065953, 39.066045, 39.066206, 39.066266, 39.066576, 39.066704, 39.06709, 39.067282, 39.067414, 39.067493, 39.067591, 39.067644, 39.067695, 39.067738, 39.067742, 39.068362)))"
2,1510.725785196228,1192.1815086406443,0,70.52058818392874,123.12579229644076,151.745429882105,158.12146145285817,112.22300423178416,211.62096229071193,218.93264646407968,283.3776434336057,237.02994371649768,100.30468788695087,37.370005837634736,115.45582221753965,128.21748238474396,162.8052649224001,110.70444447561921,101.74607634503944,121.84699127046,45.15668202764977,84218.15552995392,"list(list(c(-84.371958, -84.372429, -84.372612, -84.372756, -84.372931, -84.373101, -84.373889, -84.374521, -84.37472, -84.374764, -84.374762, -84.374743, -84.374709, -84.374022, -84.373933, -84.373476, -84.373328, -84.373244, -84.3732, -84.373186, -84.373189, -84.373234, -84.373281, -84.373323, -84.373373, -84.373429, -84.373882, -84.374567, -84.37478, -84.375006, -84.375776, -84.376469, -84.376764, -84.377264, -84.3773, -84.377368, -84.377428, -84.377479, -84.377516, -84.377539, -84.377547, -84.377508, 
-84.377474, -84.377456, -84.377426, -84.377368, -84.377549, -84.377642, -84.377736, -84.377835, -84.377936, -84.378742, -84.379988, -84.381403, -84.382011, -84.38207, -84.38212, -84.382143, -84.382177, -84.382483, -84.382767, -84.383502, -84.384173, -84.384455, -84.384844, -84.385199, -84.385908, -84.385897, -84.386979, -84.386924, -84.386886, -84.386755, -84.386336, -84.386285, -84.386156, -84.386008, -84.385956, -84.385849, -84.38524, -84.383489, -84.383329, -84.38148, -84.381406, -84.379429, -84.378555, 
-84.377621, -84.377382, -84.376041, -84.376004, -84.3759, -84.37551, -84.375423, -84.375294, -84.375149, -84.375022, -84.374886, -84.374745, -84.374601, -84.374416, -84.374269, -84.374088, -84.373982, -84.37321, -84.373078, -84.372975, -84.372316, -84.372283, -84.372128, -84.371964, -84.371855, -84.371748, -84.371616, -84.371958, 39.094689, 39.094697, 39.094714, 39.094738, 39.09478, 39.094837, 39.095082, 39.095279, 39.095328, 39.095339, 39.095357, 39.095415, 39.095471, 39.096159, 39.096243, 39.0967, 
39.096838, 39.09693, 39.097039, 39.097124, 39.097209, 39.097336, 39.097404, 39.097443, 39.097476, 39.097504, 39.097766, 39.098124, 39.098212, 39.098249, 39.098337, 39.098431, 39.098442, 39.098434, 39.098429, 39.098409, 39.098377, 39.098337, 39.098288, 39.098235, 39.098178, 39.097717, 39.097121, 39.097049, 39.096981, 39.096895, 39.096769, 39.096715, 39.096682, 39.096662, 39.096654, 39.096707, 39.096768, 39.096847, 39.096855, 39.096845, 39.096817, 39.096791, 39.096694, 39.094129, 39.094103, 39.094079, 
39.094129, 39.094155, 39.094177, 39.094182, 39.094132, 39.092659, 39.092541, 39.091561, 39.091402, 39.091127, 39.090569, 39.090493, 39.090322, 39.09015, 39.090111, 39.090048, 39.089733, 39.088828, 39.08874, 39.087776, 39.087733, 39.086739, 39.086293, 39.085783, 39.085628, 39.084597, 39.084567, 39.084483, 39.085039, 39.085127, 39.085224, 39.085305, 39.085357, 39.085396, 39.08542, 39.08543, 39.08543, 39.085442, 39.085472, 39.085499, 39.085739, 39.085795, 39.085837, 39.089052, 39.089277, 39.090501, 
39.091811, 39.092711, 39.093551, 39.094691, 39.094689)))"
3,2417.658023733921,1914.646156718621,233.35305181518962,20.95377279553286,191.50403349290156,267.03647421126186,429.2483062141715,283.24575900726444,326.2565874485459,403.57363302075225,226.8650958813811,274.66863817300305,137.64979322642614,69.11373655111454,161.79420473480118,295.03042582151426,338.8487803773482,147.77251726346944,53.76466697208982,102.13318090572533,38.774474885844754,65350.97716894977,"list(list(c(-84.382413, -84.383608, -84.384922, -84.387164, -84.387184, -84.387193, -84.387048, -84.386675, -84.386571, -84.38642, -84.386316, -84.386205, -84.386063, -84.386008, -84.386156, -84.386285, -84.386336, -84.386755, -84.386886, -84.386924, -84.386979, -84.385897, -84.385908, -84.385963, -84.385939, -84.385956, -84.386131, -84.387238, -84.387231, -84.387526, -84.387705, -84.388079, -84.388123, -84.388158, -84.388181, -84.388198, -84.388134, -84.388063, -84.388012, -84.388189, -84.388363, 
-84.388498, -84.388652, -84.388723, -84.388838, -84.389008, -84.38913, -84.389197, -84.389293, -84.389355, -84.389414, -84.38945, -84.389463, -84.389598, -84.389774, -84.38988, -84.389981, -84.390074, -84.390097, -84.390154, -84.390224, -84.390306, -84.390398, -84.390499, -84.390604, -84.390639, -84.391585, -84.391695, -84.391764, -84.391828, -84.391884, -84.391909, -84.392067, -84.392138, -84.392192, -84.392251, -84.3933, -84.393956, -84.396197, -84.396893, -84.394649, -84.395057, -84.395358, -84.394545, 
-84.393968, -84.393907, -84.393835, -84.393761, -84.393703, -84.389839, -84.390005, -84.39001, -84.390081, -84.390228, -84.390385, -84.390459, -84.390613, -84.390669, -84.390742, -84.391084, -84.391282, -84.391424, -84.391449, -84.391473, -84.391495, -84.388227, -84.388284, -84.388302, -84.388403, -84.388477, -84.38714, -84.38434, -84.384243, -84.383887, -84.383559, -84.38314, -84.383001, -84.382849, -84.382742, -84.382621, -84.382412, -84.382399, -84.382303, -84.382413, 39.080213, 39.08031, 39.08041, 
39.080577, 39.080615, 39.080656, 39.081794, 39.084704, 39.085638, 39.086876, 39.087733, 39.088687, 39.08987, 39.09015, 39.090322, 39.090493, 39.090569, 39.091127, 39.091402, 39.091561, 39.092541, 39.092659, 39.094132, 39.096207, 39.09664, 39.097269, 39.097295, 39.097261, 39.09697, 39.096983, 39.09697, 39.096943, 39.096929, 39.096904, 39.096871, 39.096596, 39.095408, 39.09398, 39.09386, 39.093847, 39.093819, 39.093785, 39.093733, 39.093703, 39.093656, 39.093539, 39.093438, 39.093371, 39.093251, 39.093149, 
39.093015, 39.092877, 39.092736, 39.091778, 39.091791, 39.091782, 39.091757, 39.091716, 39.091701, 39.091663, 39.0916, 39.091548, 39.091507, 39.09148, 39.091467, 39.091466, 39.091547, 39.091571, 39.091598, 39.091632, 39.091672, 39.091695, 39.091871, 39.091923, 39.091951, 39.091972, 39.092289, 39.092767, 39.094391, 39.093807, 39.092181, 39.09184, 39.091577, 39.091, 39.09058, 39.090529, 39.090452, 39.090338, 39.090206, 39.089915, 39.088579, 39.08854, 39.087964, 39.086777, 39.085555, 39.084941, 39.083686, 
39.083137, 39.082617, 39.081523, 39.080875, 39.079841, 39.079623, 39.079427, 39.079243, 39.079032, 39.078448, 39.078243, 39.077207, 39.076457, 39.076362, 39.076162, 39.077997, 39.07799, 39.077984, 39.077962, 39.07845, 39.079393, 39.07936, 39.079291, 39.079285, 39.079383, 39.080201, 39.080213)))"
4,795.9110189499412,698.8274034855249,15.429376378110849,8.81189452449126,45.98393868700356,57.949447572458205,48.59979382056958,147.07469422703326,159.34758481667487,87.23029277051707,88.31620922364708,128.97763076191262,55.769930474123555,22.64543528300493,14.528749797174711,47.08454190621942,135.1677604507342,59.147832048516904,42.975676393992856,114.65063787868908,42.33459399332591,103174.79087875417,"list(list(c(-84.433658, -84.435142, -84.435567, -84.437647, -84.437607, -84.43757, -84.437371, -84.436257, -84.435931, -84.435649, -84.435432, -84.435319, -84.435256, -84.43523, -84.435221, -84.435249, -84.435249, -84.435226, -84.435117, -84.434176, -84.434383, -84.435245, -84.435803, -84.436011, -84.436428, -84.436932, -84.437992, -84.438353, -84.438673, -84.439286, -84.440164, -84.442496, -84.442629, -84.444296, -84.445483, -84.445868, -84.446014, -84.44646, -84.446886, -84.448316, -84.449487, 
-84.449652, -84.449954, -84.45004, -84.450261, -84.450364, -84.450642, -84.451141, -84.45131, -84.452723, -84.453392, -84.454722, -84.457699, -84.458001, -84.458199, -84.458275, -84.459986, -84.461167, -84.462207, -84.461898, -84.461027, -84.461008, -84.46099, -84.46111, -84.461277, -84.462157, -84.461942, -84.461906, -84.461945, -84.46199, -84.462174, -84.462078, -84.459596, -84.458818, -84.457659, -84.456663, -84.454748, -84.45247, -84.451013, -84.450006, -84.448979, -84.447903, -84.446389, -84.445796, 
-84.445153, -84.444986, -84.444257, -84.443869, -84.443489, -84.443241, -84.44311, -84.442901, -84.442709, -84.442658, -84.44261, -84.441462, -84.440561, -84.440496, -84.440423, -84.440347, -84.440287, -84.440246, -84.440224, -84.440223, -84.440239, -84.440249, -84.440314, -84.440358, -84.440381, -84.440387, -84.440354, -84.440304, -84.440237, -84.440133, -84.439491, -84.438757, -84.43847, -84.438354, -84.438166, -84.437202, -84.43673, -84.436191, -84.435376, -84.435248, -84.435151, -84.435096, -84.432126, 
-84.433658, 39.117269, 39.117282, 39.117304, 39.117444, 39.117751, 39.117956, 39.118147, 39.119143, 39.119407, 39.119623, 39.119769, 39.119837, 39.119867, 39.119939, 39.120033, 39.120159, 39.120242, 39.12035, 39.120536, 39.121543, 39.12163, 39.122015, 39.122264, 39.121952, 39.121335, 39.1206, 39.119055, 39.118558, 39.118071, 39.1172, 39.117708, 39.119069, 39.119147, 39.120121, 39.120799, 39.121019, 39.121097, 39.121324, 39.121522, 39.122139, 39.122635, 39.122685, 39.122767, 39.122786, 39.122836, 
39.122853, 39.122902, 39.122985, 39.123013, 39.123286, 39.123411, 39.123711, 39.124433, 39.12451, 39.124548, 39.124563, 39.124815, 39.124989, 39.125142, 39.124966, 39.124475, 39.124398, 39.124326, 39.124263, 39.124265, 39.12425, 39.124119, 39.124107, 39.123654, 39.12292, 39.122955, 39.121872, 39.121537, 39.121479, 39.121075, 39.120761, 39.120157, 39.119233, 39.118417, 39.117813, 39.11725, 39.11647, 39.115293, 39.1147, 39.115073, 39.115191, 39.11571, 39.115395, 39.115085, 39.114884, 39.114788, 39.114638, 
39.114515, 39.114518, 39.114533, 39.115461, 39.116185, 39.116222, 39.116249, 39.116121, 39.115988, 39.115851, 39.115711, 39.115572, 39.115322, 39.115238, 39.114967, 39.114694, 39.114446, 39.114308, 39.114138, 39.113971, 39.113807, 39.113597, 39.11386, 39.114132, 39.114243, 39.114289, 39.114362, 39.114838, 39.115017, 39.115203, 39.115498, 39.115546, 39.115594, 39.115629, 39.117238, 39.117269)))"
5,1488.8159443438058,1197.6455529591535,205.57603903867687,12.782283218964443,56.053194543841684,102.77965994819576,101.92750773359813,469.4782733797094,148.3861656597021,235.43194954014706,138.93353544047991,182.34528242861614,91.21229759950828,18.321272613849032,70.05075554483528,237.4054890946012,256.3580516658841,148.6543300497044,56.16344721654748,90.02867354328887,36.83422619047619,76221.5767857143,"list(list(c(-84.386886, -84.386915, -84.386928, -84.386964, -84.387033, -84.38712, -84.387225, -84.387943, -84.388547, -84.38862, -84.388851, -84.38907, -84.389329, -84.38957, -84.389847, -84.389964, -84.3901, -84.390427, -84.390763, -84.391271, -84.391595, -84.391669, -84.392606, -84.393073, -84.39314, -84.393253, -84.393429, -84.393634, -84.393668, -84.393762, -84.393914, -84.394188, -84.39514, -84.396041, -84.396404, -84.398138, -84.398101, -84.398041, -84.399843, -84.401144, -84.400841, -84.401243, 
-84.401661, -84.401701, -84.402222, -84.402723, -84.403335, -84.403935, -84.404108, -84.400848, -84.400916, -84.401042, -84.401161, -84.401296, -84.401417, -84.401813, -84.40214, -84.402292, -84.402627, -84.401301, -84.400638, -84.39824, -84.398441, -84.395741, -84.396137, -84.397951, -84.398939, -84.398665, -84.398173, -84.398104, -84.397597, -84.396893, -84.396197, -84.393956, -84.3933, -84.392251, -84.392192, -84.392138, -84.392067, -84.391909, -84.391884, -84.391828, -84.391764, -84.391695, -84.391585, 
-84.390639, -84.390604, -84.390499, -84.390398, -84.390306, -84.390224, -84.390154, -84.390097, -84.390074, -84.389981, -84.38988, -84.389774, -84.389598, -84.389463, -84.38945, -84.389414, -84.389355, -84.389293, -84.389197, -84.38913, -84.389008, -84.388838, -84.388723, -84.388652, -84.388498, -84.388363, -84.388189, -84.388012, -84.388063, -84.388134, -84.388198, -84.388181, -84.388158, -84.388123, -84.388079, -84.387705, -84.387526, -84.387231, -84.387238, -84.387213, -84.387046, -84.386965, 
-84.386876, -84.386886, 39.101189, 39.101353, 39.101396, 39.101514, 39.101671, 39.101822, 39.101966, 39.102752, 39.103332, 39.103395, 39.103574, 39.103721, 39.103875, 39.103999, 39.104126, 39.104173, 39.104227, 39.104338, 39.10443, 39.104532, 39.104573, 39.104583, 39.104671, 39.104716, 39.104725, 39.104739, 39.104775, 39.104834, 39.104851, 39.104885, 39.104951, 39.105095, 39.104259, 39.10486, 39.104931, 39.105262, 39.105456, 39.105761, 39.105763, 39.106761, 39.107659, 39.10826, 39.108783, 39.108761, 
39.10852, 39.108207, 39.107861, 39.107549, 39.107456, 39.105015, 39.104992, 39.104939, 39.104875, 39.104784, 39.104681, 39.104246, 39.103941, 39.103801, 39.103492, 39.102595, 39.10216, 39.101761, 39.099663, 39.09826, 39.09766, 39.095456, 39.094091, 39.093891, 39.093636, 39.093594, 39.093222, 39.093807, 39.094391, 39.092767, 39.092289, 39.091972, 39.091951, 39.091923, 39.091871, 39.091695, 39.091672, 39.091632, 39.091598, 39.091571, 39.091547, 39.091466, 39.091467, 39.09148, 39.091507, 39.091548, 
39.0916, 39.091663, 39.091701, 39.091716, 39.091757, 39.091782, 39.091791, 39.091778, 39.092736, 39.092877, 39.093015, 39.093149, 39.093251, 39.093371, 39.093438, 39.093539, 39.093656, 39.093703, 39.093733, 39.093785, 39.093819, 39.093847, 39.09386, 39.09398, 39.095408, 39.096596, 39.096871, 39.096904, 39.096929, 39.096943, 39.09697, 39.096983, 39.09697, 39.097261, 39.098152, 39.099092, 39.100204, 39.101024, 39.101189)))"
6,1385.809545607896,1253.912386137195,34.523393636930756,20.128338405157045,14.646288209606986,164.16240810586686,138.79574897089321,133.5439691530524,203.02305248944373,264.68785089344743,138.69226368661595,179.9170488712101,139.7324630688631,23.25474036850326,87.72889334847254,95.46055288372473,171.66050898192154,124.15689314731148,67.44912735281368,114.61046336971619,42.760098826436064,94589.94502779494,"list(list(c(-84.393703, -84.393761, -84.393835, -84.393907, -84.393968, -84.394545, -84.395358, -84.395057, -84.394649, -84.396893, -84.397597, -84.398104, -84.398173, -84.398665, -84.398939, -84.399987, -84.401114, -84.401139, -84.405242, -84.405038, -84.410535, -84.411959, -84.412095, -84.412776, -84.412697, -84.412208, -84.41213, -84.41207, -84.411858, -84.411321, -84.410776, -84.410723, -84.410626, -84.410512, -84.410381, -84.409769, -84.409631, -84.409453, -84.409289, -84.408395, -84.407962, 
-84.407618, -84.406945, -84.4066, -84.40638, -84.409602, -84.410158, -84.410428, -84.41065, -84.41077, -84.410792, -84.411207, -84.411385, -84.411834, -84.411989, -84.412205, -84.41232, -84.412366, -84.412567, -84.412739, -84.413016, -84.413332, -84.413545, -84.413758, -84.414041, -84.414116, -84.414363, -84.414523, -84.414818, -84.41476, -84.414879, -84.415219, -84.41549, -84.41639, -84.416828, -84.416937, -84.417611, -84.417726, -84.41861, -84.418842, -84.419351, -84.419721, -84.419877, -84.420461, 
-84.421356, -84.421261, -84.421128, -84.420797, -84.420572, -84.420424, -84.420247, -84.420191, -84.419919, -84.418212, -84.417767, -84.417481, -84.41725, -84.417167, -84.417047, -84.416952, -84.416482, -84.416155, -84.415839, -84.415672, -84.415516, -84.415314, -84.415147, -84.414861, -84.413906, -84.413818, -84.413585, -84.413507, -84.413347, -84.413187, -84.412968, -84.412866, -84.410842, -84.409927, -84.409663, -84.409531, -84.408544, -84.407833, -84.407745, -84.407527, -84.407355, -84.407263, 
-84.407208, -84.406147, -84.405976, -84.405828, -84.405734, -84.405242, -84.405029, -84.404978, -84.404949, -84.404885, -84.404819, -84.404756, -84.404003, -84.40286, -84.40274, -84.39824, -84.402025, -84.40157, -84.401043, -84.400506, -84.399243, -84.39804, -84.397869, -84.397332, -84.39714, -84.396816, -84.39541, -84.394277, -84.394244, -84.394237, -84.394434, -84.395753, -84.395791, -84.395813, -84.395119, -84.395613, -84.396429, -84.396477, -84.396565, -84.396434, -84.396179, -84.39585, -84.395757, 
-84.394919, -84.394763, -84.394798, -84.394564, -84.394381, -84.394315, -84.394287, -84.39428, -84.392888, -84.392868, -84.392245, -84.392237, -84.392237, -84.391473, -84.391449, -84.391424, -84.391282, -84.391084, -84.390742, -84.390669, -84.390613, -84.390459, -84.390385, -84.390228, -84.390081, -84.39001, -84.390005, -84.389839, -84.393703, 39.090206, 39.090338, 39.090452, 39.090529, 39.09058, 39.091, 39.091577, 39.09184, 39.092181, 39.093807, 39.093222, 39.093594, 39.093636, 39.093891, 39.094091, 
39.092647, 39.091095, 39.091061, 39.090361, 39.089759, 39.092183, 39.092811, 39.092851, 39.09307, 39.093222, 39.094282, 39.094487, 39.094443, 39.094288, 39.095489, 39.095212, 39.095336, 39.095513, 39.095684, 39.095847, 39.096581, 39.096715, 39.09686, 39.096974, 39.097536, 39.097876, 39.098166, 39.098827, 39.09922, 39.099486, 39.101484, 39.101731, 39.10188, 39.101995, 39.102067, 39.102025, 39.101488, 39.100966, 39.100217, 39.099836, 39.09849, 39.098357, 39.098073, 39.097697, 39.096922, 39.09666, 39.095863, 
39.095703, 39.095255, 39.094958, 39.094785, 39.094413, 39.093709, 39.091867, 39.091646, 39.090902, 39.090538, 39.090024, 39.089102, 39.088424, 39.088038, 39.087059, 39.086926, 39.086397, 39.086419, 39.086179, 39.086214, 39.086121, 39.085995, 39.085513, 39.08537, 39.085171, 39.085325, 39.085468, 39.085533, 39.085589, 39.085624, 39.085492, 39.084667, 39.084443, 39.084306, 39.084201, 39.084161, 39.084121, 39.084103, 39.084088, 39.084231, 39.084384, 39.084448, 39.084492, 39.084532, 39.08455, 39.08457, 
39.084616, 39.084624, 39.084663, 39.084683, 39.084723, 39.084775, 39.084866, 39.084918, 39.083481, 39.083529, 39.082445, 39.082094, 39.083309, 39.084183, 39.084265, 39.08443, 39.084581, 39.084671, 39.084747, 39.086062, 39.086269, 39.086467, 39.086577, 39.087191, 39.087434, 39.087466, 39.087478, 39.087491, 39.08749, 39.087476, 39.087141, 39.086605, 39.086565, 39.084462, 39.079854, 39.079308, 39.07937, 39.079434, 39.08025, 39.081385, 39.081546, 39.081557, 39.081561, 39.081607, 39.081808, 39.082386, 
39.081488, 39.081201, 39.081192, 39.08107, 39.079633, 39.079557, 39.079531, 39.07861, 39.077565, 39.077504, 39.077387, 39.077311, 39.077148, 39.076938, 39.077104, 39.078572, 39.079156, 39.079353, 39.07937, 39.079362, 39.079465, 39.079729, 39.07978, 39.079726, 39.079907, 39.079859, 39.07965, 39.079504, 39.079427, 39.079623, 39.079841, 39.080875, 39.081523, 39.082617, 39.083137, 39.083686, 39.084941, 39.085555, 39.086777, 39.087964, 39.08854, 39.088579, 39.089915, 39.090206)))"
7,1116.6017192111474,846.5365587738504,145.39937731493907,0,116.78342046303212,144.63169335627146,252.29621787097787,126.28915976603969,178.79359095094975,162.26766389390798,97.4727236530162,74.28385068274905,56.80058651637728,23.766232520858228,102.51277239214149,139.94163708634673,158.0599967583687,50.35118019874014,12.226099092812282,16.148663191901967,32.64229508196721,48734.70054644809,"list(list(c(-84.38148, -84.383329, -84.383489, -84.38524, -84.385849, -84.385956, -84.386008, -84.386063, -84.386205, -84.386316, -84.38642, -84.386571, -84.386675, -84.387048, -84.387193, -84.387184, -84.387164, -84.384922, -84.383608, -84.382413, -84.382303, -84.382135, -84.382094, -84.382058, -84.381808, -84.381655, -84.381564, -84.381545, -84.381406, -84.38148, 39.087776, 39.08874, 39.088828, 39.089733, 39.090048, 39.090111, 39.09015, 39.08987, 39.088687, 39.087733, 39.086876, 39.085638, 39.084704, 
39.081794, 39.080656, 39.080615, 39.080577, 39.08041, 39.08031, 39.080213, 39.080201, 39.081629, 39.081986, 39.082299, 39.084386, 39.085717, 39.086413, 39.086562, 39.087733, 39.087776)))"
8,791.3512803676954,708.3348653972423,20.484569927774132,5.390676296782666,60.37557452396586,84.09455022980958,70.61785948785293,143.93105712409718,214.54891661195012,66.84438608010505,92.71963230466186,102.96191726854892,11.320420223243598,4.312541037426133,3.2344057780695996,47.97701904136573,130.99343401181878,54.984898227183194,42.04727511490479,113.74326986211425,32.8,105375,"list(list(c(-84.426386, -84.426397, -84.426466, -84.426553, -84.426616, -84.427445, -84.427508, -84.427566, -84.42764, -84.427697, -84.427733, -84.427748, -84.42774, -84.427683, -84.427611, -84.42751, -84.427476, -84.42746, -84.427462, -84.427476, -84.427553, -84.4276, -84.42779, -84.427977, -84.428295, -84.42861, -84.428941, -84.429294, -84.429428, -84.429507, -84.429524, -84.429581, -84.42958, -84.42944, -84.429305, -84.428384, -84.428382, -84.431441, -84.431651, -84.432384, -84.432804, -84.434176, 
-84.435117, -84.435226, -84.435249, -84.435249, -84.435221, -84.43523, -84.435256, -84.435319, -84.435432, -84.435649, -84.435931, -84.436257, -84.437371, -84.43757, -84.437607, -84.437647, -84.435567, -84.435142, -84.433658, -84.432126, -84.435096, -84.435151, -84.435248, -84.435376, -84.436191, -84.435951, -84.435648, -84.435325, -84.435047, -84.434507, -84.434407, -84.434195, -84.43398, -84.433939, -84.43377, -84.433564, -84.433319, -84.433131, -84.433021, -84.432872, -84.432746, -84.432579, -84.43244, 
-84.432263, -84.432083, -84.431903, -84.431689, -84.431479, -84.431343, -84.430719, -84.430414, -84.430192, -84.430012, -84.429841, -84.429682, -84.429536, -84.429361, -84.429201, -84.429041, -84.428664, -84.428542, -84.42841, -84.42827, -84.428127, -84.427984, -84.427878, -84.427741, -84.426655, -84.426573, -84.426501, -84.42644, -84.426379, -84.426368, -84.426367, -84.426386, 39.115275, 39.115359, 39.11558, 39.115798, 39.115931, 39.116193, 39.116218, 39.116251, 39.11631, 39.116381, 39.116459, 39.116541, 
39.116624, 39.116788, 39.116948, 39.117129, 39.117296, 39.117464, 39.117604, 39.117744, 39.117918, 39.117986, 39.118087, 39.118166, 39.118282, 39.118408, 39.118503, 39.118498, 39.118529, 39.118597, 39.118611, 39.118882, 39.119215, 39.119547, 39.119877, 39.120229, 39.120248, 39.120921, 39.120978, 39.121152, 39.121237, 39.121543, 39.120536, 39.12035, 39.120242, 39.120159, 39.120033, 39.119939, 39.119867, 39.119837, 39.119769, 39.119623, 39.119407, 39.119143, 39.118147, 39.117956, 39.117751, 39.117444, 
39.117304, 39.117282, 39.117269, 39.117238, 39.115629, 39.115594, 39.115546, 39.115498, 39.115203, 39.114766, 39.114259, 39.113758, 39.113877, 39.114129, 39.114172, 39.114262, 39.114493, 39.114536, 39.114833, 39.115057, 39.115293, 39.115457, 39.11553, 39.115609, 39.115662, 39.115715, 39.115746, 39.115771, 39.115779, 39.115774, 39.115751, 39.115709, 39.115671, 39.115558, 39.115503, 39.115418, 39.115332, 39.115233, 39.115125, 39.115004, 39.114828, 39.114642, 39.114424, 39.114145, 39.114086, 39.114042, 
39.114013, 39.114002, 39.114007, 39.114022, 39.114057, 39.114461, 39.114514, 39.114575, 39.114643, 39.114743, 39.114769, 39.115022, 39.115275)))"
9,1966.7438580405374,1817.9970378698522,22.409113495797644,0.09719626168224299,40.17695089841151,169.73058616809345,441.7432715192953,121.32088092954491,180.76834579102055,474.60990071197676,201.74002642616603,249.63408938670148,60.52125115593528,66.67550595180344,32.81620831099065,153.23174177122186,306.5858715820141,175.12854566860787,48.084615215473164,71.20730707579284,42.74654377880184,86399.89664252798,"list(list(c(-84.36884, -84.373806, -84.37476, -84.374743, -84.372808, -84.37042, -84.369836, -84.369879, -84.370242, -84.370311, -84.370397, -84.370466, -84.370777, -84.37088, -84.37103, -84.372398, -84.372625, -84.372739, -84.372975, -84.373078, -84.37321, -84.373982, -84.374088, -84.374269, -84.374416, -84.374601, -84.374745, -84.374886, -84.375022, -84.375149, -84.375294, -84.375423, -84.37551, -84.3759, -84.376004, -84.376041, -84.377382, -84.377621, -84.378555, -84.379429, -84.381406, -84.381545, 
-84.381564, -84.381655, -84.381808, -84.382058, -84.382094, -84.382135, -84.382303, -84.382399, -84.382412, -84.382239, -84.382297, -84.381721, -84.381706, -84.381427, -84.381045, -84.380138, -84.380161, -84.380239, -84.379874, -84.379579, -84.379587, -84.379251, -84.37834, -84.37714, -84.377015, -84.376757, -84.376848, -84.376291, -84.375335, -84.375114, -84.375197, -84.375283, -84.375369, -84.375408, -84.375469, -84.375494, -84.375356, -84.375231, -84.375207, -84.372518, -84.371055, -84.3705, -84.369713, 
-84.369208, -84.369065, -84.36886, -84.368755, -84.36884, 39.074462, 39.08051, 39.081261, 39.081423, 39.081242, 39.081193, 39.084682, 39.084728, 39.085035, 39.085097, 39.085191, 39.085293, 39.085989, 39.086223, 39.086189, 39.086007, 39.085964, 39.085933, 39.085837, 39.085795, 39.085739, 39.085499, 39.085472, 39.085442, 39.08543, 39.08543, 39.08542, 39.085396, 39.085357, 39.085305, 39.085224, 39.085127, 39.085039, 39.084483, 39.084567, 39.084597, 39.085628, 39.085783, 39.086293, 39.086739, 39.087733, 
39.086562, 39.086413, 39.085717, 39.084386, 39.082299, 39.081986, 39.081629, 39.080201, 39.079383, 39.079285, 39.079256, 39.079136, 39.079109, 39.07929, 39.079277, 39.079264, 39.07916, 39.079079, 39.078763, 39.078762, 39.078762, 39.078418, 39.078394, 39.078362, 39.078262, 39.07826, 39.07824, 39.077837, 39.077804, 39.077742, 39.077731, 39.07691, 39.07609, 39.075261, 39.074834, 39.074277, 39.07416, 39.074154, 39.07415, 39.074149, 39.073945, 39.073835, 39.073798, 39.073735, 39.073696, 39.073677, 39.073634, 
39.073603, 39.074462)))"
10,1521.1623758034189,1234.006862859858,27.71318219231646,17.894699889922084,62.534465089994264,119.64325934280015,273.73612195194914,282.6410637764709,236.63730252131754,234.06194727739882,122.69559416072552,124.19243931944283,59.56562781407227,67.98901963924152,42.47006635539654,138.21635133991225,235.43259228490993,113.19068971521214,50.715224493819306,125.54906497535146,32.87441860465116,81532.32624584717,"list(list(c(-84.401485, -84.401598, -84.401798, -84.401937, -84.403794, -84.404819, -84.405341, -84.405963, -84.406833, -84.408323, -84.413043, -84.413066, -84.413411, -84.414008, -84.414688, -84.414969, -84.415301, -84.415782, -84.416622, -84.416753, -84.417541, -84.418025, -84.418374, -84.41762, -84.417206, -84.417484, -84.418472, -84.418549, -84.418665, -84.418686, -84.418714, -84.418723, -84.418756, -84.418808, -84.419634, -84.419868, -84.420061, -84.42009, -84.420233, -84.420786, -84.421516, 
-84.421623, -84.422017, -84.422449, -84.422592, -84.422732, -84.422866, -84.423595, -84.424363, -84.424802, -84.425493, -84.425571, -84.425675, -84.424686, -84.423979, -84.423693, -84.423374, -84.423055, -84.422981, -84.423897, -84.424831, -84.425575, -84.426101, -84.427853, -84.428187, -84.428382, -84.428384, -84.429305, -84.42944, -84.42958, -84.429581, -84.429524, -84.429507, -84.429428, -84.429294, -84.428941, -84.42861, -84.428295, -84.427977, -84.42779, -84.4276, -84.427553, -84.427476, -84.427462, 
-84.42746, -84.427476, -84.42751, -84.427611, -84.427683, -84.42774, -84.427748, -84.427733, -84.427697, -84.42764, -84.427566, -84.427508, -84.427445, -84.426616, -84.426553, -84.426466, -84.426397, -84.426386, -84.426367, -84.426368, -84.426379, -84.42644, -84.426501, -84.426573, -84.426655, -84.427741, -84.427878, -84.427984, -84.428127, -84.42827, -84.42841, -84.428542, -84.428664, -84.429041, -84.429201, -84.429361, -84.429536, -84.429682, -84.429841, -84.430012, -84.430192, -84.430414, -84.430719, 
-84.431343, -84.431479, -84.431689, -84.431903, -84.432083, -84.432263, -84.43244, -84.432579, -84.432746, -84.432872, -84.433021, -84.433131, -84.433319, -84.433564, -84.43377, -84.433939, -84.43398, -84.434195, -84.434407, -84.434507, -84.435047, -84.435325, -84.435648, -84.435951, -84.436191, -84.43673, -84.437202, -84.438166, -84.438354, -84.43847, -84.438757, -84.439491, -84.440133, -84.440237, -84.440304, -84.440354, -84.440387, -84.440381, -84.440358, -84.440314, -84.440249, -84.440239, -84.440223, 
-84.440224, -84.440246, -84.440287, -84.440347, -84.440423, -84.440496, -84.440561, -84.441462, -84.44261, -84.442658, -84.442709, -84.442901, -84.44311, -84.443241, -84.443489, -84.443869, -84.444257, -84.444986, -84.445153, -84.445796, -84.445072, -84.443836, -84.44365, -84.44322, -84.443049, -84.442515, -84.442046, -84.440986, -84.440462, -84.440068, -84.439617, -84.439442, -84.43892, -84.437827, -84.43734, -84.436932, -84.436307, -84.436219, -84.435388, -84.43516, -84.43497, -84.43459, -84.43399, 
-84.433919, -84.433827, -84.433767, -84.433947, -84.434408, -84.434813, -84.435018, -84.435059, -84.435052, -84.43547, -84.435492, -84.435427, -84.435354, -84.434844, -84.434477, -84.433718, -84.433816, -84.433948, -84.434213, -84.434143, -84.433573, -84.433431, -84.433385, -84.432392, -84.432252, -84.432067, -84.431512, -84.430578, -84.43019, -84.429493, -84.428682, -84.42803, -84.427176, -84.427071, -84.426964, -84.426814, -84.426496, -84.426267, -84.426117, -84.425316, -84.42387, -84.422759, -84.422688, 
-84.422741, -84.422785, -84.421877, -84.421541, -84.421261, -84.421356, -84.420461, -84.419877, -84.419721, -84.419351, -84.418842, -84.41861, -84.417726, -84.417611, -84.416937, -84.416828, -84.41639, -84.41549, -84.415219, -84.414879, -84.41476, -84.414818, -84.414523, -84.414363, -84.414116, -84.414041, -84.413758, -84.413545, -84.413332, -84.413016, -84.412739, -84.412567, -84.412366, -84.41232, -84.412205, -84.411989, -84.411834, -84.411385, -84.411207, -84.410792, -84.41077, -84.41065, -84.410428, 
-84.410345, -84.410098, -84.410077, -84.410063, -84.410007, -84.409731, -84.409597, -84.409463, -84.409406, -84.40918, -84.408926, -84.408581, -84.408193, -84.407558, -84.4071, -84.406705, -84.40624, -84.405457, -84.404365, -84.404108, -84.403935, -84.403335, -84.402723, -84.402222, -84.401701, -84.401661, -84.401447, -84.401371, -84.401485, 39.109085, 39.109215, 39.109447, 39.109608, 39.111725, 39.112802, 39.113294, 39.113809, 39.114495, 39.115461, 39.117949, 39.117961, 39.118153, 39.118471, 39.118832, 
39.118982, 39.119159, 39.119414, 39.119857, 39.119927, 39.120343, 39.120599, 39.120891, 39.121783, 39.122218, 39.122448, 39.123026, 39.123197, 39.123558, 39.12364, 39.123751, 39.123806, 39.123913, 39.124016, 39.12452, 39.124653, 39.124782, 39.124805, 39.124914, 39.125338, 39.125899, 39.125909, 39.125935, 39.125947, 39.125954, 39.125975, 39.126011, 39.126286, 39.126575, 39.126744, 39.126994, 39.12665, 39.125492, 39.124496, 39.123784, 39.123475, 39.123159, 39.12281, 39.122729, 39.122319, 39.121908, 
39.121336, 39.121838, 39.121945, 39.121988, 39.120248, 39.120229, 39.119877, 39.119547, 39.119215, 39.118882, 39.118611, 39.118597, 39.118529, 39.118498, 39.118503, 39.118408, 39.118282, 39.118166, 39.118087, 39.117986, 39.117918, 39.117744, 39.117604, 39.117464, 39.117296, 39.117129, 39.116948, 39.116788, 39.116624, 39.116541, 39.116459, 39.116381, 39.11631, 39.116251, 39.116218, 39.116193, 39.115931, 39.115798, 39.11558, 39.115359, 39.115275, 39.115022, 39.114769, 39.114743, 39.114643, 39.114575, 
39.114514, 39.114461, 39.114057, 39.114022, 39.114007, 39.114002, 39.114013, 39.114042, 39.114086, 39.114145, 39.114424, 39.114642, 39.114828, 39.115004, 39.115125, 39.115233, 39.115332, 39.115418, 39.115503, 39.115558, 39.115671, 39.115709, 39.115751, 39.115774, 39.115779, 39.115771, 39.115746, 39.115715, 39.115662, 39.115609, 39.11553, 39.115457, 39.115293, 39.115057, 39.114833, 39.114536, 39.114493, 39.114262, 39.114172, 39.114129, 39.113877, 39.113758, 39.114259, 39.114766, 39.115203, 39.115017, 
39.114838, 39.114362, 39.114289, 39.114243, 39.114132, 39.11386, 39.113597, 39.113807, 39.113971, 39.114138, 39.114308, 39.114446, 39.114694, 39.114967, 39.115238, 39.115322, 39.115572, 39.115711, 39.115851, 39.115988, 39.116121, 39.116249, 39.116222, 39.116185, 39.115461, 39.114533, 39.114518, 39.114515, 39.114638, 39.114788, 39.114884, 39.115085, 39.115395, 39.11571, 39.115191, 39.115073, 39.1147, 39.113976, 39.112818, 39.11262, 39.112174, 39.111975, 39.111325, 39.110742, 39.109557, 39.108928, 
39.108258, 39.107703, 39.107208, 39.106453, 39.105137, 39.104482, 39.10368, 39.102557, 39.102398, 39.100885, 39.100362, 39.099664, 39.098371, 39.096574, 39.096219, 39.09557, 39.094863, 39.094258, 39.093511, 39.092755, 39.092349, 39.092089, 39.090733, 39.088062, 39.087035, 39.086833, 39.086604, 39.085659, 39.085143, 39.084225, 39.083588, 39.082317, 39.0811, 39.080415, 39.078915, 39.078584, 39.078, 39.077884, 39.077932, 39.077809, 39.077165, 39.075542, 39.074352, 39.073837, 39.073591, 39.073741, 39.07423, 
39.07429, 39.074351, 39.074447, 39.075008, 39.075563, 39.076186, 39.077589, 39.078788, 39.080535, 39.081001, 39.081781, 39.083226, 39.084863, 39.085126, 39.08537, 39.085513, 39.085995, 39.086121, 39.086214, 39.086179, 39.086419, 39.086397, 39.086926, 39.087059, 39.088038, 39.088424, 39.089102, 39.090024, 39.090538, 39.090902, 39.091646, 39.091867, 39.093709, 39.094413, 39.094785, 39.094958, 39.095255, 39.095703, 39.095863, 39.09666, 39.096922, 39.097697, 39.098073, 39.098357, 39.09849, 39.099836, 
39.100217, 39.100966, 39.101488, 39.102025, 39.102067, 39.101995, 39.10188, 39.102004, 39.102317, 39.102405, 39.102597, 39.102696, 39.10302, 39.103185, 39.103531, 39.103712, 39.104064, 39.104421, 39.104865, 39.105299, 39.105783, 39.106083, 39.106232, 39.106485, 39.106863, 39.107318, 39.107456, 39.107549, 39.107861, 39.108207, 39.10852, 39.108761, 39.108783, 39.108903, 39.108952, 39.109085)))"
11,1760.4991682096004,1350.2473605267346,256.0260336906585,37.13632415186605,24.719754977029098,315.2524043238713,116.74382699119383,461.9348573232176,249.14946733941275,227.95841497618383,139.9462703867331,127.14631417937358,102.58317948957743,19.78443320003705,80.6469715185975,381.06650096802423,233.2311959167634,97.5398562486343,41.528947654755726,82.27497551838526,30.751967005076143,54007.1192893401,"list(list(c(-84.377625, -84.377734, -84.377989, -84.378108, -84.379046, -84.379953, -84.383, -84.383256, -84.383432, -84.383678, -84.38384, -84.384171, -84.38429, -84.384318, -84.384332, -84.384282, -84.384254, -84.384175, -84.384041, -84.383907, -84.38378, -84.383646, -84.383577, -84.383518, -84.383186, -84.382911, -84.382805, -84.382733, -84.382629, -84.382522, -84.382388, -84.382332, -84.382332, -84.382268, -84.382006, -84.381978, -84.381921, -84.381801, -84.381787, -84.381568, -84.381462, -84.381484, 
-84.381498, -84.381434, -84.381388, -84.381413, -84.38144, -84.381441, -84.381443, -84.381423, -84.381742, -84.38234, -84.382665, -84.382715, -84.382891, -84.382983, -84.383124, -84.383237, -84.383828, -84.384886, -84.390848, -84.391112, -84.39131, -84.392518, -84.39314, -84.393073, -84.392606, -84.391669, -84.391595, -84.391271, -84.390763, -84.390427, -84.3901, -84.389964, -84.389847, -84.38957, -84.389329, -84.38907, -84.388851, -84.38862, -84.388547, -84.387943, -84.387225, -84.38712, -84.387033, 
-84.386964, -84.386928, -84.386915, -84.386886, -84.386876, -84.386965, -84.387046, -84.387213, -84.387238, -84.386131, -84.385956, -84.385939, -84.385963, -84.385908, -84.385199, -84.384844, -84.384455, -84.384173, -84.383502, -84.382767, -84.382483, -84.382177, -84.382143, -84.38212, -84.38207, -84.382011, -84.381403, -84.379988, -84.378742, -84.377936, -84.377921, -84.377568, -84.377625, 39.099773, 39.099771, 39.099787, 39.09978, 39.099363, 39.098114, 39.098173, 39.098345, 39.098514, 39.098707, 
39.098872, 39.09935, 39.099493, 39.099663, 39.099784, 39.099911, 39.10001, 39.100126, 39.100225, 39.100275, 39.100308, 39.100373, 39.100435, 39.100489, 39.100665, 39.1009, 39.100983, 39.101053, 39.101158, 39.101324, 39.101438, 39.101532, 39.101598, 39.101712, 39.102255, 39.102541, 39.102744, 39.103056, 39.103231, 39.103642, 39.103774, 39.103872, 39.104135, 39.104272, 39.104344, 39.104401, 39.104512, 39.104559, 39.104626, 39.104734, 39.104662, 39.104862, 39.105136, 39.105136, 39.105191, 39.105196, 
39.105218, 39.10527, 39.106354, 39.107617, 39.108061, 39.108063, 39.108066, 39.105112, 39.104725, 39.104716, 39.104671, 39.104583, 39.104573, 39.104532, 39.10443, 39.104338, 39.104227, 39.104173, 39.104126, 39.103999, 39.103875, 39.103721, 39.103574, 39.103395, 39.103332, 39.102752, 39.101966, 39.101822, 39.101671, 39.101514, 39.101396, 39.101353, 39.101189, 39.101024, 39.100204, 39.099092, 39.098152, 39.097261, 39.097295, 39.097269, 39.09664, 39.096207, 39.094132, 39.094182, 39.094177, 39.094155, 
39.094129, 39.094079, 39.094103, 39.094129, 39.096694, 39.096791, 39.096817, 39.096845, 39.096855, 39.096847, 39.096768, 39.096707, 39.096654, 39.098385, 39.099784, 39.099773)))"
12,721.3405754550793,703.1996476805637,0,8.593071051086318,0,115.52906635349383,83.54374633000587,68.26717557251908,117.43863769817968,102.1620669406929,84.02113916617733,91.659424544920725,41.05578391074574,17.6635349383441,24.347034644744568,40.100998238402816,120.78038755137992,72.08631826189078,42.48796241926013,25.779213153258954,35.8,81167,"list(list(c(-84.376639, -84.375903, -84.375976, -84.376244, -84.376357, -84.376523, -84.380642, -84.380459, -84.380441, -84.380556, -84.381072, -84.381423, -84.381443, -84.381441, -84.38144, -84.381413, -84.381388, -84.381434, -84.381498, -84.381484, -84.381462, -84.381568, -84.381787, -84.381801, -84.381921, -84.381978, -84.382006, -84.382268, -84.382332, -84.382332, -84.382388, -84.382522, -84.382629, -84.382733, -84.382805, -84.382911, -84.383186, -84.383518, -84.383577, -84.383646, -84.38378, 
-84.383907, -84.384041, -84.384175, -84.384254, -84.384282, -84.384332, -84.384318, -84.38429, -84.384171, -84.38384, -84.383678, -84.383432, -84.383256, -84.383, -84.379953, -84.379046, -84.378108, -84.377989, -84.377734, -84.377625, -84.377568, -84.377921, -84.377936, -84.377835, -84.377736, -84.377642, -84.377549, -84.377368, -84.377426, -84.377456, -84.377474, -84.377508, -84.377547, -84.377539, -84.377516, -84.377479, -84.377428, -84.377368, -84.3773, -84.377264, -84.376764, -84.376469, -84.375776, 
-84.375006, -84.37478, -84.374567, -84.373882, -84.373429, -84.373373, -84.373323, -84.373281, -84.373234, -84.373189, -84.373186, -84.3732, -84.373244, -84.373328, -84.373476, -84.373933, -84.374022, -84.374709, -84.374743, -84.374762, -84.374764, -84.37472, -84.374521, -84.373889, -84.373101, -84.372931, -84.372756, -84.372612, -84.372429, -84.371958, -84.371616, -84.371496, -84.371334, -84.37125, -84.37116, -84.37104, -84.376639, 39.100163, 39.1029, 39.102921, 39.10303, 39.103077, 39.103176, 39.104262, 
39.104897, 39.104961, 39.104934, 39.104815, 39.104734, 39.104626, 39.104559, 39.104512, 39.104401, 39.104344, 39.104272, 39.104135, 39.103872, 39.103774, 39.103642, 39.103231, 39.103056, 39.102744, 39.102541, 39.102255, 39.101712, 39.101598, 39.101532, 39.101438, 39.101324, 39.101158, 39.101053, 39.100983, 39.1009, 39.100665, 39.100489, 39.100435, 39.100373, 39.100308, 39.100275, 39.100225, 39.100126, 39.10001, 39.099911, 39.099784, 39.099663, 39.099493, 39.09935, 39.098872, 39.098707, 39.098514, 
39.098345, 39.098173, 39.098114, 39.099363, 39.09978, 39.099787, 39.099771, 39.099773, 39.099784, 39.098385, 39.096654, 39.096662, 39.096682, 39.096715, 39.096769, 39.096895, 39.096981, 39.097049, 39.097121, 39.097717, 39.098178, 39.098235, 39.098288, 39.098337, 39.098377, 39.098409, 39.098429, 39.098434, 39.098442, 39.098431, 39.098337, 39.098249, 39.098212, 39.098124, 39.097766, 39.097504, 39.097476, 39.097443, 39.097404, 39.097336, 39.097209, 39.097124, 39.097039, 39.09693, 39.096838, 39.0967, 
39.096243, 39.096159, 39.095471, 39.095415, 39.095357, 39.095339, 39.095328, 39.095279, 39.095082, 39.094837, 39.09478, 39.094738, 39.094714, 39.094697, 39.094689, 39.094691, 39.095716, 39.097237, 39.097918, 39.098747, 39.099861, 39.100163)))"
13,1328.6300863131935,1215.8286066584462,4.997533908754623,0,52.831072749691735,144.21454993834772,135.6473489519112,189.9062885326757,239.88162762022193,240.5955610357583,55.68680641183723,140.64488286066583,108.51787916152897,73.5351418002466,9.995067817509247,92.81134401972872,124.93834771886559,119.94081381011097,62.112207151664606,213.46609124537608,38.8,109564,"list(list(c(-84.423055, -84.423374, -84.423693, -84.423979, -84.424686, -84.425675, -84.425571, -84.425493, -84.425715, -84.426518, -84.427191, -84.42784, -84.427957, -84.428084, -84.428449, -84.428631, -84.42881, -84.428949, -84.429346, -84.429685, -84.429754, -84.429859, -84.429979, -84.430055, -84.430165, -84.430261, -84.43034, -84.430402, -84.430795, -84.432947, -84.43313, -84.433923, -84.434036, -84.435094, -84.435299, -84.435445, -84.435803, -84.435245, -84.434383, -84.434176, -84.432804, -84.432384, 
-84.431651, -84.431441, -84.428382, -84.428187, -84.427853, -84.426101, -84.425575, -84.424831, -84.423897, -84.422981, -84.423055, 39.12281, 39.123159, 39.123475, 39.123784, 39.124496, 39.125492, 39.12665, 39.126994, 39.127104, 39.127176, 39.127044, 39.127033, 39.126973, 39.12703, 39.127028, 39.127038, 39.127068, 39.127106, 39.127275, 39.127657, 39.127756, 39.127871, 39.127973, 39.128039, 39.128154, 39.128276, 39.128405, 39.128539, 39.12833, 39.127228, 39.126991, 39.125801, 39.124849, 39.1233, 39.122985, 
39.122784, 39.122264, 39.122015, 39.12163, 39.121543, 39.121237, 39.121152, 39.120978, 39.120921, 39.120248, 39.121988, 39.121945, 39.121838, 39.121336, 39.121908, 39.122319, 39.122729, 39.12281)))"
14,2712.6620029621704,1843.9781046222204,365.93574455392593,51.38861209964413,404.0241396334314,134.50279246292143,181.93408039001912,1009.2097864768683,719.799130890914,259.0877563614671,162.64388846604817,133.42180383847943,52.38162528541748,59.68113879003559,154.77459835846378,241.66851973751875,622.5295198815131,288.1259796762183,119.35212288893916,125.96454343488367,30.35704697986577,82644.80536912751,"list(list(c(-84.406019, -84.406108, -84.406134, -84.406125, -84.406158, -84.406199, -84.406343, -84.406575, -84.406878, -84.407286, -84.407459, -84.408463, -84.409095, -84.409567, -84.410178, -84.411283, -84.412827, -84.415061, -84.416273, -84.416864, -84.420592, -84.420784, -84.421579, -84.421974, -84.422175, -84.422543, -84.422889, -84.42312, -84.424826, -84.425152, -84.425485, -84.425808, -84.426001, -84.425822, -84.427188, -84.427213, -84.427208, -84.427391, -84.428882, -84.430626, -84.431735, 
-84.432467, -84.432829, -84.433113, -84.433994, -84.434107, -84.435341, -84.43534, -84.435342, -84.435698, -84.434636, -84.434739, -84.434742, -84.434782, -84.434797, -84.434599, -84.434539, -84.434476, -84.434517, -84.434652, -84.434953, -84.435215, -84.435231, -84.435438, -84.43567, -84.435864, -84.435936, -84.436028, -84.436117, -84.436366, -84.436463, -84.437537, -84.438058, -84.438064, -84.438116, -84.437894, -84.437619, -84.437045, -84.432953, -84.432692, -84.432218, -84.431638, -84.431666, 
-84.43177, -84.431822, -84.432414, -84.43293, -84.433058, -84.43322, -84.43322, -84.433204, -84.433139, -84.432799, -84.432056, -84.430562, -84.429196, -84.428303, -84.427949, -84.427386, -84.425713, -84.42544, -84.424479, -84.422335, -84.422754, -84.422829, -84.419481, -84.419387, -84.418711, -84.418239, -84.417836, -84.417798, -84.416911, -84.416764, -84.416452, -84.414016, -84.41377, -84.413642, -84.41301, -84.412055, -84.411617, -84.409377, -84.408687, -84.408549, -84.408532, -84.408529, -84.408579, 
-84.408593, -84.408599, -84.408589, -84.408558, -84.408508, -84.408438, -84.408361, -84.408274, -84.407925, -84.408119, -84.408218, -84.408338, -84.408444, -84.408507, -84.408521, -84.408521, -84.4085, -84.408479, -84.408437, -84.408324, -84.408261, -84.40812, -84.407754, -84.406939, -84.406685, -84.405992, -84.406019, 39.15042, 39.1522, 39.152642, 39.152925, 39.153125, 39.153293, 39.153792, 39.154371, 39.154892, 39.155364, 39.155563, 39.156365, 39.156713, 39.156965, 39.157267, 39.157813, 39.158576, 
39.159887, 39.160599, 39.161088, 39.164244, 39.164406, 39.165, 39.165241, 39.165364, 39.165549, 39.165668, 39.165738, 39.166202, 39.166291, 39.166393, 39.166465, 39.166522, 39.167123, 39.167125, 39.167125, 39.166848, 39.16689, 39.167322, 39.167938, 39.168588, 39.169153, 39.169476, 39.169763, 39.170827, 39.170758, 39.17009, 39.169969, 39.16936, 39.166489, 39.166425, 39.164703, 39.164644, 39.164465, 39.164396, 39.163672, 39.163508, 39.163106, 39.163083, 39.163001, 39.1628, 39.162609, 39.162596, 39.162427, 
39.162214, 39.162013, 39.161929, 39.16182, 39.161716, 39.16164, 39.161492, 39.161259, 39.160243, 39.160039, 39.159329, 39.159271, 39.159182, 39.159014, 39.157794, 39.157731, 39.157621, 39.157416, 39.157285, 39.156296, 39.155644, 39.155624, 39.155657, 39.154293, 39.152821, 39.152779, 39.152739, 39.152684, 39.152883, 39.153341, 39.154246, 39.155068, 39.15422, 39.154438, 39.154785, 39.155821, 39.155582, 39.155656, 39.155472, 39.154915, 39.154783, 39.154987, 39.154104, 39.154143, 39.154178, 39.154222, 
39.154229, 39.154374, 39.154398, 39.154439, 39.154455, 39.154426, 39.154411, 39.154263, 39.153988, 39.153871, 39.153189, 39.152979, 39.152632, 39.152548, 39.152463, 39.15196, 39.151876, 39.151763, 39.151622, 39.151482, 39.151346, 39.151216, 39.151106, 39.151007, 39.150692, 39.150591, 39.150531, 39.150443, 39.150323, 39.150158, 39.150065, 39.149966, 39.149851, 39.149801, 39.149751, 39.149642, 39.149598, 39.149532, 39.149396, 39.149814, 39.149933, 39.149996, 39.15042)))"
15,1412.5395348837208,1039.5209302325582,119.30232558139534,66.80930232558138,159.86511627906975,84.30697674418604,115.32558139534883,324.5023255813953,307.79999999999995,102.6,134.41395348837207,150.32093023255814,128.05116279069767,65.21860465116279,83.51162790697674,70.7860465116279,150.32093023255814,136.79999999999998,70.7860465116279,206.7906976744186,32.6,124621,"list(list(c(-84.40812, -84.408261, -84.408324, -84.408437, -84.408479, -84.4085, -84.408521, -84.408521, -84.408507, -84.408444, -84.408338, -84.408218, -84.408119, -84.407925, -84.408274, -84.408361, -84.408438, -84.408508, -84.408558, -84.408589, -84.408599, -84.408593, -84.408579, -84.408529, -84.408532, -84.408549, -84.408687, -84.409377, -84.411617, -84.412055, -84.41301, -84.413642, -84.41377, -84.414016, -84.416452, -84.416764, -84.416911, -84.417798, -84.418094, -84.418215, -84.418969, -84.419847, 
-84.420727, -84.421287, -84.421377, -84.422056, -84.421914, -84.421607, -84.42157, -84.421513, -84.421483, -84.421462, -84.421451, -84.421459, -84.421496, -84.421559, -84.421611, -84.421675, -84.421701, -84.421726, -84.421777, -84.421814, -84.421841, -84.421868, -84.421905, -84.421941, -84.422037, -84.422053, -84.42026, -84.42014, -84.414438, -84.414096, -84.412391, -84.411396, -84.410292, -84.409519, -84.408754, -84.407754, -84.40812, 39.149532, 39.149598, 39.149642, 39.149751, 39.149801, 39.149851, 
39.149966, 39.150065, 39.150158, 39.150323, 39.150443, 39.150531, 39.150591, 39.150692, 39.151007, 39.151106, 39.151216, 39.151346, 39.151482, 39.151622, 39.151763, 39.151876, 39.15196, 39.152463, 39.152548, 39.152632, 39.152979, 39.153189, 39.153871, 39.153988, 39.154263, 39.154411, 39.154426, 39.154455, 39.154439, 39.154398, 39.154374, 39.154229, 39.151322, 39.151318, 39.151363, 39.151419, 39.151469, 39.151503, 39.151504, 39.15147, 39.151139, 39.150448, 39.150367, 39.150201, 39.15006, 39.149945, 
39.149772, 39.149627, 39.149324, 39.148707, 39.1481, 39.147502, 39.147225, 39.146887, 39.14628, 39.145959, 39.145673, 39.145476, 39.14507, 39.14469, 39.143702, 39.143552, 39.143411, 39.143402, 39.143121, 39.143587, 39.146034, 39.147412, 39.148097, 39.14851, 39.148883, 39.149396, 39.149532)))"
16,809,745,25,36,0,37,0,78,118,26,68,157,121,204,19,24,170,135,31,121,66.2,108810,"list(list(c(-84.405992, -84.406685, -84.406939, -84.407754, -84.408754, -84.409519, -84.410292, -84.411396, -84.412391, -84.414096, -84.414438, -84.413567, -84.412654, -84.411632, -84.410971, -84.410922, -84.410355, -84.409878, -84.409783, -84.409324, -84.40897, -84.408384, -84.408077, -84.407948, -84.40764, -84.407518, -84.40634, -84.406241, -84.405549, -84.405308, -84.405304, -84.405331, -84.405316, -84.405299, -84.405394, -84.405512, -84.405396, -84.405115, -84.40513, -84.405166, -84.405164, -84.405091, 
-84.40496, -84.40468, -84.404525, -84.404514, -84.404326, -84.405992, 39.149996, 39.149933, 39.149814, 39.149396, 39.148883, 39.14851, 39.148097, 39.147412, 39.146034, 39.143587, 39.143121, 39.142994, 39.142823, 39.142508, 39.142288, 39.142272, 39.141996, 39.141739, 39.141642, 39.141212, 39.140848, 39.140015, 39.13958, 39.139574, 39.13956, 39.139548, 39.139459, 39.13976, 39.139572, 39.139506, 39.139688, 39.139808, 39.140256, 39.140533, 39.141215, 39.142087, 39.142625, 39.143537, 39.143603, 39.144093, 
39.144415, 39.14489, 39.145755, 39.147931, 39.149617, 39.149733, 39.150145, 39.149996)))"
17,1959.231041339629,1508.2113723850405,170.22256334884165,36.107967927715656,220.29988435899205,194.04271948067532,119.57201242277682,604.9005576249942,501.67326729913134,122.41903096884964,183.2480403985209,109.11337452624751,69.16178205963145,55.100256558801625,90.05404522777214,137.4458862395411,277.1911788452047,211.74098864957355,183.0889799206999,143.35516613051672,30.704632310364794,107344.13549507817,"list(list(c(-84.417836, -84.418239, -84.418711, -84.419387, -84.419481, -84.422829, -84.422754, -84.422335, -84.424479, -84.42544, -84.425713, -84.427386, -84.427949, -84.428303, -84.429196, -84.430562, -84.432056, -84.432799, -84.433139, -84.433222, -84.43329, -84.433342, -84.433347, -84.433334, -84.432673, -84.432617, -84.432511, -84.432181, -84.432226, -84.431698, -84.431266, -84.430847, -84.430811, -84.430768, -84.430747, -84.430764, -84.430753, -84.430727, -84.430689, -84.430643, -84.430089, 
-84.429452, -84.429548, -84.428257, -84.427891, -84.427802, -84.427717, -84.427107, -84.427012, -84.426523, -84.426451, -84.426375, -84.426073, -84.426008, -84.425243, -84.423953, -84.42373, -84.423498, -84.423261, -84.422949, -84.422056, -84.421377, -84.421287, -84.420727, -84.419847, -84.418969, -84.418215, -84.418094, -84.417798, -84.417836, 39.154222, 39.154178, 39.154143, 39.154104, 39.154987, 39.154783, 39.154915, 39.155472, 39.155656, 39.155582, 39.155821, 39.154785, 39.154438, 39.15422, 39.155068, 
39.154246, 39.153341, 39.152883, 39.152684, 39.152635, 39.152572, 39.152516, 39.152481, 39.152448, 39.151808, 39.151754, 39.151676, 39.151867, 39.151506, 39.151465, 39.151439, 39.151409, 39.151399, 39.151369, 39.151327, 39.151115, 39.151079, 39.151047, 39.151025, 39.151014, 39.150974, 39.150937, 39.150064, 39.149967, 39.150001, 39.150039, 39.150815, 39.150786, 39.150665, 39.149967, 39.149837, 39.149879, 39.150012, 39.150037, 39.150378, 39.151015, 39.151101, 39.151175, 39.151235, 39.151292, 39.15147, 
39.151504, 39.151503, 39.151469, 39.151419, 39.151363, 39.151318, 39.151322, 39.154229, 39.154222)))"
18,1499.5674208144796,1311.289592760181,99.5393665158371,9.694117647058825,32.810859728506784,61.1475113122172,14.168325791855203,291.3873303167421,497.72760180995476,77.89321266968327,9.694117647058825,393.1438914027149,62.40542986425339,92,170.65972850678733,279.0995475113122,125.95837104072399,142.33303167420814,137.77285067873305,166.88959276018102,46.88935658448587,88481.48707155742,"list(list(c(-84.421462, -84.421483, -84.421513, -84.42157, -84.421607, -84.421914, -84.422056, -84.422949, -84.423261, -84.423498, -84.42373, -84.423953, -84.425243, -84.426008, -84.426073, -84.426375, -84.426451, -84.426523, -84.427012, -84.427107, -84.427717, -84.427802, -84.427891, -84.428257, -84.429548, -84.429452, -84.430089, -84.430643, -84.430689, -84.430727, -84.430753, -84.430764, -84.430747, -84.430768, -84.430811, -84.430847, -84.431266, -84.431698, -84.432226, -84.432441, -84.432542, 
-84.432634, -84.432829, -84.432854, -84.433431, -84.433445, -84.423541, -84.422053, -84.422037, -84.421941, -84.421905, -84.421868, -84.421841, -84.421814, -84.421777, -84.421726, -84.421701, -84.421675, -84.421611, -84.421559, -84.421496, -84.421459, -84.421451, -84.421462, 39.149945, 39.15006, 39.150201, 39.150367, 39.150448, 39.151139, 39.15147, 39.151292, 39.151235, 39.151175, 39.151101, 39.151015, 39.150378, 39.150037, 39.150012, 39.149879, 39.149837, 39.149967, 39.150665, 39.150786, 39.150815, 
39.150039, 39.150001, 39.149967, 39.150064, 39.150937, 39.150974, 39.151014, 39.151025, 39.151047, 39.151079, 39.151115, 39.151327, 39.151369, 39.151399, 39.151409, 39.151439, 39.151465, 39.151506, 39.149247, 39.148298, 39.147258, 39.145293, 39.144607, 39.144329, 39.144201, 39.143642, 39.143552, 39.143702, 39.14469, 39.14507, 39.145476, 39.145673, 39.145959, 39.14628, 39.146887, 39.147225, 39.147502, 39.1481, 39.148707, 39.149324, 39.149627, 39.149772, 39.149945)))"
19,1543.6515498959654,1116.7492736327113,127.09471829445837,8.71301775147929,324.4751847940866,205.67150078416427,93.2885037146267,436.21406122104685,293.5759577113651,121.23974806770681,98.9543872584243,32.49645407796655,168.24167567466245,93.96926138600251,69.57911311335079,90.9846416275626,91.14349268634055,58.569406347044236,156.5253338165368,155.98549452334686,31.9271954674221,138715.09915014164,"list(list(c(-84.449552, -84.450035, -84.44964, -84.448706, -84.448311, -84.449237, -84.449282, -84.449335, -84.449389, -84.44944, -84.449484, -84.450547, -84.451609, -84.45488, -84.454284, -84.454135, -84.454157, -84.454305, -84.455298, -84.455398, -84.455499, -84.455649, -84.455792, -84.455591, -84.455564, -84.455445, -84.455344, -84.455248, -84.455084, -84.455022, -84.45498, -84.454958, -84.454957, -84.455172, -84.455195, -84.455202, -84.455194, -84.455148, -84.455093, -84.455007, -84.454989, -84.454909, 
-84.454801, -84.454711, -84.454589, -84.454453, -84.454363, -84.452793, -84.451447, -84.45105, -84.449402, -84.448222, -84.447969, -84.447969, -84.449552, 39.145199, 39.145223, 39.145468, 39.146015, 39.14828, 39.1478, 39.147823, 39.147834, 39.147833, 39.147819, 39.147795, 39.147378, 39.146972, 39.145621, 39.145446, 39.1454, 39.14522, 39.14392, 39.143958, 39.143955, 39.143941, 39.143908, 39.143852, 39.14362, 39.143585, 39.143428, 39.14328, 39.143092, 39.14282, 39.14266, 39.142496, 39.14233, 39.142162, 
39.140346, 39.140232, 39.140076, 39.139973, 39.139685, 39.139481, 39.139257, 39.139236, 39.139081, 39.138919, 39.13881, 39.138686, 39.138571, 39.138503, 39.139466, 39.140281, 39.140517, 39.141494, 39.142192, 39.145005, 39.145177, 39.145199)))"
20,1264.4270550079718,1073.0812087110314,101.31608525008951,33.30360815860088,21.286744419483426,130.64648475659166,145.77753137048788,203.08747864487947,209.47943919067376,182.60921106321757,178.66584160794207,108.9665614204334,71.69887406388183,33.49563288986427,17.881889768823413,63.04789632445306,118.61663146715043,116.29266652189705,55.893106211577596,212.12777520480736,35.07669291338583,142214.1874015748,"list(list(c(-84.408384, -84.40897, -84.409324, -84.409783, -84.409878, -84.410355, -84.410922, -84.410971, -84.411632, -84.412654, -84.413567, -84.414438, -84.42014, -84.42026, -84.422053, -84.423541, -84.423604, -84.423759, -84.422296, -84.420489, -84.419258, -84.418591, -84.41869, -84.420446, -84.420507, -84.420626, -84.420702, -84.42084, -84.420399, -84.419905, -84.418744, -84.417102, -84.416351, -84.415011, -84.414935, -84.414743, -84.408077, -84.408384, 39.140015, 39.140848, 39.141212, 39.141642, 
39.141739, 39.141996, 39.142272, 39.142288, 39.142508, 39.142823, 39.142994, 39.143121, 39.143402, 39.143411, 39.143552, 39.143642, 39.143063, 39.141383, 39.141305, 39.141201, 39.141111, 39.141051, 39.140238, 39.140336, 39.140006, 39.138532, 39.13818, 39.137975, 39.138306, 39.139512, 39.139448, 39.13934, 39.139292, 39.1392, 39.139981, 39.139971, 39.13958, 39.140015)))"
21,936.8858370867556,843.1725691071272,11.502958579881657,46.23723100473961,18.582089552238806,113.09817775030174,89.20715946892756,276.1549648208661,98.29997939297596,161.37375253907976,101.94235920986782,63.738437987576916,12.221893491124261,20.849112426035504,43.19532514940092,44.57396449704142,135.44110806912184,48.71484294503813,84.76852424269187,65.78502458123583,29.7870876531574,98177.70405278039,"list(list(c(-84.445897, -84.446659, -84.447969, -84.447969, -84.448222, -84.449402, -84.45105, -84.451447, -84.452793, -84.454363, -84.454992, -84.454032, -84.453403, -84.451156, -84.450531, -84.449865, -84.448574, -84.447336, -84.446064, -84.445868, -84.445534, -84.444149, -84.443767, -84.445897, 39.145076, 39.145107, 39.145177, 39.145005, 39.142192, 39.141494, 39.140517, 39.140281, 39.139466, 39.138503, 39.138102, 39.138054, 39.138046, 39.137931, 39.137901, 39.137875, 39.137804, 39.137755, 39.137694, 
39.139962, 39.143855, 39.144649, 39.144876, 39.145076)))"
22,1376.3326808969714,1220.4704335876295,38.29719760602091,12.093704245973646,80.20203822146875,194.85199198582106,35.41727672035139,427.2748619352187,331.7640119698955,83.7847024222342,103.0775076417251,126.60894659782693,57.032167167552856,16.521214456345845,40.60029282576867,82.70420615961574,229.43461894120367,80.31177082530631,115.77441884359507,177.78313811615425,30.464471057884232,107156.88223552894,"list(list(c(-84.432511, -84.432599, -84.432829, -84.433008, -84.433052, -84.4331, -84.433151, -84.433414, -84.436092, -84.436968, -84.437977, -84.439127, -84.439141, -84.439166, -84.439198, -84.439387, -84.439431, -84.439458, -84.43952, -84.439562, -84.43961, -84.439675, -84.439777, -84.439814, -84.43983, -84.439921, -84.439771, -84.439314, -84.439306, -84.439302, -84.439301, -84.439362, -84.439373, -84.437279, -84.437234, -84.436498, -84.435663, -84.435466, -84.434156, -84.433431, -84.432854, -84.432829, 
-84.432634, -84.432542, -84.432441, -84.432226, -84.432181, -84.432511, 39.151676, 39.151618, 39.151465, 39.151591, 39.15161, 39.15162, 39.151619, 39.151644, 39.15182, 39.151873, 39.15194, 39.152015, 39.151823, 39.151714, 39.151634, 39.1513, 39.151187, 39.151072, 39.150429, 39.150051, 39.149477, 39.148713, 39.147528, 39.147011, 39.1467, 39.14662, 39.146416, 39.145506, 39.145454, 39.145358, 39.145331, 39.144759, 39.144658, 39.144512, 39.144508, 39.144465, 39.144413, 39.144401, 39.144326, 39.144329, 
39.144607, 39.145293, 39.147258, 39.148298, 39.149247, 39.151506, 39.151867, 39.151676)))"
23,1261.9933874037763,1112.4730338369943,25.449977088060084,43.35664941417887,56.19934954111896,111.6324084622512,81.34560329170395,402.4483548228214,212.3658198681948,132.7500717759661,130.88865757582965,89.32693386786809,19.395515965710327,81.84002177343078,74.79761419664861,19.23848763998256,190.95632648168692,79.0228219977524,71.94742920264876,171.68050670734527,32.525915080527085,117663.41361639825,"list(list(c(-84.434156, -84.435466, -84.435663, -84.436498, -84.437234, -84.437279, -84.439373, -84.439362, -84.439301, -84.439302, -84.439306, -84.439314, -84.439771, -84.439921, -84.440067, -84.440197, -84.440688, -84.44126, -84.441221, -84.441126, -84.441085, -84.441051, -84.441035, -84.441256, -84.441264, -84.442743, -84.442845, -84.443326, -84.443767, -84.444149, -84.445534, -84.445868, -84.446064, -84.445471, -84.444395, -84.443494, -84.443363, -84.443349, -84.443292, -84.443064, -84.441471, 
-84.439881, -84.43984, -84.438894, -84.438458, -84.438014, -84.436715, -84.436218, -84.436152, -84.436093, -84.436047, -84.436109, -84.436179, -84.43621, -84.435025, -84.434838, -84.433628, -84.433574, -84.433505, -84.433445, -84.433431, -84.434156, 39.144326, 39.144401, 39.144413, 39.144465, 39.144508, 39.144512, 39.144658, 39.144759, 39.145331, 39.145358, 39.145454, 39.145506, 39.146416, 39.14662, 39.146535, 39.146484, 39.14637, 39.146223, 39.146017, 39.145378, 39.145155, 39.14489, 39.144764, 39.144776, 
39.14469, 39.1448, 39.14481, 39.144848, 39.144876, 39.144649, 39.143855, 39.139962, 39.137694, 39.137658, 39.137612, 39.137561, 39.139496, 39.13971, 39.140234, 39.142482, 39.142374, 39.142283, 39.14263, 39.142575, 39.142464, 39.142362, 39.14229, 39.142247, 39.14223, 39.1422, 39.142159, 39.141456, 39.140676, 39.140323, 39.140247, 39.142214, 39.142148, 39.142811, 39.143651, 39.144201, 39.144329, 39.144326)))"
24,941.4188535215326,864.90075855778,13.60534351145038,4.535114503816794,9.070229007633587,65.94330980844015,66.62348168419031,357.0480003840799,102.91802774977195,112.20652935810648,40.428191463824476,102.49120457055068,8.721374045801527,85.038734456767,80.60884824043401,31.389130539152145,107.36154400115224,93.5651879590955,50.188314369388834,137.81715396802537,30.57471074380165,105680.67272727273,"list(list(c(-84.436872, -84.436897, -84.436844, -84.43678, -84.436734, -84.436683, -84.436628, -84.436573, -84.436519, -84.43621, -84.436179, -84.436109, -84.436047, -84.436093, -84.436152, -84.436218, -84.436715, -84.438014, -84.438458, -84.438894, -84.43984, -84.439881, -84.441471, -84.443064, -84.443292, -84.443349, -84.443363, -84.443494, -84.441866, -84.440589, -84.439722, -84.438112, -84.43743, -84.436991, -84.436299, -84.435752, -84.435582, -84.436872, 39.13902, 39.139107, 39.139734, 39.140321, 
39.140346, 39.140363, 39.14037, 39.140367, 39.140355, 39.140323, 39.140676, 39.141456, 39.142159, 39.1422, 39.14223, 39.142247, 39.14229, 39.142362, 39.142464, 39.142575, 39.14263, 39.142283, 39.142374, 39.142482, 39.140234, 39.13971, 39.139496, 39.137561, 39.137468, 39.137382, 39.137326, 39.13723, 39.137167, 39.137161, 39.137111, 39.137076, 39.138877, 39.13902)))"
25,1393.4414744461544,1235.0770786127318,77.45948726899445,22.621582681093773,19.563637259905885,124.72066681093439,133.79514774676852,300.2426268170566,203.22901376754155,191.75030851685509,191.97506450052848,122.51836024327265,68.00341601245404,57.20687003074322,40.439356250348574,82.56753088440638,141.20732551590206,128.42352724640676,55.18154771643943,225.12408518215312,34.63973941368078,130993.55179153095,"list(list(c(-84.419258, -84.420489, -84.422296, -84.423759, -84.423604, -84.423541, -84.433445, -84.433505, -84.433574, -84.433628, -84.434838, -84.435025, -84.43621, -84.436519, -84.436573, -84.436628, -84.436683, -84.436734, -84.43678, -84.436844, -84.436897, -84.436872, -84.435582, -84.435752, -84.435242, -84.434146, -84.433247, -84.432091, -84.429165, -84.42688, -84.425972, -84.425859, -84.42511, -84.42495, -84.424667, -84.424128, -84.423327, -84.422774, -84.422413, -84.421773, -84.421555, -84.42084, 
-84.420702, -84.420626, -84.420507, -84.420446, -84.41869, -84.418591, -84.419258, 39.141111, 39.141201, 39.141305, 39.141383, 39.143063, 39.143642, 39.144201, 39.143651, 39.142811, 39.142148, 39.142214, 39.140247, 39.140323, 39.140355, 39.140367, 39.14037, 39.140363, 39.140346, 39.140321, 39.139734, 39.139107, 39.13902, 39.138877, 39.137076, 39.137038, 39.136985, 39.136929, 39.136857, 39.136674, 39.136531, 39.136475, 39.136491, 39.136788, 39.136855, 39.136966, 39.137008, 39.137102, 39.137223, 39.137327, 
39.137742, 39.13785, 39.137975, 39.13818, 39.138532, 39.140006, 39.140336, 39.140238, 39.141051, 39.141111)))"
26,1728.4711258380212,1544.2213672908479,76.87190927538465,13.139092240117131,151.0959119981506,202.25488941974263,54.4787701317716,538.2170853561429,474.8904536230767,140.1230574606355,106.34782178726465,133.11286892193883,63.14865274459942,15.897526392848887,81.10980966325036,105.05274845239013,321.50315558295443,66.95616475302458,117.76145231306671,242.91012689116644,30.93948051948052,82175.21194805195,"list(list(c(-84.432218, -84.432692, -84.432953, -84.437045, -84.437619, -84.437894, -84.437739, -84.437412, -84.437188, -84.437547, -84.438042, -84.439248, -84.440642, -84.442069, -84.442099, -84.442181, -84.44227, -84.442323, -84.442351, -84.442408, -84.442414, -84.442439, -84.442472, -84.442499, -84.442531, -84.442536, -84.442592, -84.442625, -84.442656, -84.442714, -84.442768, -84.442826, -84.442777, -84.442743, -84.441264, -84.441256, -84.441035, -84.441051, -84.441085, -84.441126, -84.441221, 
-84.44126, -84.440688, -84.440197, -84.440067, -84.439921, -84.43983, -84.439814, -84.439777, -84.439675, -84.43961, -84.439562, -84.43952, -84.439458, -84.439431, -84.439387, -84.439198, -84.439166, -84.439141, -84.439127, -84.437977, -84.436968, -84.436092, -84.433414, -84.433151, -84.4331, -84.433052, -84.433008, -84.432829, -84.432599, -84.432511, -84.432617, -84.432673, -84.433334, -84.433347, -84.433342, -84.43329, -84.433222, -84.433139, -84.433204, -84.43322, -84.43322, -84.433058, -84.43293, 
-84.432414, -84.431822, -84.43177, -84.431666, -84.431638, -84.432218, 39.157621, 39.157731, 39.157794, 39.159014, 39.159182, 39.159271, 39.158998, 39.158423, 39.158048, 39.157564, 39.157355, 39.156336, 39.15536, 39.153397, 39.153084, 39.152212, 39.151243, 39.150608, 39.150373, 39.14965, 39.149579, 39.149249, 39.148893, 39.148654, 39.148245, 39.148149, 39.14772, 39.147359, 39.146943, 39.146264, 39.145454, 39.144978, 39.144879, 39.1448, 39.14469, 39.144776, 39.144764, 39.14489, 39.145155, 39.145378, 
39.146017, 39.146223, 39.14637, 39.146484, 39.146535, 39.14662, 39.1467, 39.147011, 39.147528, 39.148713, 39.149477, 39.150051, 39.150429, 39.151072, 39.151187, 39.1513, 39.151634, 39.151714, 39.151823, 39.152015, 39.15194, 39.151873, 39.15182, 39.151644, 39.151619, 39.15162, 39.15161, 39.151591, 39.151465, 39.151618, 39.151676, 39.151754, 39.151808, 39.152448, 39.152481, 39.152516, 39.152572, 39.152635, 39.152684, 39.152739, 39.152779, 39.152821, 39.154293, 39.155657, 39.155624, 39.155644, 39.156296, 
39.157285, 39.157416, 39.157621)))"
27,1400.8572099577266,1215.4526381712853,25.603413183028024,107.53107875371849,64.1634570220761,105.84092688273056,113.63676217316424,214.44340065758573,269.03773289494285,126.87255362454987,301.71160169093474,108.11648661343354,95.4615625489275,65.73618287145766,64.6341005166745,86.17880068889933,151.75058713010804,99.07671833411618,149.40097072177863,162.11100673242524,40.16814285714286,128066.57785714285,"list(list(c(-84.436428, -84.436729, -84.437197, -84.437255, -84.437285, -84.437301, -84.437167, -84.437165, -84.437183, -84.437222, -84.437281, -84.437358, -84.437423, -84.437605, -84.437801, -84.438036, -84.438149, -84.4383, -84.438458, -84.438657, -84.438829, -84.438933, -84.4391, -84.439764, -84.440111, -84.440215, -84.440304, -84.440378, -84.440436, -84.440514, -84.440573, -84.440646, -84.440732, -84.440828, -84.442043, -84.442125, -84.442241, -84.442985, -84.443065, -84.443138, -84.443811, -84.443873, 
-84.443974, -84.444081, -84.444236, -84.444318, -84.444394, -84.444561, -84.447269, -84.447918, -84.448804, -84.449342, -84.449821, -84.450038, -84.450807, -84.450947, -84.451091, -84.451236, -84.451408, -84.451989, -84.452209, -84.452469, -84.454489, -84.454855, -84.455626, -84.456376, -84.456448, -84.456515, -84.456574, -84.456624, -84.456663, -84.456777, -84.45682, -84.456854, -84.456877, -84.456888, -84.456887, -84.45691, -84.456946, -84.456972, -84.457019, -84.457054, -84.457113, -84.457225, 
-84.457359, -84.457659, -84.457799, -84.45801, -84.458114, -84.458137, -84.458767, -84.45916, -84.459249, -84.459299, -84.459474, -84.459487, -84.459522, -84.459556, -84.459583, -84.459589, -84.45954, -84.459548, -84.459562, -84.459574, -84.459615, -84.459668, -84.459698, -84.45979, -84.459921, -84.459952, -84.459962, -84.460023, -84.460099, -84.460187, -84.460293, -84.460445, -84.460598, -84.46075, -84.460847, -84.460915, -84.460981, -84.461043, -84.461097, -84.461213, -84.461293, -84.461398, -84.461684, 
-84.461894, -84.461932, -84.462004, -84.462072, -84.462131, -84.46218, -84.462217, -84.46223, -84.46225, -84.462253, -84.462269, -84.462304, -84.462358, -84.462429, -84.462509, -84.462597, -84.462693, -84.462799, -84.462868, -84.46293, -84.462979, -84.463012, -84.46303, -84.463029, -84.463007, -84.462988, -84.462938, -84.462908, -84.462839, -84.462803, -84.462642, -84.46259, -84.462521, -84.462397, -84.463227, -84.463598, -84.464173, -84.464247, -84.464324, -84.464373, -84.464419, -84.46445, -84.464454, 
-84.464441, -84.464408, -84.463964, -84.46364, -84.463639, -84.463564, -84.463509, -84.463479, -84.463464, -84.46348, -84.463642, -84.463703, -84.463798, -84.464042, -84.464447, -84.466352, -84.467675, -84.468003, -84.46837, -84.469218, -84.469752, -84.470124, -84.470503, -84.47198, -84.472572, -84.473155, -84.473727, -84.474558, -84.47566, -84.476857, -84.477301, -84.478829, -84.478802, -84.478758, -84.479202, -84.480413, -84.482199, -84.483136, -84.483967, -84.484341, -84.484167, -84.484028, -84.482693, 
-84.481843, -84.481661, -84.478843, -84.477237, -84.476947, -84.476822, -84.476604, -84.476484, -84.475272, -84.474554, -84.474103, -84.473876, -84.47368, -84.473405, -84.472155, -84.471904, -84.471876, -84.471543, -84.471412, -84.471177, -84.470776, -84.469734, -84.467838, -84.466011, -84.464211, -84.462803, -84.462078, -84.462174, -84.46199, -84.461945, -84.461906, -84.461942, -84.462157, -84.461277, -84.46111, -84.46099, -84.461008, -84.461027, -84.461898, -84.462207, -84.461167, -84.459986, -84.458275, 
-84.458199, -84.458001, -84.457699, -84.454722, -84.453392, -84.452723, -84.45131, -84.451141, -84.450642, -84.450364, -84.450261, -84.45004, -84.449954, -84.449652, -84.449487, -84.448316, -84.446886, -84.44646, -84.446014, -84.445868, -84.445483, -84.444296, -84.442629, -84.442496, -84.440164, -84.439286, -84.438673, -84.438353, -84.437992, -84.436932, -84.436428, -84.436011, -84.435803, -84.436428, 39.122502, 39.122616, 39.122795, 39.122834, 39.122873, 39.122916, 39.123759, 39.123897, 39.124034, 
39.124169, 39.124299, 39.124423, 39.124489, 39.124659, 39.124819, 39.124987, 39.125054, 39.125127, 39.125189, 39.125249, 39.125285, 39.125318, 39.125384, 39.125733, 39.125932, 39.126015, 39.126107, 39.126208, 39.12635, 39.126517, 39.126589, 39.126653, 39.126707, 39.126749, 39.127389, 39.127423, 39.127456, 39.127586, 39.127612, 39.127648, 39.128111, 39.128146, 39.12819, 39.128222, 39.128248, 39.128271, 39.128305, 39.126498, 39.127635, 39.127881, 39.128203, 39.128379, 39.128536, 39.128617, 39.128831, 
39.12886, 39.128874, 39.128873, 39.128865, 39.12878, 39.128764, 39.128764, 39.128899, 39.128916, 39.128965, 39.129014, 39.129029, 39.129055, 39.12909, 39.129134, 39.129184, 39.129154, 39.129132, 39.129103, 39.129067, 39.129028, 39.128724, 39.12844, 39.128125, 39.127885, 39.127774, 39.127725, 39.12767, 39.12759, 39.12752, 39.127388, 39.12731, 39.12718, 39.127139, 39.127133, 39.127061, 39.127027, 39.12703, 39.127043, 39.127149, 39.12718, 39.127229, 39.12731, 39.127452, 39.127568, 39.128102, 39.128152, 
39.128176, 39.128198, 39.128238, 39.128266, 39.128276, 39.128286, 39.128319, 39.128344, 39.128361, 39.128418, 39.128465, 39.128499, 39.12852, 39.128535, 39.128536, 39.128517, 39.128498, 39.128495, 39.128505, 39.128527, 39.12856, 39.128677, 39.128707, 39.128733, 39.128755, 39.128764, 39.128769, 39.128788, 39.128816, 39.128854, 39.1289, 39.128952, 39.12899, 39.129086, 39.129201, 39.129283, 39.129362, 39.129434, 39.129497, 39.129543, 39.129578, 39.129599, 39.129607, 39.129626, 39.129658, 39.1297, 39.129751, 
39.129807, 39.129866, 39.129921, 39.129946, 39.12999, 39.130007, 39.13003, 39.130035, 39.13003, 39.130037, 39.130064, 39.130155, 39.130679, 39.130911, 39.130371, 39.130276, 39.130151, 39.130046, 39.129912, 39.129747, 39.129608, 39.129469, 39.129332, 39.128292, 39.127548, 39.127547, 39.127328, 39.127105, 39.126859, 39.126612, 39.126436, 39.125734, 39.125519, 39.125254, 39.125228, 39.125197, 39.125144, 39.125107, 39.125068, 39.125042, 39.124871, 39.124762, 39.124687, 39.124593, 39.124127, 39.123924, 
39.123705, 39.123471, 39.123102, 39.122596, 39.122063, 39.121863, 39.121179, 39.120586, 39.120401, 39.120193, 39.119595, 39.11861, 39.118056, 39.117328, 39.116896, 39.116915, 39.116965, 39.117918, 39.118506, 39.118611, 39.119869, 39.120571, 39.120169, 39.119999, 39.120075, 39.12013, 39.120767, 39.121102, 39.121294, 39.12143, 39.121547, 39.121668, 39.122162, 39.122261, 39.122269, 39.12196, 39.121612, 39.121668, 39.121685, 39.121533, 39.121747, 39.122023, 39.122056, 39.121968, 39.121872, 39.122955, 
39.12292, 39.123654, 39.124107, 39.124119, 39.12425, 39.124265, 39.124263, 39.124326, 39.124398, 39.124475, 39.124966, 39.125142, 39.124989, 39.124815, 39.124563, 39.124548, 39.12451, 39.124433, 39.123711, 39.123411, 39.123286, 39.123013, 39.122985, 39.122902, 39.122853, 39.122836, 39.122786, 39.122767, 39.122685, 39.122635, 39.122139, 39.121522, 39.121324, 39.121097, 39.121019, 39.120799, 39.120121, 39.119147, 39.119069, 39.117708, 39.1172, 39.118071, 39.118558, 39.119055, 39.1206, 39.121335, 39.121952, 
39.122264, 39.122502)))"
28,1364.905154932657,1218.4739096233238,6.631735184326825,58.42277815321536,50.46717598358348,181.02614292520795,82.94288949961518,253.81068889408368,297.37514730449595,116.93882469020606,162.6958307005687,144.63398513881225,101.80199589888295,23.67964988078431,37.758802254875484,120.63380214155812,197.43763915777186,137.70059567797455,87.99397027997158,178.36906173510053,35.78713286713287,112259.38461538461,"list(list(c(-84.421555, -84.421773, -84.422413, -84.422774, -84.423327, -84.424128, -84.424667, -84.42495, -84.42511, -84.425859, -84.425972, -84.42688, -84.429165, -84.432091, -84.433247, -84.434146, -84.435242, -84.435752, -84.436299, -84.436991, -84.43743, -84.438112, -84.439722, -84.439129, -84.438299, -84.437632, -84.437009, -84.436921, -84.436761, -84.436826, -84.437233, -84.437782, -84.437913, -84.438085, -84.438226, -84.439552, -84.439628, -84.439664, -84.439726, -84.439771, -84.439787, -84.439797, 
-84.439825, -84.439854, -84.439843, -84.439829, -84.439809, -84.439757, -84.439725, -84.439653, -84.43892, -84.438703, -84.438562, -84.438395, -84.437898, -84.43714, -84.436981, -84.436848, -84.436675, -84.436569, -84.436467, -84.436365, -84.435895, -84.435704, -84.434578, -84.434456, -84.434475, -84.434382, -84.434342, -84.433444, -84.432293, -84.429916, -84.429352, -84.428659, -84.427771, -84.427918, -84.427179, -84.427048, -84.425839, -84.425416, -84.424917, -84.424881, -84.424424, -84.423953, 
-84.423509, -84.423364, -84.423119, -84.42305, -84.42303, -84.422998, -84.422957, -84.42291, -84.422885, -84.421081, -84.420856, -84.42084, -84.421555, 39.13785, 39.137742, 39.137327, 39.137223, 39.137102, 39.137008, 39.136966, 39.136855, 39.136788, 39.136491, 39.136475, 39.136531, 39.136674, 39.136857, 39.136929, 39.136985, 39.137038, 39.137076, 39.137111, 39.137161, 39.137167, 39.13723, 39.137326, 39.136624, 39.135654, 39.134909, 39.134238, 39.13418, 39.134107, 39.134003, 39.133487, 39.133751, 
39.133796, 39.133836, 39.133855, 39.133945, 39.133935, 39.133923, 39.133888, 39.13384, 39.133812, 39.133783, 39.13357, 39.133316, 39.133257, 39.133229, 39.133202, 39.133158, 39.133141, 39.133119, 39.133062, 39.133026, 39.13299, 39.132923, 39.132679, 39.132298, 39.132236, 39.132197, 39.132164, 39.132153, 39.132142, 39.132139, 39.132184, 39.132185, 39.132115, 39.133355, 39.13342, 39.134282, 39.13475, 39.134694, 39.134622, 39.134469, 39.134438, 39.134395, 39.134337, 39.132711, 39.132667, 39.134294, 
39.134229, 39.134212, 39.134193, 39.134269, 39.134181, 39.134153, 39.134132, 39.134466, 39.135113, 39.135574, 39.13561, 39.135639, 39.13566, 39.13567, 39.135671, 39.135544, 39.137862, 39.137975, 39.13785)))"
29,1625.0266062591418,1386.9286815800665,12.93221110100091,79.8181535672061,71.83859134262656,272.3013658117798,204.57813612989062,110.13668498741936,313.61168293459605,199.33878894773278,215.1150372145157,211.1740193345915,84.28681446549487,14.484076433121018,19.12512074940401,38.00509968042715,74.99017415285155,99.25907598250126,82.58117631115327,335.869637708395,36.270208955223886,212162.1289552239,"list(list(c(-84.409291, -84.409359, -84.409451, -84.409543, -84.4097, -84.41019, -84.410377, -84.410635, -84.410857, -84.411034, -84.411221, -84.411383, -84.411553, -84.411692, -84.411833, -84.41201, -84.412185, -84.412356, -84.412487, -84.412614, -84.412762, -84.412871, -84.412968, -84.413078, -84.413192, -84.413255, -84.413322, -84.413373, -84.413408, -84.413849, -84.414132, -84.414375, -84.414578, -84.414776, -84.414965, -84.415146, -84.415567, -84.415616, -84.41573, -84.415831, -84.415917, -84.415988, 
-84.416052, -84.416086, -84.416084, -84.416048, -84.415764, -84.415742, -84.415546, -84.415355, -84.415144, -84.414932, -84.414704, -84.414682, -84.414663, -84.414658, -84.41467, -84.414696, -84.414725, -84.414807, -84.414905, -84.415017, -84.415141, -84.415241, -84.415344, -84.41619, -84.417102, -84.417638, -84.418068, -84.419115, -84.419269, -84.419266, -84.41927, -84.419292, -84.419335, -84.419375, -84.419627, -84.419667, -84.419692, -84.41977, -84.419836, -84.419916, -84.419998, -84.420285, -84.4213, 
-84.421299, -84.421404, -84.421587, -84.421648, -84.421722, -84.421998, -84.422092, -84.422202, -84.422324, -84.422652, -84.422708, -84.422754, -84.422789, -84.422811, -84.422884, -84.422904, -84.422969, -84.423617, -84.425891, -84.425888, -84.425824, -84.426771, -84.428283, -84.42877, -84.429523, -84.42977, -84.429872, -84.429959, -84.43003, -84.430084, -84.430143, -84.430203, -84.430402, -84.43034, -84.430261, -84.430165, -84.430055, -84.429979, -84.429859, -84.429754, -84.429685, -84.429346, -84.428949, 
-84.42881, -84.428631, -84.428449, -84.428084, -84.427957, -84.42784, -84.427191, -84.426518, -84.425715, -84.425493, -84.424802, -84.424363, -84.423595, -84.422866, -84.422732, -84.422592, -84.422449, -84.422017, -84.421623, -84.421516, -84.421465, -84.420892, -84.420794, -84.420693, -84.420628, -84.420491, -84.420348, -84.420275, -84.420203, -84.4201, -84.420005, -84.419949, -84.41987, -84.419812, -84.419769, -84.417899, -84.417226, -84.417511, -84.417575, -84.417615, -84.41767, -84.417732, -84.418141, 
-84.420285, -84.420317, -84.420355, -84.420368, -84.420369, -84.420283, -84.420272, -84.420174, -84.420043, -84.419794, -84.419514, -84.419309, -84.419139, -84.418963, -84.418746, -84.416936, -84.415873, -84.41525, -84.415141, -84.415035, -84.414934, -84.414178, -84.413848, -84.413283, -84.412686, -84.412196, -84.412126, -84.412054, -84.411949, -84.411883, -84.411821, -84.411767, -84.41172, -84.411682, -84.411655, -84.411619, -84.411561, -84.411484, -84.41139, -84.411318, -84.411186, -84.410973, 
-84.410757, -84.410353, -84.410255, -84.410055, -84.409765, -84.409646, -84.409539, -84.409448, -84.409372, -84.409321, -84.409288, -84.409243, -84.409291, 39.13352, 39.13361, 39.133679, 39.133723, 39.133756, 39.133768, 39.133791, 39.133835, 39.133873, 39.13392, 39.134007, 39.134062, 39.134102, 39.134121, 39.134131, 39.134128, 39.134108, 39.134072, 39.134031, 39.133981, 39.133906, 39.133836, 39.133752, 39.13364, 39.133496, 39.133394, 39.133263, 39.133128, 39.132989, 39.132982, 39.133001, 39.133038, 
39.133085, 39.133146, 39.13322, 39.133306, 39.133567, 39.133607, 39.133712, 39.133825, 39.133945, 39.134071, 39.134229, 39.134364, 39.134586, 39.134795, 39.135445, 39.135496, 39.136019, 39.136462, 39.1369, 39.137295, 39.137685, 39.13774, 39.137825, 39.137911, 39.137997, 39.138081, 39.138133, 39.138226, 39.138309, 39.13838, 39.138438, 39.138471, 39.138496, 39.138603, 39.138628, 39.138613, 39.13856, 39.138348, 39.136225, 39.136196, 39.136139, 39.136056, 39.135977, 39.135929, 39.135694, 39.135638, 39.135578, 
39.134901, 39.134276, 39.133586, 39.133591, 39.133561, 39.133456, 39.133372, 39.132925, 39.132099, 39.132007, 39.13192, 39.131661, 39.131578, 39.131507, 39.13145, 39.131354, 39.131325, 39.131287, 39.131243, 39.131193, 39.130351, 39.130042, 39.129346, 39.129388, 39.129535, 39.129614, 39.130219, 39.130281, 39.130388, 39.13042, 39.129837, 39.129597, 39.129485, 39.129365, 39.129239, 39.129108, 39.128889, 39.128666, 39.128539, 39.128405, 39.128276, 39.128154, 39.128039, 39.127973, 39.127871, 39.127756, 
39.127657, 39.127275, 39.127106, 39.127068, 39.127038, 39.127028, 39.12703, 39.126973, 39.127033, 39.127044, 39.127176, 39.127104, 39.126994, 39.126744, 39.126575, 39.126286, 39.126011, 39.125975, 39.125954, 39.125947, 39.125935, 39.125909, 39.125899, 39.125914, 39.126088, 39.126103, 39.1261, 39.126089, 39.126044, 39.126014, 39.126015, 39.126024, 39.126051, 39.126094, 39.12613, 39.126224, 39.126327, 39.126463, 39.127072, 39.127311, 39.127797, 39.127903, 39.127943, 39.12797, 39.127982, 39.128005, 
39.128162, 39.128168, 39.128193, 39.128217, 39.128242, 39.129024, 39.12915, 39.130295, 39.131832, 39.131799, 39.131745, 39.131693, 39.131635, 39.131587, 39.131547, 39.131453, 39.131387, 39.131329, 39.131309, 39.131279, 39.131239, 39.130891, 39.130781, 39.130734, 39.13062, 39.130464, 39.130454, 39.130453, 39.130468, 39.130488, 39.130517, 39.130552, 39.130594, 39.130642, 39.130693, 39.131257, 39.131416, 39.131571, 39.131719, 39.131814, 39.131868, 39.131932, 39.131958, 39.132008, 39.132008, 39.132009, 
39.132003, 39.132018, 39.132056, 39.132109, 39.132175, 39.132253, 39.132346, 39.13342, 39.13352)))"
30,1326.2823782718378,1119.505123660263,7.614892272627261,66.77509400937986,69.56859867938371,204.55538684588024,139.33242554934895,92.80974509871422,252.30159944724875,154.51274203650502,165.29906185801485,186.31838271436453,112.0503961204398,19.102638601321274,8.408993836189373,75.91748479161514,102.90436257265176,102.78779559402925,118.38349313416776,196.82979144148254,39.02088655146507,155635.98121712997,"list(list(c(-84.42084, -84.420856, -84.421081, -84.422885, -84.42291, -84.422957, -84.422998, -84.42303, -84.42305, -84.423119, -84.423364, -84.423509, -84.423953, -84.424424, -84.424881, -84.424917, -84.425416, -84.425839, -84.427048, -84.427179, -84.427918, -84.427771, -84.428659, -84.429352, -84.429916, -84.432293, -84.433444, -84.434342, -84.434382, -84.434475, -84.434456, -84.433886, -84.433796, -84.433688, -84.433268, -84.433189, -84.433102, -84.432702, -84.432374, -84.432121, -84.431968, -84.431363, 
-84.431104, -84.431055, -84.430942, -84.430864, -84.430446, -84.430397, -84.430363, -84.430345, -84.430344, -84.430329, -84.430325, -84.430341, -84.430375, -84.43045, -84.43051, -84.430402, -84.430203, -84.430143, -84.430084, -84.43003, -84.429959, -84.429872, -84.42977, -84.429523, -84.42877, -84.428283, -84.426771, -84.425824, -84.425888, -84.425891, -84.423617, -84.422969, -84.422904, -84.422884, -84.422811, -84.422789, -84.422754, -84.422708, -84.422652, -84.422324, -84.422202, -84.422092, -84.421998, 
-84.421722, -84.421648, -84.421587, -84.421404, -84.421299, -84.4213, -84.420285, -84.419998, -84.419916, -84.419836, -84.41977, -84.419692, -84.419667, -84.419627, -84.419375, -84.419335, -84.419292, -84.41927, -84.419266, -84.419269, -84.419115, -84.42084, 39.137975, 39.137862, 39.135544, 39.135671, 39.13567, 39.13566, 39.135639, 39.13561, 39.135574, 39.135113, 39.134466, 39.134132, 39.134153, 39.134181, 39.134269, 39.134193, 39.134212, 39.134229, 39.134294, 39.132667, 39.132711, 39.134337, 39.134395, 
39.134438, 39.134469, 39.134622, 39.134694, 39.13475, 39.134282, 39.13342, 39.133355, 39.13312, 39.133074, 39.133, 39.132627, 39.132571, 39.132524, 39.132346, 39.132181, 39.132049, 39.131963, 39.131524, 39.131329, 39.131289, 39.131181, 39.131088, 39.130601, 39.130522, 39.130439, 39.130352, 39.130265, 39.129915, 39.129662, 39.129437, 39.129213, 39.128855, 39.128645, 39.128539, 39.128666, 39.128889, 39.129108, 39.129239, 39.129365, 39.129485, 39.129597, 39.129837, 39.13042, 39.130388, 39.130281, 39.130219, 
39.129614, 39.129535, 39.129388, 39.129346, 39.130042, 39.130351, 39.131193, 39.131243, 39.131287, 39.131325, 39.131354, 39.13145, 39.131507, 39.131578, 39.131661, 39.13192, 39.132007, 39.132099, 39.132925, 39.133372, 39.133456, 39.133561, 39.133591, 39.133586, 39.134276, 39.134901, 39.135578, 39.135638, 39.135694, 39.135929, 39.135977, 39.136056, 39.136139, 39.136196, 39.136225, 39.138348, 39.137975)))"
31,1104.512038668293,946.8481727424673,28.205002613594562,21.765776753851018,4.531914893617021,170.19701340354544,173.79146742041445,113.3351144496286,181.78242631921992,154.96192541252847,128.1773824043779,90.68709787750308,55.115682212714326,36.463929168360664,19.24162520408624,38.18060906433314,93.88744764744223,60.856878271026524,27.80832994534038,187.2351073509767,33.112489927477846,179413.59307010475,"list(list(c(-84.397332, -84.399841, -84.399539, -84.400933, -84.401576, -84.401842, -84.402581, -84.403811, -84.404791, -84.405541, -84.405341, -84.405241, -84.405242, -84.405308, -84.405549, -84.406241, -84.40634, -84.407518, -84.40764, -84.407948, -84.408077, -84.414743, -84.414935, -84.415011, -84.416351, -84.417102, -84.418744, -84.419905, -84.420399, -84.42084, -84.419115, -84.418068, -84.417638, -84.417102, -84.41619, -84.415344, -84.415241, -84.415141, -84.415017, -84.414905, -84.414807, -84.414725, 
-84.414696, -84.41467, -84.414658, -84.414663, -84.414682, -84.414704, -84.414932, -84.415144, -84.415355, -84.415546, -84.415742, -84.415764, -84.416048, -84.416084, -84.416086, -84.416052, -84.415988, -84.415917, -84.415831, -84.41573, -84.415616, -84.415567, -84.415146, -84.414965, -84.414776, -84.414578, -84.414375, -84.414132, -84.413849, -84.413408, -84.413373, -84.413322, -84.413255, -84.413192, -84.413078, -84.412968, -84.412871, -84.412762, -84.412614, -84.412487, -84.412356, -84.412185, 
-84.41201, -84.411833, -84.411692, -84.411553, -84.411383, -84.411221, -84.411034, -84.410857, -84.410635, -84.410377, -84.41019, -84.4097, -84.409543, -84.409451, -84.409359, -84.409291, -84.409243, -84.409288, -84.409321, -84.409372, -84.409448, -84.409539, -84.409646, -84.409765, -84.410055, -84.410255, -84.410353, -84.410757, -84.410973, -84.411186, -84.411318, -84.41139, -84.411484, -84.411561, -84.411619, -84.411655, -84.411682, -84.41172, -84.411767, -84.411821, -84.411883, -84.411949, -84.412054, 
-84.412126, -84.412196, -84.412686, -84.413283, -84.413848, -84.414178, -84.414934, -84.415035, -84.415141, -84.41525, -84.415873, -84.416936, -84.418746, -84.418963, -84.419139, -84.419309, -84.419514, -84.419794, -84.420043, -84.420174, -84.420272, -84.420283, -84.420369, -84.420368, -84.420355, -84.420317, -84.420285, -84.418141, -84.417732, -84.41767, -84.417615, -84.417575, -84.417511, -84.417226, -84.417899, -84.419769, -84.419812, -84.41987, -84.419949, -84.420005, -84.4201, -84.420203, -84.420275, 
-84.420348, -84.420491, -84.420628, -84.420693, -84.420794, -84.420892, -84.421465, -84.421516, -84.420786, -84.420233, -84.42009, -84.420061, -84.419868, -84.419634, -84.418808, -84.418756, -84.418723, -84.418714, -84.418686, -84.418665, -84.418549, -84.418472, -84.417484, -84.417206, -84.41762, -84.418374, -84.418025, -84.417541, -84.416753, -84.416622, -84.415782, -84.415301, -84.414969, -84.414688, -84.414008, -84.413411, -84.413066, -84.413043, -84.408323, -84.406833, -84.405963, -84.405341, 
-84.404819, -84.403794, -84.401937, -84.401798, -84.401191, -84.400924, -84.400832, -84.400769, -84.40069, -84.400676, -84.400732, -84.40071, -84.400661, -84.400639, -84.40059, -84.400569, -84.400491, -84.40018, -84.40004, -84.399757, -84.399532, -84.399448, -84.399348, -84.399313, -84.399299, -84.399249, -84.399158, -84.399087, -84.399066, -84.399059, -84.39908, -84.399185, -84.399241, -84.399276, -84.39929, -84.39929, -84.399196, -84.399172, -84.399133, -84.399082, -84.399018, -84.398962, -84.398871, 
-84.3988, -84.398752, -84.398745, -84.398732, -84.39869, -84.398502, -84.398234, -84.398129, -84.398019, -84.397807, -84.397631, -84.397264, -84.396785, -84.396584, -84.397332, 39.127551, 39.131258, 39.134355, 39.134494, 39.134683, 39.134761, 39.134761, 39.134752, 39.13486, 39.13486, 39.13586, 39.13736, 39.137957, 39.139506, 39.139572, 39.13976, 39.139459, 39.139548, 39.13956, 39.139574, 39.13958, 39.139971, 39.139981, 39.1392, 39.139292, 39.13934, 39.139448, 39.139512, 39.138306, 39.137975, 39.138348, 
39.13856, 39.138613, 39.138628, 39.138603, 39.138496, 39.138471, 39.138438, 39.13838, 39.138309, 39.138226, 39.138133, 39.138081, 39.137997, 39.137911, 39.137825, 39.13774, 39.137685, 39.137295, 39.1369, 39.136462, 39.136019, 39.135496, 39.135445, 39.134795, 39.134586, 39.134364, 39.134229, 39.134071, 39.133945, 39.133825, 39.133712, 39.133607, 39.133567, 39.133306, 39.13322, 39.133146, 39.133085, 39.133038, 39.133001, 39.132982, 39.132989, 39.133128, 39.133263, 39.133394, 39.133496, 39.13364, 39.133752, 
39.133836, 39.133906, 39.133981, 39.134031, 39.134072, 39.134108, 39.134128, 39.134131, 39.134121, 39.134102, 39.134062, 39.134007, 39.13392, 39.133873, 39.133835, 39.133791, 39.133768, 39.133756, 39.133723, 39.133679, 39.13361, 39.13352, 39.13342, 39.132346, 39.132253, 39.132175, 39.132109, 39.132056, 39.132018, 39.132003, 39.132009, 39.132008, 39.132008, 39.131958, 39.131932, 39.131868, 39.131814, 39.131719, 39.131571, 39.131416, 39.131257, 39.130693, 39.130642, 39.130594, 39.130552, 39.130517, 
39.130488, 39.130468, 39.130453, 39.130454, 39.130464, 39.13062, 39.130734, 39.130781, 39.130891, 39.131239, 39.131279, 39.131309, 39.131329, 39.131387, 39.131453, 39.131547, 39.131587, 39.131635, 39.131693, 39.131745, 39.131799, 39.131832, 39.130295, 39.12915, 39.129024, 39.128242, 39.128217, 39.128193, 39.128168, 39.128162, 39.128005, 39.127982, 39.12797, 39.127943, 39.127903, 39.127797, 39.127311, 39.127072, 39.126463, 39.126327, 39.126224, 39.12613, 39.126094, 39.126051, 39.126024, 39.126015, 
39.126014, 39.126044, 39.126089, 39.1261, 39.126103, 39.126088, 39.125914, 39.125899, 39.125338, 39.124914, 39.124805, 39.124782, 39.124653, 39.12452, 39.124016, 39.123913, 39.123806, 39.123751, 39.12364, 39.123558, 39.123197, 39.123026, 39.122448, 39.122218, 39.121783, 39.120891, 39.120599, 39.120343, 39.119927, 39.119857, 39.119414, 39.119159, 39.118982, 39.118832, 39.118471, 39.118153, 39.117961, 39.117949, 39.115461, 39.114495, 39.113809, 39.113294, 39.112802, 39.111725, 39.109608, 39.109447, 
39.109881, 39.110161, 39.110376, 39.110579, 39.111116, 39.11144, 39.112291, 39.112522, 39.112895, 39.11323, 39.113307, 39.113401, 39.113636, 39.11406, 39.114251, 39.114608, 39.114926, 39.115069, 39.115289, 39.115508, 39.115656, 39.115804, 39.115936, 39.116084, 39.116271, 39.116397, 39.116605, 39.11711, 39.117446, 39.117621, 39.117747, 39.117994, 39.118324, 39.1185, 39.118908, 39.119358, 39.119709, 39.119841, 39.120023, 39.120094, 39.120214, 39.120313, 39.120362, 39.1204, 39.120826, 39.121258, 39.121383, 
39.121542, 39.121788, 39.121964, 39.122261, 39.122606, 39.122737, 39.127551)))"
32,1594.5668869471579,1228.1791468901954,80.9485800637937,245.7897286930555,75.3970815897132,210.5519765555402,165.58073207960865,260.4178077823132,308.34164793974685,186.65551384427567,219.28804055714863,89.84658744844822,100.77616477379283,53.10841596628336,109.73102234607195,57.505165316989334,138.501403876401,108.89266833236772,85.75645700322701,242.63959188483852,34.7049896049896,119785.05769230769,"list(list(c(-84.443494, -84.444395, -84.445471, -84.446064, -84.447336, -84.448574, -84.449865, -84.450531, -84.451156, -84.453403, -84.454032, -84.454992, -84.456265, -84.456439, -84.456494, -84.456594, -84.456678, -84.456747, -84.457276, -84.457461, -84.457663, -84.457773, -84.457864, -84.457996, -84.458122, -84.458345, -84.458843, -84.45897, -84.459103, -84.459229, -84.459395, -84.459546, -84.460214, -84.460367, -84.460503, -84.460655, -84.460795, -84.460915, -84.461398, -84.461474, -84.461557, 
-84.461675, -84.462819, -84.46295, -84.463108, -84.463256, -84.463598, -84.463227, -84.462397, -84.462521, -84.46259, -84.462642, -84.462803, -84.462839, -84.462908, -84.462938, -84.462988, -84.463007, -84.463029, -84.46303, -84.463012, -84.462979, -84.46293, -84.462868, -84.462799, -84.462693, -84.462597, -84.462509, -84.462429, -84.462358, -84.462304, -84.462269, -84.462253, -84.46225, -84.46223, -84.462217, -84.46218, -84.462131, -84.462072, -84.462004, -84.461932, -84.461894, -84.461684, -84.461398, 
-84.461293, -84.461213, -84.461097, -84.461043, -84.460981, -84.460915, -84.460847, -84.46075, -84.460598, -84.460445, -84.460293, -84.460187, -84.460099, -84.460023, -84.459962, -84.459952, -84.459921, -84.45979, -84.459698, -84.459668, -84.459615, -84.459574, -84.459562, -84.459548, -84.45954, -84.459589, -84.459583, -84.459556, -84.459522, -84.459487, -84.459474, -84.459299, -84.459249, -84.45916, -84.458767, -84.458137, -84.458114, -84.45801, -84.457799, -84.457659, -84.457359, -84.457225, -84.457113, 
-84.457054, -84.457019, -84.456972, -84.456946, -84.45691, -84.456887, -84.456888, -84.456877, -84.456854, -84.45682, -84.456777, -84.456663, -84.456624, -84.456574, -84.456515, -84.456448, -84.456376, -84.455626, -84.454855, -84.454489, -84.452469, -84.452209, -84.451989, -84.451408, -84.451236, -84.451091, -84.450947, -84.450807, -84.450038, -84.449821, -84.449342, -84.448804, -84.448587, -84.448524, -84.44848, -84.448444, -84.448419, -84.448386, -84.448337, -84.448274, -84.447982, -84.44723, -84.447191, 
-84.447157, -84.447134, -84.447132, -84.447143, -84.447178, -84.447197, -84.447628, -84.44771, -84.447733, -84.447735, -84.447715, -84.447687, -84.447633, -84.44756, -84.44747, -84.447366, -84.447248, -84.447117, -84.447011, -84.446902, -84.44679, -84.445867, -84.44577, -84.445697, -84.445597, -84.445412, -84.445363, -84.44532, -84.445305, -84.445309, -84.445353, -84.44514, -84.445136, -84.444224, -84.444163, -84.443995, -84.443929, -84.443865, -84.443824, -84.443789, -84.443711, -84.443649, -84.443609, 
-84.443561, -84.443527, -84.443063, -84.442907, -84.442732, -84.442624, -84.442555, -84.442482, -84.44241, -84.442387, -84.442317, -84.442405, -84.442422, -84.442425, -84.442414, -84.44236, -84.442327, -84.442196, -84.442106, -84.441866, -84.443494, 39.137561, 39.137612, 39.137658, 39.137694, 39.137755, 39.137804, 39.137875, 39.137901, 39.137931, 39.138046, 39.138054, 39.138102, 39.137373, 39.137261, 39.137222, 39.137136, 39.137041, 39.136938, 39.135936, 39.135663, 39.135428, 39.135318, 39.135184, 
39.13503, 39.134864, 39.134512, 39.133676, 39.133466, 39.133331, 39.133227, 39.133116, 39.133036, 39.132748, 39.132632, 39.132538, 39.132415, 39.132284, 39.132188, 39.131804, 39.131755, 39.131713, 39.131668, 39.131419, 39.131373, 39.131304, 39.131224, 39.130911, 39.130679, 39.130155, 39.130064, 39.130037, 39.13003, 39.130035, 39.13003, 39.130007, 39.12999, 39.129946, 39.129921, 39.129866, 39.129807, 39.129751, 39.1297, 39.129658, 39.129626, 39.129607, 39.129599, 39.129578, 39.129543, 39.129497, 39.129434, 
39.129362, 39.129283, 39.129201, 39.129086, 39.12899, 39.128952, 39.1289, 39.128854, 39.128816, 39.128788, 39.128769, 39.128764, 39.128755, 39.128733, 39.128707, 39.128677, 39.12856, 39.128527, 39.128505, 39.128495, 39.128498, 39.128517, 39.128536, 39.128535, 39.12852, 39.128499, 39.128465, 39.128418, 39.128361, 39.128344, 39.128319, 39.128286, 39.128276, 39.128266, 39.128238, 39.128198, 39.128176, 39.128152, 39.128102, 39.127568, 39.127452, 39.12731, 39.127229, 39.12718, 39.127149, 39.127043, 39.12703, 
39.127027, 39.127061, 39.127133, 39.127139, 39.12718, 39.12731, 39.127388, 39.12752, 39.12759, 39.12767, 39.127725, 39.127774, 39.127885, 39.128125, 39.12844, 39.128724, 39.129028, 39.129067, 39.129103, 39.129132, 39.129154, 39.129184, 39.129134, 39.12909, 39.129055, 39.129029, 39.129014, 39.128965, 39.128916, 39.128899, 39.128764, 39.128764, 39.12878, 39.128865, 39.128873, 39.128874, 39.12886, 39.128831, 39.128617, 39.128536, 39.128379, 39.128203, 39.128604, 39.128764, 39.128929, 39.129124, 39.129194, 
39.129275, 39.12935, 39.12942, 39.129694, 39.130421, 39.13051, 39.13062, 39.13076, 39.130874, 39.130987, 39.131126, 39.13118, 39.13217, 39.13238, 39.13249, 39.132601, 39.132712, 39.132792, 39.132895, 39.132991, 39.133079, 39.133155, 39.133219, 39.133271, 39.1333, 39.13332, 39.13333, 39.133356, 39.133366, 39.133235, 39.133094, 39.132892, 39.132815, 39.132705, 39.13262, 39.13245, 39.131987, 39.131116, 39.130937, 39.13086, 39.130855, 39.132427, 39.132426, 39.132438, 39.132452, 39.132472, 39.132551, 
39.13263, 39.132652, 39.132663, 39.132662, 39.132614, 39.132548, 39.132453, 39.13238, 39.132363, 39.13236, 39.132369, 39.132375, 39.132432, 39.132516, 39.132557, 39.1326, 39.132643, 39.132745, 39.132838, 39.134152, 39.135122, 39.137468, 39.137561)))"
33,1639.6866043958105,1348.768355701193,60.52515848943014,198.2449078000701,68.56509538261696,196.79669112141514,137.44255168696498,322.93308295295026,343.3582737980475,158.35794931654257,243.78396756025504,90.32273165298871,94.42227759676896,52.269078709877405,104.66771097922327,92.55066952185155,188.89717978901473,131.20640965195616,92.46567352634722,230.6337464091928,34.08660998937301,113612.6439957492,"list(list(c(-84.430329, -84.430344, -84.430345, -84.430363, -84.430397, -84.430446, -84.430864, -84.430942, -84.431055, -84.431104, -84.431363, -84.431968, -84.432121, -84.432374, -84.432702, -84.433102, -84.433189, -84.433268, -84.433688, -84.433796, -84.433886, -84.434456, -84.434578, -84.435704, -84.435895, -84.436365, -84.436467, -84.436569, -84.436675, -84.436848, -84.436981, -84.43714, -84.437898, -84.438395, -84.438562, -84.438703, -84.43892, -84.439653, -84.439725, -84.439757, -84.439809, 
-84.439829, -84.439843, -84.439854, -84.439825, -84.439797, -84.439787, -84.439771, -84.439726, -84.439664, -84.439628, -84.439552, -84.438226, -84.438085, -84.437913, -84.437782, -84.437233, -84.436826, -84.436761, -84.436921, -84.437009, -84.437632, -84.438299, -84.439129, -84.439722, -84.440589, -84.441866, -84.442106, -84.442196, -84.442327, -84.44236, -84.442414, -84.442425, -84.442422, -84.442405, -84.442317, -84.442387, -84.44241, -84.442482, -84.442555, -84.442624, -84.442732, -84.442907, 
-84.443063, -84.443527, -84.443561, -84.443609, -84.443649, -84.443711, -84.443789, -84.443824, -84.443865, -84.443929, -84.443995, -84.444163, -84.444224, -84.445136, -84.44514, -84.445353, -84.445309, -84.445305, -84.44532, -84.445363, -84.445412, -84.445597, -84.445697, -84.44577, -84.445867, -84.44679, -84.446902, -84.447011, -84.447117, -84.447248, -84.447366, -84.44747, -84.44756, -84.447633, -84.447687, -84.447715, -84.447735, -84.447733, -84.44771, -84.447628, -84.447197, -84.447178, -84.447143, 
-84.447132, -84.447134, -84.447157, -84.447191, -84.44723, -84.447982, -84.448274, -84.448337, -84.448386, -84.448419, -84.448444, -84.44848, -84.448524, -84.448587, -84.448804, -84.447918, -84.447269, -84.444561, -84.444394, -84.444318, -84.444236, -84.444081, -84.443974, -84.443873, -84.443811, -84.443138, -84.443065, -84.442985, -84.442241, -84.442125, -84.442043, -84.440828, -84.440732, -84.440646, -84.440573, -84.440514, -84.440436, -84.440378, -84.440304, -84.440215, -84.440111, -84.439764, 
-84.4391, -84.438933, -84.438829, -84.438657, -84.438458, -84.4383, -84.438149, -84.438036, -84.437801, -84.437605, -84.437423, -84.437358, -84.437281, -84.437222, -84.437183, -84.437165, -84.437167, -84.437301, -84.437285, -84.437255, -84.437197, -84.436729, -84.436428, -84.435803, -84.435445, -84.435299, -84.435094, -84.434036, -84.433923, -84.43313, -84.432947, -84.430795, -84.430402, -84.43051, -84.43045, -84.430375, -84.430341, -84.430325, -84.430329, 39.129915, 39.130265, 39.130352, 39.130439, 
39.130522, 39.130601, 39.131088, 39.131181, 39.131289, 39.131329, 39.131524, 39.131963, 39.132049, 39.132181, 39.132346, 39.132524, 39.132571, 39.132627, 39.133, 39.133074, 39.13312, 39.133355, 39.132115, 39.132185, 39.132184, 39.132139, 39.132142, 39.132153, 39.132164, 39.132197, 39.132236, 39.132298, 39.132679, 39.132923, 39.13299, 39.133026, 39.133062, 39.133119, 39.133141, 39.133158, 39.133202, 39.133229, 39.133257, 39.133316, 39.13357, 39.133783, 39.133812, 39.13384, 39.133888, 39.133923, 39.133935, 
39.133945, 39.133855, 39.133836, 39.133796, 39.133751, 39.133487, 39.134003, 39.134107, 39.13418, 39.134238, 39.134909, 39.135654, 39.136624, 39.137326, 39.137382, 39.137468, 39.135122, 39.134152, 39.132838, 39.132745, 39.132643, 39.1326, 39.132557, 39.132516, 39.132432, 39.132375, 39.132369, 39.13236, 39.132363, 39.13238, 39.132453, 39.132548, 39.132614, 39.132662, 39.132663, 39.132652, 39.13263, 39.132551, 39.132472, 39.132452, 39.132438, 39.132426, 39.132427, 39.130855, 39.13086, 39.130937, 39.131116, 
39.131987, 39.13245, 39.13262, 39.132705, 39.132815, 39.132892, 39.133094, 39.133235, 39.133366, 39.133356, 39.13333, 39.13332, 39.1333, 39.133271, 39.133219, 39.133155, 39.133079, 39.132991, 39.132895, 39.132792, 39.132712, 39.132601, 39.13249, 39.13238, 39.13217, 39.13118, 39.131126, 39.130987, 39.130874, 39.13076, 39.13062, 39.13051, 39.130421, 39.129694, 39.12942, 39.12935, 39.129275, 39.129194, 39.129124, 39.128929, 39.128764, 39.128604, 39.128203, 39.127881, 39.127635, 39.126498, 39.128305, 
39.128271, 39.128248, 39.128222, 39.12819, 39.128146, 39.128111, 39.127648, 39.127612, 39.127586, 39.127456, 39.127423, 39.127389, 39.126749, 39.126707, 39.126653, 39.126589, 39.126517, 39.12635, 39.126208, 39.126107, 39.126015, 39.125932, 39.125733, 39.125384, 39.125318, 39.125285, 39.125249, 39.125189, 39.125127, 39.125054, 39.124987, 39.124819, 39.124659, 39.124489, 39.124423, 39.124299, 39.124169, 39.124034, 39.123897, 39.123759, 39.122916, 39.122873, 39.122834, 39.122795, 39.122616, 39.122502, 
39.122264, 39.122784, 39.122985, 39.1233, 39.124849, 39.125801, 39.126991, 39.127228, 39.12833, 39.128539, 39.128645, 39.128855, 39.129213, 39.129437, 39.129662, 39.129915)))"
34,2897.420721969008,2032.786373586953,424.2562920640572,168.389590414543,112.01979233298826,91.4999609710876,10.906707787201233,1206.909821423921,811.4751424034201,165.3318973301066,296.3911063294579,151.53845464004235,155.46778636327466,7.899844720496894,141.34990163569324,230.09247482121202,461.44164383902586,337.2866012401068,143.1579435095832,283.78738200437687,31.460465116279067,106890.82669640012,"list(list(c(-84.504481, -84.505342, -84.505503, -84.505408, -84.505363, -84.505339, -84.505337, -84.505421, -84.505596, -84.507082, -84.507161, -84.507372, -84.507507, -84.507611, -84.507651, -84.50768, -84.507708, -84.507773, -84.508372, -84.508637, -84.509382, -84.509312, -84.509226, -84.509104, -84.50896, -84.509649, -84.51001, -84.510591, -84.511408, -84.511646, -84.512417, -84.513398, -84.514046, -84.514049, -84.514162, -84.514245, -84.514711, -84.514828, -84.514957, -84.515584, -84.515695, 
-84.516095, -84.516598, -84.516964, -84.51725, -84.517714, -84.518428, -84.519259, -84.519075, -84.519045, -84.518972, -84.518869, -84.518781, -84.518696, -84.518445, -84.518285, -84.518387, -84.517815, -84.517662, -84.517503, -84.516647, -84.515883, -84.514286, -84.512667, -84.511887, -84.511063, -84.510266, -84.509457, -84.509747, -84.509934, -84.510095, -84.509277, -84.508464, -84.506783, -84.506136, -84.505788, -84.505321, -84.504821, -84.504504, -84.504499, -84.50449, -84.504478, -84.504481, 
39.105201, 39.105711, 39.105806, 39.105907, 39.105991, 39.106079, 39.106169, 39.107263, 39.107271, 39.107336, 39.107339, 39.107335, 39.107325, 39.107302, 39.10727, 39.107232, 39.107166, 39.107156, 39.107002, 39.106961, 39.106731, 39.106454, 39.10611, 39.105636, 39.105156, 39.105063, 39.105008, 39.10493, 39.104801, 39.105746, 39.105628, 39.105473, 39.105378, 39.105466, 39.105876, 39.106276, 39.10621, 39.106656, 39.10708, 39.106974, 39.106955, 39.106888, 39.10682, 39.10677, 39.106732, 39.106669, 39.106547, 
39.106404, 39.10555, 39.105375, 39.1051, 39.104645, 39.104288, 39.103933, 39.102969, 39.102299, 39.101791, 39.100477, 39.099846, 39.099232, 39.099353, 39.09946, 39.099714, 39.09996, 39.100069, 39.100183, 39.100303, 39.100428, 39.101589, 39.102274, 39.102944, 39.10306, 39.103177, 39.103433, 39.103527, 39.103578, 39.103646, 39.104144, 39.104395, 39.104875, 39.104984, 39.105179, 39.105201)))"
35,2002.6787308744974,1308.9995036047023,373.4893996872956,192.83240515194427,20.53838554801611,56.555446678974164,0.05088666152659985,751.4274172392926,559.1875256107413,89.06730026693535,205.84275818852578,280.083646908127,28.46374932037463,32,138.71952191235061,201.7362549800797,377.18487345913184,293.3841221083285,152.57497074155194,287.3784989571398,32.04514343231002,108112.07750377453,"list(list(c(-84.496676, -84.497045, -84.497677, -84.498362, -84.498448, -84.498474, -84.498576, -84.49904, -84.500147, -84.500209, -84.500252, -84.500794, -84.501299, -84.502631, -84.502655, -84.503684, -84.503975, -84.504135, -84.504325, -84.504373, -84.504481, -84.504478, -84.50449, -84.504499, -84.504504, -84.504821, -84.505321, -84.505788, -84.506136, -84.506783, -84.508464, -84.509277, -84.510095, -84.509934, -84.509747, -84.509457, -84.510266, -84.511063, -84.511887, -84.512667, -84.514286, 
-84.515883, -84.516647, -84.517503, -84.517333, -84.517177, -84.517058, -84.516974, -84.516788, -84.516631, -84.516511, -84.516463, -84.516358, -84.516299, -84.516181, -84.516041, -84.515934, -84.515307, -84.512986, -84.511041, -84.51013, -84.509604, -84.509475, -84.506161, -84.504085, -84.503117, -84.502264, -84.502249, -84.498844, -84.498803, -84.497239, -84.496469, -84.496151, -84.496676, 39.10155, 39.101741, 39.102069, 39.102424, 39.10247, 39.102453, 39.102386, 39.102083, 39.102702, 39.102737, 
39.102761, 39.103075, 39.103367, 39.104144, 39.104155, 39.104749, 39.104917, 39.105009, 39.105111, 39.105137, 39.105201, 39.105179, 39.104984, 39.104875, 39.104395, 39.104144, 39.103646, 39.103578, 39.103527, 39.103433, 39.103177, 39.10306, 39.102944, 39.102274, 39.101589, 39.100428, 39.100303, 39.100183, 39.100069, 39.09996, 39.099714, 39.09946, 39.099353, 39.099232, 39.098601, 39.097967, 39.097492, 39.09716, 39.096419, 39.0958, 39.095358, 39.095182, 39.094782, 39.094559, 39.094177, 39.093287, 39.092862, 
39.092953, 39.093354, 39.093654, 39.093938, 39.0941, 39.094143, 39.095177, 39.096006, 39.096476, 39.096922, 39.096932, 39.099175, 39.099195, 39.100252, 39.100906, 39.101212, 39.10155)))"
36,1459.3534784389838,1264.553391581544,14.328661388062475,20.262369909717513,54.78424880626985,38.607431235994795,41.488705174957296,427.0527793261385,271.1556673360062,146.410426026787,169.30042376580727,199.5598476860775,126.33641139981509,39.44178648740007,101.83123241304742,79.77859187972483,224.1945158928967,208.73653541791188,66.30618366766731,221.5016912576196,44.344359331476326,107779.03272980501,"list(list(c(-84.471543, -84.471876, -84.471904, -84.472155, -84.473405, -84.47368, -84.473876, -84.474103, -84.474554, -84.475272, -84.476484, -84.476604, -84.476822, -84.476947, -84.477237, -84.478843, -84.481661, -84.481843, -84.482693, -84.484028, -84.484167, -84.484341, -84.484443, -84.484575, -84.484728, -84.485718, -84.485954, -84.486292, -84.487036, -84.487048, -84.487055, -84.487039, -84.486984, -84.48687, -84.486762, -84.486568, -84.486177, -84.486003, -84.485634, -84.485476, -84.485466, 
-84.485462, -84.485464, -84.485472, -84.485486, -84.485493, -84.485493, -84.485487, -84.485274, -84.485314, -84.485795, -84.486874, -84.487214, -84.487533, -84.487788, -84.488049, -84.489004, -84.49131, -84.491563, -84.492306, -84.493053, -84.493152, -84.493441, -84.49349, -84.493607, -84.493861, -84.494475, -84.494536, -84.494439, -84.495206, -84.495993, -84.496754, -84.497326, -84.497535, -84.498236, -84.49814, -84.49814, -84.499033, -84.498863, -84.498869, -84.498862, -84.499734, -84.499997, -84.500918, 
-84.501168, -84.501346, -84.50156, -84.501656, -84.501728, -84.501963, -84.502348, -84.502686, -84.503013, -84.503205, -84.503333, -84.503698, -84.504061, -84.505144, -84.505342, -84.504481, -84.504373, -84.504325, -84.504135, -84.503975, -84.503684, -84.502655, -84.502631, -84.501299, -84.500794, -84.500252, -84.500209, -84.500147, -84.49904, -84.498576, -84.498474, -84.498448, -84.498362, -84.497677, -84.497045, -84.496676, -84.496151, -84.496081, -84.49602, -84.495268, -84.494293, -84.494135, 
-84.493945, -84.493206, -84.492981, -84.492527, -84.49117, -84.490393, -84.490142, -84.489142, -84.488492, -84.485244, -84.482675, -84.482146, -84.481187, -84.480511, -84.480098, -84.479578, -84.478544, -84.476888, -84.476606, -84.476455, -84.475909, -84.475328, -84.474355, -84.472731, -84.471412, -84.471543, 39.12196, 39.122269, 39.122261, 39.122162, 39.121668, 39.121547, 39.12143, 39.121294, 39.121102, 39.120767, 39.12013, 39.120075, 39.119999, 39.120169, 39.120571, 39.119869, 39.118611, 39.118506, 
39.117918, 39.116965, 39.116915, 39.116896, 39.116874, 39.116834, 39.116766, 39.115717, 39.115444, 39.115186, 39.114581, 39.114606, 39.114644, 39.114682, 39.114767, 39.11492, 39.115085, 39.115422, 39.116127, 39.116427, 39.116938, 39.117138, 39.117156, 39.117175, 39.117194, 39.117213, 39.11723, 39.117248, 39.117268, 39.117287, 39.117572, 39.117547, 39.117085, 39.11601, 39.115645, 39.115269, 39.114943, 39.11458, 39.113332, 39.110319, 39.11001, 39.109104, 39.108238, 39.108119, 39.107772, 39.107961, 
39.108078, 39.107914, 39.108306, 39.108273, 39.109075, 39.109134, 39.109184, 39.109239, 39.109282, 39.109294, 39.109337, 39.110014, 39.11018, 39.110248, 39.111714, 39.111732, 39.111756, 39.111764, 39.111768, 39.111809, 39.111834, 39.111675, 39.111456, 39.111341, 39.111238, 39.11078, 39.110063, 39.109437, 39.108806, 39.108432, 39.108236, 39.107701, 39.107197, 39.105879, 39.105711, 39.105201, 39.105137, 39.105111, 39.105009, 39.104917, 39.104749, 39.104155, 39.104144, 39.103367, 39.103075, 39.102761, 
39.102737, 39.102702, 39.102083, 39.102386, 39.102453, 39.10247, 39.102424, 39.102069, 39.101741, 39.10155, 39.101212, 39.101276, 39.101341, 39.102051, 39.102751, 39.102865, 39.103001, 39.104252, 39.104633, 39.105187, 39.107238, 39.108091, 39.108419, 39.10992, 39.110698, 39.1137, 39.116005, 39.116432, 39.116952, 39.117536, 39.117765, 39.118007, 39.118498, 39.119228, 39.119428, 39.119535, 39.119923, 39.120162, 39.120583, 39.121183, 39.121612, 39.12196)))"
37,3004.515891456438,2299.5330913783173,526.9427838933212,5,162.6835863624735,247.79164022667834,231.09882583632353,987.1522699572877,371.755500484064,374.0700883352372,274.7410004670571,252.29957957604617,132.15881242065308,133.44817415309123,367.5237644335925,233.72355576834588,364.2869435179173,141.0539582279899,147.16325504619832,23.724515585509685,31.51343729263437,55568.61579296616,"list(list(c(-84.460331, -84.46037, -84.461436, -84.461482, -84.462863, -84.46416, -84.464091, -84.462801, -84.462747, -84.462697, -84.462651, -84.462567, -84.465123, -84.466134, -84.466585, -84.468399, -84.469037, -84.470079, -84.470492, -84.471691, -84.472155, -84.4733, -84.473274, -84.473212, -84.471711, -84.469052, -84.468536, -84.467843, -84.468429, -84.468467, -84.468643, -84.469001, -84.469276, -84.471443, -84.471185, -84.471143, -84.470999, -84.470778, -84.470828, -84.470368, -84.470379, -84.470982, 
-84.471109, -84.470491, -84.471289, -84.472415, -84.470979, -84.467252, -84.466911, -84.466709, -84.465955, -84.465807, -84.465119, -84.464989, -84.464903, -84.464052, -84.463765, -84.463046, -84.462533, -84.462121, -84.461368, -84.461151, -84.460726, -84.460311, -84.460013, -84.459643, -84.45956, -84.459131, -84.458853, -84.458371, -84.458147, -84.460331, 39.158063, 39.158069, 39.158152, 39.15781, 39.157903, 39.157996, 39.158768, 39.158675, 39.159344, 39.159776, 39.160165, 39.160973, 39.161157, 
39.161211, 39.161242, 39.161363, 39.1614, 39.161461, 39.161486, 39.161558, 39.161586, 39.161655, 39.161505, 39.161267, 39.16083, 39.160736, 39.160712, 39.16066, 39.160555, 39.159823, 39.158574, 39.158606, 39.15864, 39.15886, 39.15714, 39.156861, 39.156162, 39.155174, 39.154046, 39.154046, 39.153876, 39.150028, 39.148761, 39.148717, 39.147891, 39.146837, 39.147148, 39.146944, 39.147305, 39.147533, 39.148365, 39.148517, 39.149279, 39.149433, 39.149513, 39.150434, 39.150759, 39.151573, 39.152105, 39.152564, 
39.153464, 39.153704, 39.154259, 39.154765, 39.155139, 39.155604, 39.155723, 39.15631, 39.156706, 39.157341, 39.157544, 39.158063)))"
38,1852.3603981732144,1350.664289715925,310.1554765905895,0,307.734748665727,196.2194159816873,218.5639553286998,227.2819998088206,223.69247306704858,281.255787582567,312.7335250074683,172.37467442107777,132.3173168312609,87.92125014458418,181.50249630118847,236.48852363207433,201.56607790012657,98.71778124330112,105.25826961747882,3.2754844144903115,41.809761163032185,51952.2544132918,"list(list(c(-84.455386, -84.455501, -84.455799, -84.456115, -84.456194, -84.456563, -84.458219, -84.460266, -84.460248, -84.462305, -84.462833, -84.464125, -84.464456, -84.465182, -84.465198, -84.46525, -84.46608, -84.466338, -84.466404, -84.466433, -84.466458, -84.467354, -84.467538, -84.468846, -84.46907, -84.470534, -84.471818, -84.472579, -84.473094, -84.473182, -84.473584, -84.473695, -84.473526, -84.4733, -84.472155, -84.471691, -84.470492, -84.470079, -84.469037, -84.468399, -84.466585, -84.466134, 
-84.465123, -84.462567, -84.462651, -84.462697, -84.462747, -84.462801, -84.464091, -84.46416, -84.462863, -84.461482, -84.461436, -84.46037, -84.460331, -84.458147, -84.457476, -84.457121, -84.456839, -84.456292, -84.456224, -84.456026, -84.455757, -84.455516, -84.455475, -84.45535, -84.455269, -84.455386, 39.162598, 39.162634, 39.162743, 39.162851, 39.162866, 39.162886, 39.162993, 39.163119, 39.163389, 39.16352, 39.163558, 39.163643, 39.164002, 39.164844, 39.164857, 39.164877, 39.164887, 39.164894, 
39.16411, 39.1633, 39.16291, 39.162962, 39.16296, 39.16296, 39.162988, 39.163183, 39.163357, 39.16336, 39.162708, 39.162597, 39.162048, 39.161817, 39.161652, 39.161655, 39.161586, 39.161558, 39.161486, 39.161461, 39.1614, 39.161363, 39.161242, 39.161211, 39.161157, 39.160973, 39.160165, 39.159776, 39.159344, 39.158675, 39.158768, 39.157996, 39.157903, 39.15781, 39.158152, 39.158069, 39.158063, 39.157544, 39.158535, 39.159082, 39.159515, 39.160424, 39.160543, 39.160888, 39.161402, 39.161891, 39.162037, 
39.162358, 39.162544, 39.162598)))"
39,1555.0217072027585,1424.0086768026413,89.5573044968178,7.108294930875576,8.653992395437262,257.0521300505255,81.3614204375596,304.0547712815457,308.4254049697478,178.24559846254687,188.37931063154076,124.79959516231963,102.11285750053308,10.590618706439649,82.27150563546148,101.90752324276679,167.4427132630102,126.29812628860537,57.65963464651445,118.35188795386553,34.104097116843704,88575.07738998483,"list(list(c(-84.452003, -84.452425, -84.452644, -84.452769, -84.452902, -84.452971, -84.45309, -84.453095, -84.453178, -84.453199, -84.453273, -84.453403, -84.453468, -84.453522, -84.453564, -84.453593, -84.453602, -84.453606, -84.453788, -84.453848, -84.454192, -84.454389, -84.454403, -84.454282, -84.454408, -84.454437, -84.454664, -84.455269, -84.45535, -84.455475, -84.455516, -84.455757, -84.456026, -84.456224, -84.456292, -84.456839, -84.457121, -84.457476, -84.458147, -84.458371, -84.458853, 
-84.459131, -84.45956, -84.459643, -84.460013, -84.460311, -84.460726, -84.461151, -84.461368, -84.462121, -84.461977, -84.461606, -84.46064, -84.459396, -84.459085, -84.458976, -84.458922, -84.458163, -84.457342, -84.457167, -84.456889, -84.456559, -84.456467, -84.455704, -84.455579, -84.455498, -84.454961, -84.454206, -84.454328, -84.454408, -84.454521, -84.453386, -84.45322, -84.453186, -84.452052, -84.451883, -84.451853, -84.451788, -84.451707, -84.451694, -84.451667, -84.451659, -84.45167, -84.451699, 
-84.451746, -84.451807, -84.452348, -84.452807, -84.453594, -84.454152, -84.454852, -84.455198, -84.454286, -84.453387, -84.452478, -84.451548, -84.452003, 39.159028, 39.159299, 39.15945, 39.159505, 39.159549, 39.159566, 39.159624, 39.159653, 39.159744, 39.159763, 39.159827, 39.159924, 39.159991, 39.160064, 39.160142, 39.160224, 39.160261, 39.160279, 39.160738, 39.160906, 39.161852, 39.162417, 39.162458, 39.163557, 39.163719, 39.163807, 39.163664, 39.162544, 39.162358, 39.162037, 39.161891, 39.161402, 
39.160888, 39.160543, 39.160424, 39.159515, 39.159082, 39.158535, 39.157544, 39.157341, 39.156706, 39.15631, 39.155723, 39.155604, 39.155139, 39.154765, 39.154259, 39.153704, 39.153464, 39.152564, 39.15257, 39.152496, 39.15231, 39.152069, 39.152001, 39.151993, 39.151996, 39.151996, 39.151992, 39.151996, 39.15203, 39.152074, 39.15208, 39.152244, 39.152257, 39.152256, 39.152262, 39.152304, 39.151113, 39.150424, 39.149308, 39.14923, 39.150673, 39.151045, 39.150965, 39.152618, 39.152714, 39.152803, 39.152838, 
39.152856, 39.152916, 39.152979, 39.153043, 39.153106, 39.153162, 39.15321, 39.153675, 39.154056, 39.15472, 39.155191, 39.155792, 39.15607, 39.156715, 39.157367, 39.158026, 39.158703, 39.159028)))"
40,1739.3883835090992,1549.3594504420907,87.0465307583818,11.927419354838708,43,298.16996650364445,67.12917925725615,517.800638873473,306.33639116993925,216.72215071296344,167.82398597432797,107.85914448604201,51.26874205121855,6.278184480234261,53.55365869396364,102.19033446572614,199.2662023801148,125.8816612424794,57.550920879775816,131.75048698233851,26.99078125,88756.225,"list(list(c(-84.454961, -84.455498, -84.455579, -84.455704, -84.456467, -84.456559, -84.456889, -84.457167, -84.457342, -84.458163, -84.458922, -84.458976, -84.459085, -84.459396, -84.46064, -84.461606, -84.461977, -84.462121, -84.462533, -84.463046, -84.463765, -84.464052, -84.464903, -84.464989, -84.465119, -84.465807, -84.465955, -84.466709, -84.466911, -84.467252, -84.466043, -84.461224, -84.459874, -84.458633, -84.45847, -84.458451, -84.458388, -84.45744, -84.456037, -84.455953, -84.455914, 
-84.455846, -84.454698, -84.454521, -84.454408, -84.454328, -84.454206, -84.454961, 39.152262, 39.152256, 39.152257, 39.152244, 39.15208, 39.152074, 39.15203, 39.151996, 39.151992, 39.151996, 39.151996, 39.151993, 39.152001, 39.152069, 39.15231, 39.152496, 39.15257, 39.152564, 39.152105, 39.151573, 39.150759, 39.150434, 39.149513, 39.149433, 39.149279, 39.148517, 39.148365, 39.147533, 39.147305, 39.146944, 39.146873, 39.1466, 39.146547, 39.146471, 39.146465, 39.146555, 39.146568, 39.146861, 39.147296, 
39.147253, 39.14725, 39.147267, 39.147618, 39.149308, 39.150424, 39.151113, 39.152304, 39.152262)))"
41,1629.9334544628662,1404.3017260958438,192.1730070406541,0.8928571428571429,21,238.3966613672496,94.45872132636839,372.20037474449236,373.56558028616854,110.78162616397911,167.18794004088122,224.8821258233023,47.03185328185328,1.4285714285714286,114.99506018623666,42.845162389280034,199.33357937769702,165.46212809448105,90.20593913240972,120.90886895298661,32.481944444444444,97145.97685185185,"list(list(c(-84.443456, -84.444282, -84.44581, -84.445956, -84.44684, -84.447169, -84.448491, -84.449014, -84.449604, -84.449766, -84.449706, -84.449662, -84.449578, -84.449537, -84.450397, -84.450534, -84.451441, -84.451977, -84.452348, -84.451807, -84.451746, -84.451699, -84.45167, -84.451659, -84.451667, -84.451694, -84.451707, -84.451788, -84.451853, -84.451883, -84.452052, -84.453186, -84.45322, -84.453386, -84.454521, -84.454698, -84.455846, -84.455914, -84.455953, -84.456037, -84.45744, -84.458388, 
-84.458451, -84.45847, -84.457918, -84.456992, -84.456744, -84.455494, -84.455014, -84.45488, -84.451609, -84.450547, -84.449484, -84.44944, -84.449389, -84.449335, -84.449282, -84.449237, -84.448311, -84.448706, -84.44964, -84.450035, -84.449552, -84.447969, -84.446659, -84.445897, -84.443767, -84.443326, -84.442845, -84.442743, -84.442777, -84.442826, -84.442768, -84.442714, -84.442656, -84.442625, -84.442592, -84.442536, -84.442531, -84.442499, -84.442472, -84.442439, -84.442414, -84.442408, -84.442351, 
-84.442323, -84.44227, -84.442181, -84.443456, 39.152312, 39.152368, 39.15247, 39.152488, 39.152513, 39.152535, 39.152612, 39.152648, 39.152677, 39.152694, 39.153285, 39.153671, 39.154615, 39.154998, 39.155076, 39.154983, 39.154328, 39.153933, 39.153675, 39.15321, 39.153162, 39.153106, 39.153043, 39.152979, 39.152916, 39.152856, 39.152838, 39.152803, 39.152714, 39.152618, 39.150965, 39.151045, 39.150673, 39.14923, 39.149308, 39.147618, 39.147267, 39.14725, 39.147253, 39.147296, 39.146861, 39.146568, 
39.146555, 39.146465, 39.146368, 39.146176, 39.146125, 39.145802, 39.145661, 39.145621, 39.146972, 39.147378, 39.147795, 39.147819, 39.147833, 39.147834, 39.147823, 39.1478, 39.14828, 39.146015, 39.145468, 39.145223, 39.145199, 39.145177, 39.145107, 39.145076, 39.144876, 39.144848, 39.14481, 39.1448, 39.144879, 39.144978, 39.145454, 39.146264, 39.146943, 39.147359, 39.14772, 39.148149, 39.148245, 39.148654, 39.148893, 39.149249, 39.149579, 39.14965, 39.150373, 39.150608, 39.151243, 39.152212, 39.152312
)))"
42,1146.81868990752,835.9537511680101,169.578756626001,32.597855227882036,153.09875033839543,69.52932469369755,28.580428954423592,395.12916663028005,271.05600771978237,90.94353380897905,159.13241959287754,70.2030634611522,49.108155548375265,13.136589497952162,134.79633397664853,174.42210791976316,221.67459021404056,78.15415549597856,51.72788203753351,2.485254691689008,33.73599683544304,55251.0332278481,"list(list(c(-84.436066, -84.436182, -84.436699, -84.439338, -84.440559, -84.441443, -84.441721, -84.442699, -84.442684, -84.443904, -84.445133, -84.446133, -84.446372, -84.446394, -84.446438, -84.446453, -84.446474, -84.446497, -84.446571, -84.44658, -84.446717, -84.447011, -84.447159, -84.447208, -84.447315, -84.447405, -84.447413, -84.44744, -84.447482, -84.448104, -84.448159, -84.448221, -84.448288, -84.448391, -84.44822, -84.447967, -84.447721, -84.447407, -84.447076, -84.446716, -84.446449, 
-84.446374, -84.446255, -84.446154, -84.446069, -84.446004, -84.445964, -84.445956, -84.44581, -84.444282, -84.443456, -84.442181, -84.442099, -84.442069, -84.440642, -84.439248, -84.438042, -84.437547, -84.437188, -84.437412, -84.437739, -84.437894, -84.438116, -84.438064, -84.438058, -84.437537, -84.436463, -84.436366, -84.436117, -84.436028, -84.435936, -84.43621, -84.43615, -84.43619, -84.436238, -84.436255, -84.436253, -84.436184, -84.436157, -84.436084, -84.435757, -84.436066, 39.163499, 39.163513, 
39.163551, 39.163713, 39.163798, 39.163846, 39.16387, 39.16375, 39.163921, 39.164001, 39.164076, 39.164131, 39.164147, 39.163837, 39.163406, 39.163264, 39.163059, 39.1629, 39.162116, 39.162097, 39.161806, 39.161181, 39.159772, 39.15925, 39.158193, 39.157199, 39.157157, 39.157097, 39.157042, 39.156503, 39.15647, 39.156446, 39.15643, 39.156424, 39.156167, 39.155768, 39.155431, 39.154942, 39.15446, 39.153903, 39.153481, 39.153388, 39.153219, 39.153044, 39.152863, 39.152677, 39.152521, 39.152488, 39.15247, 
39.152368, 39.152312, 39.152212, 39.153084, 39.153397, 39.15536, 39.156336, 39.157355, 39.157564, 39.158048, 39.158423, 39.158998, 39.159271, 39.159329, 39.160039, 39.160243, 39.161259, 39.161492, 39.16164, 39.161716, 39.16182, 39.161929, 39.162103, 39.16218, 39.162245, 39.162444, 39.162617, 39.162856, 39.163031, 39.163115, 39.163275, 39.163729, 39.163499)))"
43,1220.6725350424288,1021.432193333857,78.11943612321292,19.473573343546533,101.83375932823938,139.71833303631487,104.01910657324882,305.9792320725032,187.90953505770474,123.3034441329011,141.24810386926617,136.84556973648708,65.15972190847062,16.489488655532142,69.25443841288855,161.80817407433275,161.86126334674333,108.03552971005647,26.674750122893325,38.76337667899559,33.95742904841402,64635.88814691152,"list(list(c(-84.445964, -84.446004, -84.446069, -84.446154, -84.446255, -84.446374, -84.446449, -84.446716, -84.447076, -84.447407, -84.447721, -84.447967, -84.44822, -84.448391, -84.448288, -84.448221, -84.448159, -84.448104, -84.447482, -84.44744, -84.447413, -84.447405, -84.447315, -84.447208, -84.447159, -84.447011, -84.446717, -84.44658, -84.446571, -84.446497, -84.446474, -84.446453, -84.446438, -84.446394, -84.446372, -84.447593, -84.448822, -84.450054, -84.450083, -84.450904, -84.451175, 
-84.451363, -84.454185, -84.454238, -84.454243, -84.454397, -84.454437, -84.454408, -84.454282, -84.454403, -84.454389, -84.454192, -84.453848, -84.453788, -84.453606, -84.453602, -84.453593, -84.453564, -84.453522, -84.453468, -84.453403, -84.453273, -84.453199, -84.453178, -84.453095, -84.45309, -84.452971, -84.452902, -84.452769, -84.452644, -84.452425, -84.452003, -84.451548, -84.452478, -84.453387, -84.454286, -84.455198, -84.454852, -84.454152, -84.453594, -84.452807, -84.452348, -84.451977, 
-84.451441, -84.450534, -84.450397, -84.449537, -84.449578, -84.449662, -84.449706, -84.449766, -84.449604, -84.449014, -84.448491, -84.447169, -84.44684, -84.445956, -84.445964, 39.152521, 39.152677, 39.152863, 39.153044, 39.153219, 39.153388, 39.153481, 39.153903, 39.15446, 39.154942, 39.155431, 39.155768, 39.156167, 39.156424, 39.15643, 39.156446, 39.15647, 39.156503, 39.157042, 39.157097, 39.157157, 39.157199, 39.158193, 39.15925, 39.159772, 39.161181, 39.161806, 39.162097, 39.162116, 39.1629, 
39.163059, 39.163264, 39.163406, 39.163837, 39.164147, 39.16422, 39.164298, 39.164379, 39.164101, 39.16409, 39.163933, 39.16396, 39.164424, 39.164437, 39.164418, 39.163934, 39.163807, 39.163719, 39.163557, 39.162458, 39.162417, 39.161852, 39.160906, 39.160738, 39.160279, 39.160261, 39.160224, 39.160142, 39.160064, 39.159991, 39.159924, 39.159827, 39.159763, 39.159744, 39.159653, 39.159624, 39.159566, 39.159549, 39.159505, 39.15945, 39.159299, 39.159028, 39.158703, 39.158026, 39.157367, 39.156715, 
39.15607, 39.155792, 39.155191, 39.15472, 39.154056, 39.153675, 39.153933, 39.154328, 39.154983, 39.155076, 39.154998, 39.154615, 39.153671, 39.153285, 39.152694, 39.152677, 39.152648, 39.152612, 39.152535, 39.152513, 39.152488, 39.152521)))"
44,2545.165229875328,1742.9442021575574,601.5249649549323,0,404.41349793792796,257.1335843485681,390.4511434511435,723.8358163977057,374.70708079665735,213.00364671863042,193.22823989110634,181.41050133069677,150.3186697095492,61.07654723127036,283.12900309480113,230.82669790813114,386.4216514183941,58.16839916839917,196.18087318087316,24.74012474012474,31.578590664272895,65195.41023339318,"list(list(c(-84.434539, -84.434599, -84.434797, -84.434782, -84.434742, -84.434739, -84.434636, -84.435698, -84.435342, -84.43534, -84.435341, -84.436096, -84.440102, -84.439783, -84.439701, -84.439604, -84.439636, -84.4401, -84.442689, -84.44346, -84.443655, -84.443711, -84.443768, -84.443936, -84.444041, -84.444134, -84.444227, -84.44448, -84.44463, -84.444759, -84.444907, -84.445103, -84.44517, -84.445462, -84.445832, -84.446303, -84.446375, -84.446489, -84.446638, -84.446798, -84.446883, -84.447062, 
-84.44722, -84.448692, -84.449216, -84.449722, -84.450049, -84.450761, -84.451008, -84.451344, -84.451412, -84.451515, -84.451852, -84.452076, -84.452186, -84.452341, -84.452504, -84.452628, -84.452736, -84.452827, -84.452901, -84.453048, -84.453285, -84.453613, -84.454027, -84.454081, -84.454123, -84.454178, -84.454238, -84.454185, -84.451363, -84.451175, -84.450904, -84.450083, -84.450054, -84.448822, -84.447593, -84.446372, -84.446133, -84.445133, -84.443904, -84.442684, -84.442699, -84.441721, 
-84.441443, -84.440559, -84.439338, -84.436699, -84.436182, -84.436066, -84.435757, -84.436084, -84.436157, -84.436184, -84.436253, -84.436255, -84.436238, -84.43619, -84.43615, -84.43621, -84.435936, -84.435864, -84.43567, -84.435438, -84.435231, -84.435215, -84.434953, -84.434652, -84.434517, -84.434476, -84.434539, 39.163508, 39.163672, 39.164396, 39.164465, 39.164644, 39.164703, 39.166425, 39.166489, 39.16936, 39.169969, 39.17009, 39.169733, 39.168006, 39.170885, 39.171756, 39.172689, 39.172692, 
39.172724, 39.173647, 39.173925, 39.173991, 39.174017, 39.174056, 39.173907, 39.173792, 39.17367, 39.173516, 39.172981, 39.172727, 39.172573, 39.172421, 39.172252, 39.172183, 39.171933, 39.171604, 39.171176, 39.171115, 39.171005, 39.170881, 39.170766, 39.170713, 39.170617, 39.170548, 39.170096, 39.169936, 39.16979, 39.16969, 39.169522, 39.16946, 39.169337, 39.169309, 39.169253, 39.169002, 39.168827, 39.168755, 39.168638, 39.168488, 39.168351, 39.168205, 39.168053, 39.167895, 39.167561, 39.166921, 
39.166086, 39.165077, 39.164953, 39.164854, 39.164677, 39.164437, 39.164424, 39.16396, 39.163933, 39.16409, 39.164101, 39.164379, 39.164298, 39.16422, 39.164147, 39.164131, 39.164076, 39.164001, 39.163921, 39.16375, 39.16387, 39.163846, 39.163798, 39.163713, 39.163551, 39.163513, 39.163499, 39.163729, 39.163275, 39.163115, 39.163031, 39.162856, 39.162617, 39.162444, 39.162245, 39.16218, 39.162103, 39.161929, 39.162013, 39.162214, 39.162427, 39.162596, 39.162609, 39.1628, 39.163001, 39.163083, 39.163106, 
39.163508)))"
45,1212.4631432591027,960.8271551246021,178.32480541745053,0,96.362267843552,130.1620325982742,30.60209172808633,253.6984039124079,141.84149717914335,138.53138635467565,181.26269385495846,255.56360024117583,30.884092828533426,49.917344561847436,139.06410598557557,140.76699185866832,174.6737547760173,122.12817902363327,24.60481099656357,10.29530201342282,45.84565070802428,55215.67026298044,"list(list(c(-84.455238, -84.455368, -84.455414, -84.455444, -84.455458, -84.455455, -84.455421, -84.455375, -84.455435, -84.456223, -84.456306, -84.456467, -84.457103, -84.457986, -84.457879, -84.458793, -84.458804, -84.458886, -84.458966, -84.459033, -84.459115, -84.459202, -84.459302, -84.459355, -84.459403, -84.459496, -84.459635, -84.459821, -84.458916, -84.458036, -84.457162, -84.456193, -84.45601, -84.455967, -84.455877, -84.455781, -84.456754, -84.456683, -84.456646, -84.456534, -84.455569, 
-84.455046, -84.455238, 39.174317, 39.174753, 39.174891, 39.175032, 39.175174, 39.175317, 39.175731, 39.176697, 39.176699, 39.176722, 39.176722, 39.176723, 39.176737, 39.176754, 39.177778, 39.177771, 39.177665, 39.176774, 39.176068, 39.175409, 39.174671, 39.173835, 39.172858, 39.172311, 39.171878, 39.170994, 39.16966, 39.167959, 39.167909, 39.16786, 39.167802, 39.167744, 39.169443, 39.169935, 39.170768, 39.17161, 39.171667, 39.172356, 39.172626, 39.173718, 39.173667, 39.173641, 39.174317)))"
46,1331.9339332603922,843.0197550515361,268.03885091344694,5.821287779237845,154.7134510992172,140.31352176153067,163.2077365688815,206.91282204228307,207.8540755699017,151.70302009303057,136.98905545403628,235.3560884847913,42.181601704424615,47.41601158151262,117.32938551058554,166.9867719884928,205.93085197092842,76.98887898228122,67.45461046328097,21.263940946652674,37.93179824561404,65968.88377192983,"list(list(c(-84.453598, -84.454841, -84.454915, -84.454984, -84.455046, -84.455569, -84.456534, -84.456646, -84.456683, -84.456754, -84.455781, -84.455877, -84.455967, -84.45601, -84.456193, -84.457162, -84.458036, -84.458916, -84.459821, -84.462336, -84.462657, -84.462976, -84.463259, -84.463584, -84.465976, -84.465927, -84.466055, -84.466338, -84.46608, -84.46525, -84.465198, -84.465182, -84.464456, -84.464125, -84.462833, -84.462305, -84.460248, -84.460266, -84.458219, -84.456563, -84.456194, 
-84.456115, -84.455799, -84.455501, -84.455386, -84.455269, -84.454664, -84.454437, -84.454397, -84.454243, -84.454238, -84.454178, -84.454123, -84.454081, -84.454027, -84.453613, -84.453285, -84.453048, -84.452901, -84.452827, -84.452736, -84.452628, -84.452504, -84.452341, -84.452186, -84.452076, -84.451852, -84.451515, -84.451412, -84.451344, -84.451008, -84.450761, -84.450049, -84.450072, -84.450076, -84.450016, -84.449921, -84.44982, -84.44972, -84.453598, 39.173629, 39.173692, 39.17369, 39.173672, 
39.173641, 39.173667, 39.173718, 39.172626, 39.172356, 39.171667, 39.17161, 39.170768, 39.169935, 39.169443, 39.167744, 39.167802, 39.16786, 39.167909, 39.167959, 39.168012, 39.16801, 39.167996, 39.16797, 39.167925, 39.167994, 39.167373, 39.16638, 39.164894, 39.164887, 39.164877, 39.164857, 39.164844, 39.164002, 39.163643, 39.163558, 39.16352, 39.163389, 39.163119, 39.162993, 39.162886, 39.162866, 39.162851, 39.162743, 39.162634, 39.162598, 39.162544, 39.163664, 39.163807, 39.163934, 39.164418, 39.164437, 
39.164677, 39.164854, 39.164953, 39.165077, 39.166086, 39.166921, 39.167561, 39.167895, 39.168053, 39.168205, 39.168351, 39.168488, 39.168638, 39.168755, 39.168827, 39.169002, 39.169253, 39.169309, 39.169337, 39.16946, 39.169522, 39.16969, 39.169752, 39.169795, 39.170418, 39.171403, 39.172362, 39.173378, 39.173629)))"
47,1529.0944499428062,1249.8062834422635,196.5150946794447,4.178712220762155,62.17261269569695,131.0995963283812,139.30899973341116,345.6786422102352,225.91392496421022,179.25580958851262,170.31970222797406,154.6704250930009,105.65357851397853,77.19377128310246,154.21243167710395,283.8617429593152,206.23202700742422,109.11120252279449,35.51905387647832,34.21087198245324,36.55395894428152,60580.981671554255,"list(list(c(-84.443532, -84.443664, -84.443894, -84.443814, -84.444181, -84.444492, -84.444463, -84.448942, -84.448842, -84.450039, -84.451621, -84.454638, -84.4552, -84.455745, -84.45612, -84.456442, -84.45699, -84.457348, -84.457879, -84.457986, -84.457103, -84.456467, -84.456306, -84.456223, -84.455435, -84.455375, -84.455421, -84.455455, -84.455458, -84.455444, -84.455414, -84.455368, -84.455238, -84.455046, -84.454984, -84.454915, -84.454841, -84.453598, -84.44972, -84.44982, -84.449921, -84.450016, 
-84.450076, -84.450072, -84.450049, -84.449722, -84.449216, -84.448692, -84.44722, -84.447062, -84.446883, -84.446798, -84.446638, -84.446489, -84.446375, -84.446303, -84.445832, -84.445462, -84.44517, -84.445103, -84.444907, -84.444759, -84.44463, -84.44448, -84.444227, -84.444134, -84.444041, -84.443936, -84.443768, -84.443306, -84.443071, -84.443532, 39.174957, 39.175075, 39.175282, 39.175333, 39.175741, 39.176231, 39.176384, 39.17656, 39.17706, 39.177258, 39.177383, 39.177564, 39.177561, 39.177563, 
39.177604, 39.17766, 39.17772, 39.177762, 39.177778, 39.176754, 39.176737, 39.176723, 39.176722, 39.176722, 39.176699, 39.176697, 39.175731, 39.175317, 39.175174, 39.175032, 39.174891, 39.174753, 39.174317, 39.173641, 39.173672, 39.17369, 39.173692, 39.173629, 39.173378, 39.172362, 39.171403, 39.170418, 39.169795, 39.169752, 39.16969, 39.16979, 39.169936, 39.170096, 39.170548, 39.170617, 39.170713, 39.170766, 39.170881, 39.171005, 39.171115, 39.171176, 39.171604, 39.171933, 39.172183, 39.172252, 
39.172421, 39.172573, 39.172727, 39.172981, 39.173516, 39.17367, 39.173792, 39.173907, 39.174056, 39.174408, 39.174555, 39.174957)))"
48,1439.9887036719724,1194.8715644284991,95.41304347826086,7.008491563103611,69.12858522540908,138.78260869565216,313.10659737652117,110.54693454632364,101.18223980103329,234.4182684282705,220.54372481480266,218.47576613438267,79.33589364172742,23.596670233258745,20.445652173913043,46.69655296661061,88.1824589209334,65.89186596526821,92.0789998467721,157.40036044795698,43.91214814814814,149402.57777777777,"list(list(c(-84.310565, -84.310706, -84.31091, -84.311199, -84.311452, -84.311811, -84.311974, -84.312143, -84.312206, -84.312749, -84.31284, -84.312946, -84.312995, -84.313122, -84.313164, -84.313185, -84.313277, -84.313573, -84.31384, -84.313939, -84.314052, -84.314157, -84.314221, -84.314228, -84.314207, -84.314186, -84.314073, -84.313763, -84.313508, -84.313189, -84.313, -84.312976, -84.313105, -84.313037, -84.313002, -84.312975, -84.312953, -84.312917, -84.31291, -84.31291, -84.312925, -84.312946, 
-84.313016, -84.313093, -84.313228, -84.31334, -84.313382, -84.31339, -84.313389, -84.313481, -84.313552, -84.313706, -84.314054, -84.314079, -84.314072, -84.314049, -84.314057, -84.314122, -84.314205, -84.31407, -84.314101, -84.31408, -84.314059, -84.314016, -84.314009, -84.314023, -84.314094, -84.31415, -84.31422, -84.314291, -84.314411, -84.314636, -84.314841, -84.314946, -84.315003, -84.315038, -84.315073, -84.315348, -84.315383, -84.315439, -84.315481, -84.315538, -84.315643, -84.31565, -84.315644, 
-84.315664, -84.315671, -84.315714, -84.315792, -84.315989, -84.316024, -84.316031, -84.316094, -84.316158, -84.316257, -84.316348, -84.316489, -84.316658, -84.316856, -84.31694, -84.317024, -84.317123, -84.317257, -84.317454, -84.317496, -84.317588, -84.317609, -84.317665, -84.317912, -84.318053, -84.318123, -84.318244, -84.318272, -84.318271, -84.318314, -84.318391, -84.318427, -84.318421, -84.318403, -84.318518, -84.318649, -84.318759, -84.318835, -84.318962, -84.319018, -84.319054, -84.319096, 
-84.319061, -84.319039, -84.319025, -84.31899, -84.318977, -84.318962, -84.318926, -84.318913, -84.318864, -84.318835, -84.318842, -84.318867, -84.318881, -84.318967, -84.319018, -84.319072, -84.319075, -84.319162, -84.319188, -84.319209, -84.319323, -84.319548, -84.319568, -84.31964, -84.319746, -84.319887, -84.319975, -84.320133, -84.32041, -84.320481, -84.320531, -84.320559, -84.320627, -84.320628, -84.320647, -84.32076, -84.320873, -84.320931, -84.320986, -84.320987, -84.320988, -84.320971, -84.320928, 
-84.320897, -84.320888, -84.320896, -84.32092, -84.321103, -84.321108, -84.321307, -84.321384, -84.321407, -84.321426, -84.321634, -84.321815, -84.321902, -84.322023, -84.32211, -84.322178, -84.322419, -84.321812, -84.320345, -84.319295, -84.318746, -84.3182, -84.318142, -84.316781, -84.316117, -84.315233, -84.314806, -84.314631, -84.314527, -84.31429, -84.313104, -84.311907, -84.311801, -84.311756, -84.311735, -84.311734, -84.31177, -84.311992, -84.312032, -84.311679, -84.31165, -84.311581, -84.311525, 
-84.311496, -84.311468, -84.311439, -84.311411, -84.31138, -84.311349, -84.311316, -84.311286, -84.311267, -84.311157, -84.311028, -84.311024, -84.31102, -84.311019, -84.311015, -84.310738, -84.31073, -84.310617, -84.310599, -84.310449, -84.310421, -84.310417, -84.310565, 39.091086, 39.091201, 39.091322, 39.091448, 39.091553, 39.091745, 39.091821, 39.091871, 39.091898, 39.092421, 39.09253, 39.092694, 39.092761, 39.092854, 39.092919, 39.092985, 39.093057, 39.0932, 39.093288, 39.093331, 39.093419, 
39.093562, 39.093688, 39.093759, 39.093815, 39.093836, 39.093896, 39.094019, 39.094083, 39.094399, 39.094621, 39.094775, 39.094958, 39.094978, 39.094978, 39.094994, 39.095, 39.095049, 39.095072, 39.095093, 39.095132, 39.095165, 39.095209, 39.095242, 39.09534, 39.095456, 39.095511, 39.095566, 39.09573, 39.095982, 39.09606, 39.095938, 39.095935, 39.096026, 39.096218, 39.096453, 39.096611, 39.096804, 39.097257, 39.097491, 39.097685, 39.097844, 39.097964, 39.098085, 39.098157, 39.098239, 39.098415, 39.098492, 
39.098547, 39.098585, 39.098618, 39.098656, 39.098706, 39.098761, 39.0988, 39.098832, 39.098887, 39.09942, 39.099595, 39.099787, 39.09998, 39.100062, 39.100341, 39.100485, 39.100836, 39.101006, 39.101105, 39.101226, 39.101379, 39.101631, 39.101726, 39.101835, 39.102093, 39.102246, 39.10229, 39.102312, 39.10228, 39.102202, 39.102181, 39.102186, 39.102202, 39.102241, 39.102274, 39.102384, 39.102433, 39.102609, 39.102659, 39.102702, 39.103004, 39.103219, 39.103383, 39.10363, 39.103861, 39.10414, 39.104332, 
39.104498, 39.104516, 39.104571, 39.104638, 39.104658, 39.104644, 39.104563, 39.10458, 39.104656, 39.104722, 39.104789, 39.104965, 39.105041, 39.105123, 39.105321, 39.105584, 39.105643, 39.105716, 39.105782, 39.105853, 39.106007, 39.106128, 39.106205, 39.106363, 39.106329, 39.106079, 39.105873, 39.105656, 39.105646, 39.10521, 39.104982, 39.104805, 39.104505, 39.103754, 39.103701, 39.103543, 39.103366, 39.103182, 39.103058, 39.102812, 39.102303, 39.102143, 39.101978, 39.10181, 39.100461, 39.100348, 
39.100065, 39.099237, 39.098273, 39.097676, 39.09726, 39.097186, 39.09712, 39.096982, 39.096818, 39.096653, 39.096487, 39.096348, 39.096211, 39.094848, 39.094671, 39.093204, 39.09265, 39.092635, 39.092366, 39.090848, 39.089524, 39.088837, 39.087986, 39.086923, 39.086175, 39.083534, 39.083499, 39.083441, 39.083401, 39.083385, 39.083364, 39.08438, 39.084328, 39.084306, 39.084271, 39.084261, 39.084273, 39.084289, 39.08434, 39.084583, 39.084827, 39.084521, 39.084361, 39.084223, 39.08411, 39.083876, 39.082655, 
39.082282, 39.082186, 39.082379, 39.082841, 39.083227, 39.083416, 39.083609, 39.083798, 39.083991, 39.084202, 39.084408, 39.084628, 39.084835, 39.08496, 39.08571, 39.086564, 39.08659, 39.086615, 39.086623, 39.086671, 39.088543, 39.088601, 39.089364, 39.089481, 39.090496, 39.09069, 39.090716, 39.091086)))"
49,1492.9897260273972,1160.8013698630136,181.32876712328766,44.58904109589041,71.34246575342465,106.27054794520548,57.965753424657535,101.81164383561644,164.9794520547945,101.06849315068493,122.61986301369862,205.1095890410959,155.31849315068493,477.8458904109589,243.01027397260273,187.27397260273972,246.72602739726025,68.36986301369863,32.6986301369863,86.9486301369863,64.5,52917,"list(list(c(-84.323485, -84.3237, -84.324274, -84.325454, -84.327088, -84.327344, -84.328124, -84.329746, -84.330586, -84.331247, -84.331423, -84.331812, -84.3322, -84.33325, -84.333859, -84.335331, -84.335728, -84.335682, -84.335629, -84.33549, -84.335471, -84.335444, -84.335451, -84.335471, -84.335504, -84.335588, -84.335991, -84.336078, -84.336216, -84.336505, -84.336574, -84.336678, -84.336747, -84.336818, -84.336864, -84.336924, -84.337204, -84.337389, -84.337583, -84.3379, -84.338674, -84.338744, 
-84.33884, -84.338899, -84.338975, -84.339035, -84.339076, -84.339125, -84.339201, -84.339359, -84.339542, -84.339105, -84.337869, -84.337605, -84.337411, -84.337167, -84.336971, -84.336869, -84.335701, -84.335284, -84.33489, -84.334541, -84.33426, -84.333699, -84.333339, -84.33324, -84.332951, -84.332561, -84.332289, -84.332124, -84.331985, -84.331721, -84.331231, -84.331111, -84.331001, -84.330443, -84.328207, -84.327575, -84.327098, -84.326735, -84.324612, -84.32456, -84.324407, -84.324331, -84.324289, 
-84.324199, -84.324182, -84.324145, -84.323946, -84.323742, -84.323547, -84.32319, -84.323068, -84.322986, -84.322923, -84.322849, -84.322752, -84.322694, -84.322642, -84.322624, -84.322615, -84.322614, -84.322598, -84.322522, -84.323485, 39.072544, 39.072568, 39.07262, 39.072698, 39.072794, 39.072809, 39.072861, 39.072956, 39.073008, 39.073041, 39.073046, 39.073047, 39.073034, 39.072935, 39.072872, 39.072713, 39.072686, 39.072305, 39.07193, 39.071268, 39.071197, 39.07103, 39.07095, 39.070892, 39.070837, 
39.070744, 39.070373, 39.070269, 39.070063, 39.069604, 39.069448, 39.069084, 39.068899, 39.068756, 39.068698, 39.068649, 39.068475, 39.068382, 39.0683, 39.068233, 39.068129, 39.068111, 39.068072, 39.068037, 39.067976, 39.067905, 39.067826, 39.067662, 39.067448, 39.067214, 39.06698, 39.066937, 39.066825, 39.066787, 39.066743, 39.066667, 39.066588, 39.066542, 39.065963, 39.065751, 39.065532, 39.065341, 39.065171, 39.064818, 39.064582, 39.064524, 39.064339, 39.064106, 39.063964, 39.063899, 39.063857, 
39.06381, 39.063758, 39.063749, 39.063742, 39.063677, 39.063433, 39.063368, 39.063317, 39.06327, 39.063063, 39.063092, 39.064663, 39.065379, 39.065776, 39.066518, 39.066592, 39.066656, 39.066943, 39.067202, 39.067412, 39.067729, 39.067856, 39.067967, 39.068041, 39.068159, 39.068347, 39.068506, 39.068721, 39.068883, 39.069008, 39.0695, 39.070054, 39.072417, 39.072544)))"
50,1667.584045422862,1450.2413887395924,115.43129378706874,34.99219620958751,53.09955472191335,265.8732810662883,290.0506249052542,88.87251149461554,189.23160190586856,240.40981323561732,190.7929605589078,152.07884736876844,220.27802644396235,29.99637844357937,17.57176201449348,21.635653871177617,206.30411209489594,58.96088312882746,97.48748630039117,183.5972652280536,40.647487575924906,140290.35063500828,"list(list(c(-84.345895, -84.348289, -84.349164, -84.350176, -84.350417, -84.350563, -84.350699, -84.351564, -84.35194, -84.351998, -84.352107, -84.35246, -84.352672, -84.353514, -84.353732, -84.354543, -84.354773, -84.355192, -84.355694, -84.356155, -84.356521, -84.356827, -84.357353, -84.357411, -84.35854, -84.358916, -84.360071, -84.360614, -84.361017, -84.361442, -84.362223, -84.362383, -84.362545, -84.363098, -84.363711, -84.363911, -84.364556, -84.365077, -84.366022, -84.365729, -84.365378, 
-84.365168, -84.364846, -84.364832, -84.364831, -84.364854, -84.364894, -84.364921, -84.364968, -84.365538, -84.366089, -84.366999, -84.367417, -84.368081, -84.368422, -84.369342, -84.369866, -84.370555, -84.37076, -84.37146, -84.371669, -84.372224, -84.372041, -84.371162, -84.370785, -84.370581, -84.370211, -84.370157, -84.370012, -84.369686, -84.369554, -84.369349, -84.369319, -84.368569, -84.368467, -84.368374, -84.368291, -84.36822, -84.368163, -84.367928, -84.367854, -84.367787, -84.367686, 
-84.367601, -84.367478, -84.367345, -84.367207, -84.366085, -84.365765, -84.365515, -84.36523, -84.364948, -84.364669, -84.363685, -84.36355, -84.362729, -84.362516, -84.362263, -84.362008, -84.360569, -84.360287, -84.359211, -84.359068, -84.358961, -84.35891, -84.358903, -84.358955, -84.358983, -84.359006, -84.359052, -84.359135, -84.35917, -84.359206, -84.359536, -84.359702, -84.359979, -84.360163, -84.360709, -84.360993, -84.361314, -84.361671, -84.362029, -84.362349, -84.362703, -84.362637, -84.362619, 
-84.362593, -84.361002, -84.360896, -84.360792, -84.360694, -84.360603, -84.360522, -84.360451, -84.360395, -84.360352, -84.360324, -84.360312, -84.360317, -84.360335, -84.360367, -84.360525, -84.362123, -84.362765, -84.363415, -84.365077, -84.365147, -84.36518, -84.36561, -84.36619, -84.366285, -84.366289, -84.366871, -84.367083, -84.36729, -84.367459, -84.367855, -84.367635, -84.367438, -84.367315, -84.366682, -84.366268, -84.366189, -84.36517, -84.364851, -84.364739, -84.364441, -84.362941, -84.362563, 
-84.361728, -84.361565, -84.361409, -84.361293, -84.36086, -84.360467, -84.359995, -84.359865, -84.359682, -84.359564, -84.359467, -84.35934, -84.35921, -84.359107, -84.358867, -84.358727, -84.358539, -84.35841, -84.358273, -84.35813, -84.358058, -84.357916, -84.357777, -84.35764, -84.357508, -84.357284, -84.357082, -84.357051, -84.356809, -84.356569, -84.356297, -84.356091, -84.355849, -84.355603, -84.355533, -84.355638, -84.355655, -84.35564, -84.355608, -84.355557, -84.355225, -84.355167, -84.355022, 
-84.354988, -84.354942, -84.35492, -84.354885, -84.354884, -84.354915, -84.354975, -84.35497, -84.354852, -84.355069, -84.355155, -84.355235, -84.356281, -84.356537, -84.356752, -84.357184, -84.357361, -84.357586, -84.356667, -84.356583, -84.35651, -84.356449, -84.356402, -84.35637, -84.356353, -84.356352, -84.356367, -84.356398, -84.356444, -84.356676, -84.356782, -84.356813, -84.356083, -84.354859, -84.354733, -84.354615, -84.354301, -84.353528, -84.353428, -84.353049, -84.352602, -84.352351, -84.35146, 
-84.3505, -84.350074, -84.349405, -84.348917, -84.348592, -84.347585, -84.347395, -84.347169, -84.347026, -84.346952, -84.346801, -84.346182, -84.345804, -84.345125, -84.345895, 39.100067, 39.102366, 39.103201, 39.104142, 39.104342, 39.104428, 39.104506, 39.104836, 39.104981, 39.105003, 39.10501, 39.105011, 39.105019, 39.105107, 39.105161, 39.10604, 39.106471, 39.106869, 39.107349, 39.107652, 39.108056, 39.108339, 39.10855, 39.108577, 39.108796, 39.108827, 39.108907, 39.109076, 39.109314, 39.109528, 
39.110065, 39.110134, 39.110202, 39.110302, 39.110396, 39.110426, 39.110357, 39.110385, 39.110371, 39.110222, 39.109945, 39.109649, 39.108695, 39.108641, 39.108558, 39.108478, 39.108413, 39.108382, 39.10834, 39.107948, 39.107579, 39.106961, 39.106678, 39.106206, 39.106026, 39.10565, 39.105414, 39.105018, 39.104873, 39.104384, 39.10414, 39.103332, 39.103223, 39.1027, 39.102417, 39.102234, 39.101892, 39.101818, 39.101621, 39.101153, 39.100925, 39.100493, 39.100398, 39.100535, 39.100569, 39.100616, 
39.100673, 39.100739, 39.100814, 39.101241, 39.101336, 39.101402, 39.10148, 39.101531, 39.101587, 39.10163, 39.101657, 39.101781, 39.101799, 39.101798, 39.101781, 39.101748, 39.101698, 39.101473, 39.101437, 39.101246, 39.101208, 39.10118, 39.101168, 39.1012, 39.101191, 39.101115, 39.101119, 39.101133, 39.100794, 39.100685, 39.100188, 39.099947, 39.0998, 39.099626, 39.099416, 39.099297, 39.099017, 39.099041, 39.099047, 39.099039, 39.099047, 39.099114, 39.099143, 39.099164, 39.099172, 39.099163, 39.099141, 
39.099102, 39.098796, 39.098683, 39.098071, 39.098106, 39.098098, 39.098078, 39.098046, 39.098002, 39.097948, 39.097885, 39.097815, 39.097739, 39.097658, 39.097576, 39.097493, 39.097425, 39.097306, 39.097333, 39.097076, 39.096843, 39.096809, 39.096442, 39.096442, 39.096441, 39.096418, 39.096365, 39.096353, 39.096353, 39.096279, 39.096241, 39.09619, 39.096137, 39.095985, 39.095696, 39.095462, 39.095324, 39.094813, 39.094499, 39.094444, 39.09374, 39.093519, 39.093435, 39.093375, 39.093073, 39.092962, 
39.092685, 39.092619, 39.092543, 39.092475, 39.092181, 39.091895, 39.091532, 39.091461, 39.091377, 39.091333, 39.091309, 39.091294, 39.091296, 39.091307, 39.091359, 39.091398, 39.091464, 39.091516, 39.091554, 39.091576, 39.091579, 39.09157, 39.091551, 39.09152, 39.091478, 39.091394, 39.091331, 39.091321, 39.091255, 39.0912, 39.091161, 39.091149, 39.091149, 39.091168, 39.091176, 39.091529, 39.091629, 39.091749, 39.091835, 39.091914, 39.09229, 39.09238, 39.092652, 39.092724, 39.092869, 39.092987, 39.093366, 
39.093491, 39.093874, 39.094547, 39.094685, 39.095391, 39.095398, 39.095385, 39.09536, 39.094873, 39.09475, 39.094632, 39.094949, 39.095148, 39.09544, 39.095875, 39.095926, 39.095987, 39.096056, 39.096131, 39.09621, 39.096293, 39.096376, 39.096459, 39.096539, 39.096614, 39.096907, 39.097104, 39.097149, 39.097381, 39.097631, 39.097651, 39.09767, 39.097729, 39.097854, 39.097881, 39.097983, 39.098092, 39.098136, 39.098244, 39.09836, 39.098368, 39.098358, 39.098413, 39.098448, 39.098492, 39.0985, 39.098536, 
39.098572, 39.098595, 39.09866, 39.0989, 39.099063, 39.09933, 39.100067)))"
51,1728.8356734446356,1556.0812497784484,5.285714285714286,68.53061106888993,115.63273498978357,257.965698855929,206.68129038712559,164.2971133035012,188.38799394367066,206.40953198464626,301.6024369770299,219.43783271577044,117.67865813116309,66.37511714579941,12.33924614301568,22.804586540498555,116.30961758683041,103.5125862118883,93.03172407648509,264.01873897387475,42.66412639405204,181390.46592317225,"list(list(c(-84.315607, -84.31589, -84.315961, -84.315945, -84.315986, -84.315984, -84.315902, -84.315894, -84.315895, -84.316064, -84.316144, -84.316515, -84.317711, -84.319124, -84.319888, -84.320064, -84.320423, -84.320815, -84.32112, -84.321347, -84.322047, -84.322287, -84.322694, -84.32456, -84.324845, -84.324881, -84.324938, -84.324956, -84.325035, -84.325234, -84.325302, -84.32538, -84.325504, -84.325711, -84.32574, -84.325782, -84.325859, -84.32593, -84.326443, -84.326955, -84.327134, -84.327541, 
-84.327676, -84.328689, -84.328764, -84.328826, -84.328916, -84.329023, -84.329112, -84.329143, -84.32916, -84.329694, -84.32979, -84.330043, -84.330257, -84.330462, -84.330659, -84.330873, -84.33159, -84.331849, -84.332352, -84.33281, -84.332945, -84.333106, -84.333255, -84.333366, -84.333911, -84.334426, -84.334601, -84.334779, -84.334995, -84.335173, -84.336819, -84.337038, -84.337209, -84.337352, -84.337459, -84.337535, -84.337633, -84.337827, -84.338136, -84.338191, -84.338281, -84.338367, -84.338458, 
-84.338541, -84.33867, -84.33882, -84.339112, -84.339473, -84.33969, -84.340228, -84.340344, -84.340508, -84.340901, -84.341039, -84.341174, -84.34129, -84.341426, -84.341797, -84.345496, -84.345356, -84.344249, -84.343201, -84.342599, -84.342301, -84.342141, -84.342081, -84.34206, -84.342026, -84.342011, -84.341932, -84.342215, -84.342766, -84.343236, -84.343518, -84.3439, -84.34394, -84.344244, -84.345281, -84.346176, -84.346457, -84.346537, -84.347273, -84.347307, -84.347382, -84.347523, -84.347714, 
-84.34842, -84.348858, -84.348896, -84.348958, -84.349085, -84.349224, -84.349354, -84.349545, -84.349682, -84.349953, -84.35021, -84.350405, -84.350645, -84.350858, -84.351356, -84.351726, -84.351992, -84.352083, -84.352169, -84.352284, -84.352416, -84.352567, -84.352721, -84.352927, -84.353118, -84.353333, -84.353934, -84.354261, -84.354757, -84.356036, -84.358264, -84.359025, -84.359775, -84.3607, -84.361745, -84.362143, -84.363219, -84.363625, -84.363632, -84.363619, -84.363583, -84.36356, -84.363525, 
-84.363843, -84.363808, -84.363752, -84.363684, -84.36321, -84.362753, -84.362665, -84.362587, -84.362514, -84.362431, -84.362262, -84.362114, -84.361846, -84.361714, -84.361678, -84.361627, -84.361539, -84.361443, -84.361291, -84.36108, -84.360296, -84.359745, -84.359379, -84.359031, -84.356657, -84.35642, -84.355909, -84.355725, -84.35485, -84.353869, -84.353287, -84.35122, -84.350878, -84.34962, -84.349353, -84.349536, -84.349778, -84.350067, -84.35111, -84.351541, -84.351696, -84.351804, -84.351887, 
-84.351942, -84.352005, -84.352407, -84.352539, -84.352808, -84.353008, -84.353092, -84.353168, -84.35326, -84.353368, -84.353715, -84.353742, -84.35378, -84.353836, -84.353897, -84.353978, -84.354065, -84.354236, -84.354314, -84.354234, -84.35401, -84.353292, -84.352282, -84.35056, -84.349148, -84.345811, -84.344172, -84.343188, -84.342267, -84.341756, -84.340264, -84.338237, -84.337599, -84.33695, -84.336591, -84.33576, -84.335265, -84.333897, -84.333383, -84.332867, -84.332615, -84.332667, -84.332667, 
-84.332695, -84.332751, -84.333272, -84.333582, -84.333716, -84.333899, -84.334272, -84.334546, -84.334736, -84.334736, -84.334786, -84.334828, -84.334877, -84.334933, -84.335018, -84.335046, -84.334991, -84.335157, -84.334318, -84.332913, -84.33023, -84.329442, -84.32891, -84.328727, -84.32662, -84.325968, -84.325525, -84.32415, -84.32247, -84.321245, -84.320742, -84.319985, -84.319852, -84.319894, -84.319874, -84.319869, -84.319772, -84.319665, -84.319628, -84.319621, -84.319609, -84.319593, -84.319559, 
-84.319525, -84.319524, -84.319523, -84.319514, -84.319507, -84.319506, -84.319505, -84.319477, -84.31946, -84.319451, -84.319401, -84.319349, -84.319325, -84.319318, -84.319202, -84.319117, -84.319116, -84.319115, -84.319113, -84.319105, -84.319065, -84.318976, -84.318903, -84.318898, -84.318893, -84.318885, -84.318881, -84.318863, -84.318683, -84.318629, -84.318622, -84.318599, -84.318597, -84.318587, -84.318488, -84.318453, -84.318136, -84.318108, -84.318095, -84.31809, -84.318072, -84.31807, 
-84.318068, -84.318066, -84.318045, -84.318031, -84.318006, -84.318002, -84.317871, -84.31777, -84.317547, -84.317115, -84.317066, -84.316903, -84.316881, -84.316752, -84.316491, -84.316395, -84.316186, -84.3161, -84.316094, -84.316092, -84.316089, -84.316028, -84.315952, -84.315931, -84.315878, -84.315869, -84.315802, -84.31579, -84.315782, -84.315781, -84.315774, -84.315767, -84.315758, -84.315663, -84.315631, -84.315577, -84.315511, -84.315445, -84.315442, -84.315437, -84.315426, -84.315389, -84.31524, 
-84.315209, -84.315188, -84.315122, -84.31509, -84.315091, -84.314963, -84.314934, -84.314906, -84.314815, -84.314814, -84.314814, -84.314814, -84.314813, -84.314813, -84.314813, -84.314813, -84.314813, -84.314811, -84.314811, -84.314809, -84.314775, -84.314768, -84.314764, -84.314762, -84.314728, -84.314692, -84.314691, -84.314689, -84.314686, -84.314679, -84.314666, -84.31463, -84.3146, -84.31453, -84.314484, -84.31448, -84.314477, -84.314476, -84.314475, -84.314473, -84.314471, -84.314257, -84.314217, 
-84.314216, -84.314215, -84.314213, -84.314212, -84.314204, -84.31417, -84.314158, -84.314157, -84.314156, -84.31409, -84.315607, 39.066122, 39.066149, 39.065589, 39.06557, 39.065195, 39.06508, 39.064618, 39.064505, 39.064278, 39.062616, 39.061832, 39.061882, 39.062002, 39.062105, 39.062175, 39.06218, 39.062205, 39.062246, 39.062272, 39.062336, 39.062566, 39.062637, 39.062771, 39.063092, 39.060449, 39.059936, 39.059273, 39.059162, 39.058387, 39.057506, 39.057073, 39.056574, 39.055976, 39.055017, 
39.054937, 39.054861, 39.054769, 39.054707, 39.054378, 39.054094, 39.053984, 39.053708, 39.053627, 39.053053, 39.052992, 39.052922, 39.052737, 39.052467, 39.052193, 39.052052, 39.051883, 39.051997, 39.052031, 39.052131, 39.05223, 39.052339, 39.052457, 39.052602, 39.053198, 39.053397, 39.053553, 39.053724, 39.05377, 39.05384, 39.053923, 39.053999, 39.054341, 39.054474, 39.054504, 39.054522, 39.054526, 39.054515, 39.054242, 39.05419, 39.054135, 39.054076, 39.054019, 39.053965, 39.053873, 39.053637, 
39.053258, 39.053195, 39.053114, 39.05306, 39.053017, 39.052994, 39.052979, 39.052976, 39.052992, 39.053026, 39.053055, 39.05314, 39.05315, 39.053155, 39.053133, 39.053139, 39.053159, 39.05319, 39.053241, 39.053403, 39.055118, 39.055354, 39.057084, 39.058729, 39.059664, 39.060129, 39.060425, 39.060479, 39.061399, 39.062495, 39.062713, 39.065335, 39.065305, 39.06526, 39.065238, 39.065221, 39.065209, 39.065217, 39.065322, 39.065704, 39.065788, 39.065806, 39.065802, 39.065877, 39.065653, 39.065455, 
39.065281, 39.065139, 39.064735, 39.064067, 39.063989, 39.063888, 39.063724, 39.06356, 39.063441, 39.063283, 39.063188, 39.063037, 39.062921, 39.06285, 39.06278, 39.062734, 39.062661, 39.062614, 39.062592, 39.062279, 39.062058, 39.061816, 39.061578, 39.061346, 39.061148, 39.060907, 39.060714, 39.060475, 39.059745, 39.059366, 39.05879, 39.058633, 39.058233, 39.058073, 39.057897, 39.057667, 39.057373, 39.057256, 39.056938, 39.056829, 39.056803, 39.05659, 39.05623, 39.056049, 39.055778, 39.055383, 39.05535, 
39.055298, 39.055247, 39.055002, 39.054782, 39.054718, 39.054639, 39.054539, 39.054373, 39.053868, 39.053384, 39.052544, 39.052148, 39.052083, 39.052025, 39.051973, 39.051934, 39.051896, 39.051866, 39.051796, 39.051729, 39.051666, 39.05159, 39.051003, 39.050936, 39.050781, 39.050725, 39.050419, 39.050065, 39.049855, 39.049139, 39.049026, 39.048595, 39.048521, 39.048118, 39.047569, 39.047466, 39.047119, 39.046958, 39.046884, 39.046817, 39.046749, 39.046685, 39.046579, 39.04553, 39.04515, 39.04425, 
39.043534, 39.043278, 39.043147, 39.043022, 39.042905, 39.042601, 39.042572, 39.04253, 39.042455, 39.04235, 39.041963, 39.041631, 39.041063, 39.04077, 39.040748, 39.040687, 39.040482, 39.040187, 39.039664, 39.039216, 39.038107, 39.037549, 39.03722, 39.036918, 39.036746, 39.036259, 39.035588, 39.035364, 39.035127, 39.034992, 39.034667, 39.034467, 39.033878, 39.033625, 39.033389, 39.033265, 39.033025, 39.032734, 39.032592, 39.03257, 39.032531, 39.032471, 39.032465, 39.032509, 39.032619, 39.032624, 
39.032613, 39.03258, 39.032547, 39.032542, 39.032553, 39.032553, 39.03252, 39.032443, 39.0324, 39.032043, 39.031615, 39.030803, 39.029341, 39.029019, 39.028802, 39.028689, 39.027262, 39.026495, 39.026125, 39.025264, 39.024055, 39.023058, 39.022254, 39.021534, 39.023033, 39.02315, 39.023315, 39.023361, 39.024172, 39.02504, 39.02534, 39.025394, 39.025488, 39.025615, 39.025877, 39.02618, 39.026189, 39.026202, 39.026281, 39.026334, 39.026341, 39.026347, 39.026552, 39.02665, 39.026736, 39.0272, 39.027629, 
39.027834, 39.027889, 39.028824, 39.029527, 39.029536, 39.029546, 39.029562, 39.029629, 39.029959, 39.03069, 39.031284, 39.031325, 39.031367, 39.031428, 39.031463, 39.031609, 39.033085, 39.033447, 39.033495, 39.03365, 39.033663, 39.033728, 39.034395, 39.03463, 39.036768, 39.036959, 39.037046, 39.03708, 39.037197, 39.03721, 39.037224, 39.037237, 39.037379, 39.037473, 39.037641, 39.037668, 39.038559, 39.039235, 39.040737, 39.043652, 39.043972, 39.045077, 39.045241, 39.046192, 39.048111, 39.048822, 
39.050361, 39.051003, 39.051048, 39.051067, 39.051089, 39.051544, 39.05211, 39.052264, 39.052665, 39.05273, 39.053231, 39.053323, 39.053381, 39.053389, 39.053438, 39.053487, 39.053554, 39.054196, 39.054511, 39.054915, 39.055404, 39.055896, 39.055921, 39.056005, 39.05617, 39.056298, 39.057335, 39.057551, 39.057694, 39.058139, 39.058354, 39.058372, 39.059279, 39.059483, 39.059677, 39.060335, 39.060441, 39.060463, 39.060476, 39.060483, 39.06049, 39.060535, 39.060568, 39.060588, 39.060864, 39.060879, 
39.061305, 39.061533, 39.061577, 39.061605, 39.061616, 39.061842, 39.062068, 39.062074, 39.062082, 39.062101, 39.062145, 39.062227, 39.062452, 39.062671, 39.063121, 39.063423, 39.063449, 39.063466, 39.063474, 39.063484, 39.063497, 39.063509, 39.064911, 39.065157, 39.065166, 39.065171, 39.06518, 39.065187, 39.065238, 39.065452, 39.065537, 39.065544, 39.065553, 39.066018, 39.066122)))"
52,1325.5436893203882,1244.9563106796118,3.8349514563106797,0,56.79368932038835,228.68932038834953,301.873786407767,34.95873786407767,193.0097087378641,158.24514563106794,112.94660194174757,173.873786407767,107.56553398058253,14.38106796116505,19,28,83.38106796116504,115.00970873786407,74.84466019417476,102.58495145631068,39.57550505050505,175506.0404040404,"list(list(c(-84.332867, -84.333383, -84.333897, -84.335265, -84.33576, -84.336591, -84.33695, -84.337599, -84.338237, -84.340264, -84.341756, -84.342267, -84.343188, -84.344172, -84.345811, -84.349148, -84.35056, -84.352282, -84.353292, -84.35401, -84.354234, -84.354314, -84.354236, -84.354065, -84.353978, -84.353897, -84.353836, -84.35378, -84.353742, -84.353715, -84.353368, -84.35326, -84.353168, -84.353092, -84.353008, -84.352808, -84.352539, -84.352407, -84.352005, -84.351942, -84.351887, -84.351804, 
-84.351696, -84.351541, -84.35111, -84.350067, -84.349778, -84.349536, -84.349353, -84.34962, -84.350878, -84.35122, -84.353287, -84.353869, -84.35485, -84.355725, -84.355909, -84.35642, -84.356657, -84.359031, -84.359379, -84.359745, -84.360296, -84.36108, -84.361291, -84.361443, -84.361539, -84.361627, -84.361678, -84.361714, -84.361846, -84.362114, -84.362262, -84.362431, -84.362514, -84.362587, -84.362665, -84.362753, -84.36321, -84.363684, -84.363752, -84.363808, -84.363843, -84.363898, -84.364653, 
-84.364804, -84.364905, -84.365039, -84.365176, -84.365357, -84.36566, -84.365872, -84.366192, -84.366334, -84.366474, -84.366931, -84.367168, -84.367304, -84.367754, -84.367898, -84.368202, -84.368882, -84.36895, -84.369125, -84.369542, -84.369898, -84.371055, -84.371097, -84.37122, -84.371566, -84.371729, -84.371865, -84.372004, -84.372111, -84.372325, -84.372783, -84.372923, -84.373308, -84.373558, -84.373766, -84.373931, -84.374309, -84.374439, -84.37458, -84.375035, -84.375147, -84.375289, -84.375503, 
-84.375885, -84.376237, -84.376375, -84.376551, -84.376727, -84.376866, -84.377001, -84.377166, -84.377325, -84.377475, -84.377983, -84.37809, -84.378214, -84.378672, -84.378796, -84.378931, -84.379632, -84.379898, -84.379991, -84.380485, -84.380594, -84.380692, -84.381378, -84.381549, -84.381725, -84.381846, -84.382199, -84.382348, -84.382489, -84.382641, -84.383004, -84.383276, -84.383587, -84.384307, -84.384575, -84.385001, -84.385007, -84.384998, -84.38496, -84.384912, -84.384674, -84.384541, 
-84.384352, -84.384598, -84.384854, -84.385109, -84.385391, -84.385636, -84.385914, -84.38619, -84.386429, -84.386666, -84.386902, -84.387168, -84.387364, -84.38762, -84.387839, -84.388053, -84.388262, -84.388582, -84.389923, -84.390361, -84.390861, -84.391102, -84.391353, -84.391637, -84.39213, -84.39292, -84.393272, -84.393663, -84.39402, -84.394235, -84.394709, -84.3956, -84.396185, -84.399877, -84.400171, -84.400173, -84.400143, -84.400113, -84.400083, -84.400022, -84.399988, -84.399653, -84.399614, 
-84.399494, -84.399151, -84.399034, -84.398993, -84.398957, -84.39877, -84.398703, -84.398593, -84.398154, -84.397996, -84.397732, -84.397651, -84.397551, -84.39713, -84.396985, -84.396874, -84.396686, -84.396373, -84.396314, -84.396212, -84.396121, -84.396029, -84.395968, -84.395731, -84.39507, -84.394786, -84.394754, -84.394275, -84.394179, -84.393705, -84.393563, -84.393499, -84.393463, -84.393444, -84.393433, -84.393448, -84.393519, -84.393534, -84.393602, -84.393657, -84.393762, -84.394092, 
-84.394194, -84.394243, -84.394276, -84.394295, -84.394296, -84.394158, -84.39414, -84.394097, -84.39412, -84.39383, -84.393794, -84.393729, -84.393571, -84.393939, -84.394146, -84.394482, -84.394596, -84.394673, -84.394843, -84.395059, -84.39512, -84.39523, -84.395394, -84.395391, -84.396599, -84.398019, -84.399005, -84.399553, -84.3998, -84.400205, -84.401972, -84.402126, -84.40231, -84.402566, -84.402774, -84.403079, -84.403657, -84.403903, -84.40403, -84.404057, -84.404231, -84.404377, -84.404497, 
-84.404663, -84.404773, -84.404919, -84.405104, -84.405435, -84.405554, -84.405889, -84.405944, -84.406067, -84.406124, -84.406312, -84.406402, -84.406543, -84.406783, -84.407061, -84.407284, -84.407529, -84.407686, -84.407919, -84.408444, -84.408948, -84.409135, -84.409388, -84.40953, -84.409746, -84.412053, -84.412727, -84.413015, -84.413229, -84.413322, -84.413438, -84.413616, -84.413868, -84.414014, -84.414115, -84.414293, -84.416114, -84.416947, -84.417126, -84.417251, -84.417518, -84.419041, 
-84.422117, -84.423498, -84.422106, -84.421402, -84.419103, -84.418294, -84.417087, -84.416425, -84.415622, -84.41401, -84.412487, -84.411144, -84.409568, -84.407334, -84.404541, -84.403051, -84.402912, -84.402188, -84.401297, -84.400681, -84.399776, -84.397783, -84.396655, -84.396178, -84.395461, -84.39421, -84.39294, -84.392514, -84.391118, -84.390271, -84.388912, -84.387532, -84.3869, -84.385058, -84.383045, -84.381181, -84.378741, -84.376913, -84.376025, -84.375032, -84.374494, -84.374141, -84.373215, 
-84.371575, -84.37117, -84.36927, -84.366997, -84.363669, -84.362821, -84.361601, -84.361305, -84.360608, -84.357822, -84.356976, -84.355688, -84.352225, -84.350885, -84.348204, -84.346319, -84.3456, -84.345146, -84.344704, -84.344176, -84.343184, -84.342031, -84.342, -84.340754, -84.339756, -84.338504, -84.336455, -84.336201, -84.335727, -84.335548, -84.335157, -84.334991, -84.335046, -84.335018, -84.334933, -84.334877, -84.334828, -84.334786, -84.334736, -84.334736, -84.334546, -84.334272, -84.333899, 
-84.333716, -84.333582, -84.333272, -84.332751, -84.332695, -84.332667, -84.332667, -84.332615, -84.332867, 39.033389, 39.033625, 39.033878, 39.034467, 39.034667, 39.034992, 39.035127, 39.035364, 39.035588, 39.036259, 39.036746, 39.036918, 39.03722, 39.037549, 39.038107, 39.039216, 39.039664, 39.040187, 39.040482, 39.040687, 39.040748, 39.04077, 39.041063, 39.041631, 39.041963, 39.04235, 39.042455, 39.04253, 39.042572, 39.042601, 39.042905, 39.043022, 39.043147, 39.043278, 39.043534, 39.04425, 39.04515, 
39.04553, 39.046579, 39.046685, 39.046749, 39.046817, 39.046884, 39.046958, 39.047119, 39.047466, 39.047569, 39.048118, 39.048521, 39.048595, 39.049026, 39.049139, 39.049855, 39.050065, 39.050419, 39.050725, 39.050781, 39.050936, 39.051003, 39.05159, 39.051666, 39.051729, 39.051796, 39.051866, 39.051896, 39.051934, 39.051973, 39.052025, 39.052083, 39.052148, 39.052544, 39.053384, 39.053868, 39.054373, 39.054539, 39.054639, 39.054718, 39.054782, 39.055002, 39.055247, 39.055298, 39.05535, 39.055383, 
39.055342, 39.054927, 39.054852, 39.054812, 39.054774, 39.054753, 39.054748, 39.054765, 39.054773, 39.054768, 39.054755, 39.054732, 39.054617, 39.054549, 39.054519, 39.05446, 39.054435, 39.054383, 39.054165, 39.054139, 39.054082, 39.053973, 39.053891, 39.053651, 39.053647, 39.053625, 39.053529, 39.053473, 39.05344, 39.05342, 39.05342, 39.053433, 39.053494, 39.053509, 39.053562, 39.053611, 39.053668, 39.053727, 39.053902, 39.053956, 39.053996, 39.054109, 39.054126, 39.054134, 39.054123, 39.054022, 
39.053935, 39.053915, 39.053905, 39.053913, 39.053932, 39.053963, 39.054015, 39.054078, 39.054153, 39.05442, 39.054495, 39.054598, 39.055064, 39.055173, 39.055274, 39.055689, 39.055812, 39.055845, 39.055974, 39.056011, 39.056062, 39.056367, 39.056418, 39.056456, 39.056468, 39.056504, 39.056534, 39.056581, 39.05661, 39.056725, 39.056794, 39.056858, 39.056877, 39.056853, 39.056816, 39.05693, 39.057025, 39.05712, 39.0572, 39.057476, 39.057618, 39.057832, 39.057832, 39.057825, 39.057811, 39.057786, 39.057757, 
39.057715, 39.057664, 39.057613, 39.057554, 39.057487, 39.057402, 39.057332, 39.057232, 39.057137, 39.057037, 39.056932, 39.056755, 39.055925, 39.055667, 39.055403, 39.055286, 39.05518, 39.05508, 39.054937, 39.05471, 39.054657, 39.054613, 39.054588, 39.054579, 39.054581, 39.054625, 39.05467, 39.055001, 39.055027, 39.055049, 39.055238, 39.055413, 39.055515, 39.055632, 39.055672, 39.056009, 39.056042, 39.056125, 39.056316, 39.056404, 39.056448, 39.056499, 39.056845, 39.056937, 39.057047, 39.057373, 
39.057479, 39.057604, 39.057657, 39.057747, 39.05829, 39.058477, 39.058616, 39.05883, 39.059239, 39.059325, 39.059509, 39.059654, 39.059763, 39.059824, 39.060015, 39.060568, 39.060821, 39.060857, 39.061546, 39.061696, 39.062403, 39.062639, 39.062765, 39.062876, 39.062989, 39.063125, 39.063986, 39.065218, 39.065278, 39.065413, 39.065491, 39.0656, 39.065882, 39.065983, 39.066049, 39.066121, 39.066222, 39.066278, 39.067301, 39.067474, 39.067831, 39.067824, 39.070285, 39.070645, 39.071107, 39.072618, 
39.072402, 39.072275, 39.072048, 39.071949, 39.071869, 39.071637, 39.071295, 39.071181, 39.07103, 39.070838, 39.070815, 39.070209, 39.069595, 39.069194, 39.068969, 39.068856, 39.068686, 39.06798, 39.067925, 39.067875, 39.067823, 39.067793, 39.067772, 39.067767, 39.067761, 39.067742, 39.067738, 39.067695, 39.067644, 39.067591, 39.067493, 39.067414, 39.067282, 39.06709, 39.066704, 39.066576, 39.066266, 39.066206, 39.066045, 39.065953, 39.065559, 39.065398, 39.065193, 39.064875, 39.06452, 39.064218, 
39.063897, 39.063723, 39.063495, 39.063011, 39.06256, 39.062379, 39.062101, 39.061963, 39.061781, 39.060014, 39.059513, 39.05928, 39.059067, 39.058944, 39.058818, 39.05861, 39.058335, 39.058194, 39.058107, 39.057982, 39.056861, 39.056356, 39.056253, 39.056188, 39.056008, 39.054862, 39.052841, 39.051885, 39.051445, 39.051053, 39.049775, 39.049533, 39.049284, 39.048986, 39.048468, 39.047626, 39.046967, 39.046603, 39.046248, 39.045829, 39.045704, 39.045671, 39.045668, 39.045791, 39.046254, 39.046465, 
39.046364, 39.04599, 39.045768, 39.045666, 39.045438, 39.04509, 39.045161, 39.045125, 39.044589, 39.044385, 39.044688, 39.045161, 39.045238, 39.045169, 39.044972, 39.044641, 39.044375, 39.044163, 39.043994, 39.043805, 39.043699, 39.043546, 39.043394, 39.043253, 39.04321, 39.043012, 39.04274, 39.04208, 39.041831, 39.041646, 39.041606, 39.041513, 39.040727, 39.040419, 39.039953, 39.039023, 39.038605, 39.037783, 39.037051, 39.03671, 39.036358, 39.0361, 39.035917, 39.035758, 39.035411, 39.035402, 39.034902, 
39.034275, 39.033773, 39.032735, 39.032608, 39.032476, 39.032242, 39.032043, 39.0324, 39.032443, 39.03252, 39.032553, 39.032553, 39.032542, 39.032547, 39.03258, 39.032613, 39.032624, 39.032619, 39.032509, 39.032465, 39.032471, 39.032531, 39.03257, 39.032592, 39.032734, 39.033025, 39.033265, 39.033389)))"
53,1268.16408992267,1161.0769975316516,22.18181818181818,18.38419054062303,0,171.61770090454758,173.0019413123626,92.3247244105123,151.4589460458749,211.25188809650635,216.38050555087347,120.40968878917595,113.65144815696854,18.067246655848464,40.478322685006205,70.42332256078672,77.79157811575828,99.06544801252949,55.03981500415904,161.39400626490436,42.76960985626283,154114.35318275154,"list(list(c(-84.392382, -84.393061, -84.393279, -84.393372, -84.393562, -84.393741, -84.393875, -84.393993, -84.39413, -84.394734, -84.395264, -84.395762, -84.39585, -84.396179, -84.396434, -84.396565, -84.396477, -84.396429, -84.395613, -84.395119, -84.395813, -84.395791, -84.395753, -84.394434, -84.394237, -84.394244, -84.394277, -84.39541, -84.396816, -84.39714, -84.397332, -84.397869, -84.39804, -84.399243, -84.400506, -84.401043, -84.40157, -84.402025, -84.39824, -84.40274, -84.40286, -84.404003, 
-84.404756, -84.404819, -84.404885, -84.404949, -84.404978, -84.405029, -84.405242, -84.405734, -84.405828, -84.405976, -84.406147, -84.407208, -84.407263, -84.407355, -84.407527, -84.407745, -84.407833, -84.408544, -84.409531, -84.409663, -84.409927, -84.410842, -84.412866, -84.412968, -84.413187, -84.413347, -84.413507, -84.41224, -84.412941, -84.411946, -84.412573, -84.411443, -84.411867, -84.412341, -84.411312, -84.411136, -84.409385, -84.409238, -84.407765, -84.404741, -84.40403, -84.403903, 
-84.403657, -84.403079, -84.402774, -84.402566, -84.40231, -84.402126, -84.401972, -84.400205, -84.3998, -84.399553, -84.399005, -84.398019, -84.396599, -84.395391, -84.395394, -84.39523, -84.39512, -84.395059, -84.394843, -84.394673, -84.394596, -84.394482, -84.394146, -84.393939, -84.393571, -84.392826, -84.392536, -84.392333, -84.392261, -84.392205, -84.392176, -84.392126, -84.392062, -84.391997, -84.391976, -84.392382, 39.075458, 39.07552, 39.075541, 39.075553, 39.075591, 39.075642, 39.075691, 
39.075746, 39.075821, 39.076216, 39.076564, 39.076882, 39.076938, 39.077148, 39.077311, 39.077387, 39.077504, 39.077565, 39.07861, 39.079531, 39.079557, 39.079633, 39.08107, 39.081192, 39.081201, 39.081488, 39.082386, 39.081808, 39.081607, 39.081561, 39.081557, 39.081546, 39.081385, 39.08025, 39.079434, 39.07937, 39.079308, 39.079854, 39.084462, 39.086565, 39.086605, 39.087141, 39.087476, 39.08749, 39.087491, 39.087478, 39.087466, 39.087434, 39.087191, 39.086577, 39.086467, 39.086269, 39.086062, 
39.084747, 39.084671, 39.084581, 39.08443, 39.084265, 39.084183, 39.083309, 39.082094, 39.082445, 39.083529, 39.083481, 39.084918, 39.084866, 39.084775, 39.084723, 39.084683, 39.083249, 39.082561, 39.081162, 39.079858, 39.078462, 39.07794, 39.077358, 39.076156, 39.075962, 39.074857, 39.074757, 39.072727, 39.068362, 39.067742, 39.067761, 39.067767, 39.067772, 39.067793, 39.067823, 39.067875, 39.067925, 39.06798, 39.068686, 39.068856, 39.068969, 39.069194, 39.069595, 39.070209, 39.070815, 39.070838, 
39.07103, 39.071181, 39.071295, 39.071637, 39.071869, 39.071949, 39.072048, 39.072275, 39.072402, 39.072618, 39.073085, 39.073266, 39.073441, 39.073545, 39.073656, 39.073741, 39.074101, 39.074563, 39.075169, 39.075425, 39.075458)))"
54,1191.8359654757708,1080.1024492496726,2.3281733746130033,29.182527301092044,25.72824968726303,106.22327149432726,64.06802451664629,189.10044676709668,186.28172022236924,119.52584921972729,207.4502687847452,196.94276358051226,72.18245581835657,50.061165071989876,15.347832092850275,176.09971068811794,176.06834039305846,146.61878160575338,63.47048101119091,43.36574527996599,46.276245210727964,81305.38259441708,"list(list(c(-84.366088, -84.366199, -84.366381, -84.366535, -84.366694, -84.366938, -84.368342, -84.368531, -84.368674, -84.368755, -84.36886, -84.369065, -84.369208, -84.369713, -84.3705, -84.371055, -84.372518, -84.375207, -84.375231, -84.375356, -84.375494, -84.375469, -84.375408, -84.375369, -84.375283, -84.375197, -84.375114, -84.375335, -84.376291, -84.376848, -84.376757, -84.377015, -84.37714, -84.37834, -84.379251, -84.379587, -84.379579, -84.379874, -84.380239, -84.380161, -84.380138, -84.381045, 
-84.381427, -84.381706, -84.381721, -84.382297, -84.382239, -84.382412, -84.382471, -84.382538, -84.382673, -84.382741, -84.382925, -84.382651, -84.38162, -84.381386, -84.380457, -84.379103, -84.379136, -84.379156, -84.379273, -84.379378, -84.379411, -84.379513, -84.379545, -84.378528, -84.378733, -84.37877, -84.378769, -84.378754, -84.378703, -84.379082, -84.37923, -84.379334, -84.380207, -84.380393, -84.380487, -84.380566, -84.380645, -84.380707, -84.380746, -84.380786, -84.380802, -84.38086, -84.380851, 
-84.380811, -84.380764, -84.380674, -84.380599, -84.380514, -84.379433, -84.379241, -84.379157, -84.379056, -84.378767, -84.37849, -84.378344, -84.378204, -84.377489, -84.377039, -84.377103, -84.376593, -84.376382, -84.376211, -84.375812, -84.375587, -84.375368, -84.375095, -84.374862, -84.374651, -84.374457, -84.374237, -84.374099, -84.373896, -84.373628, -84.373381, -84.373191, -84.372993, -84.372862, -84.372386, -84.371943, -84.371755, -84.371545, -84.371355, -84.371179, -84.370928, -84.370719, 
-84.370523, -84.370192, -84.36994, -84.369773, -84.369599, -84.369464, -84.369298, -84.369145, -84.368666, -84.368422, -84.368318, -84.368185, -84.368035, -84.367909, -84.367834, -84.367652, -84.367524, -84.367424, -84.36732, -84.367064, -84.366893, -84.366731, -84.36662, -84.366411, -84.365357, -84.36535, -84.365254, -84.366088, 39.072435, 39.07245, 39.072483, 39.072522, 39.072577, 39.072688, 39.073432, 39.07352, 39.073578, 39.073603, 39.073634, 39.073677, 39.073696, 39.073735, 39.073798, 39.073835, 
39.073945, 39.074149, 39.07415, 39.074154, 39.07416, 39.074277, 39.074834, 39.075261, 39.07609, 39.07691, 39.077731, 39.077742, 39.077804, 39.077837, 39.07824, 39.07826, 39.078262, 39.078362, 39.078394, 39.078418, 39.078762, 39.078762, 39.078763, 39.079079, 39.07916, 39.079264, 39.079277, 39.07929, 39.079109, 39.079136, 39.079256, 39.079285, 39.078862, 39.078372, 39.077147, 39.076417, 39.074679, 39.074659, 39.074584, 39.074566, 39.074511, 39.074413, 39.074364, 39.074311, 39.073486, 39.073053, 39.072895, 
39.072114, 39.071812, 39.071737, 39.070072, 39.069734, 39.069582, 39.069474, 39.069325, 39.069209, 39.069177, 39.06917, 39.069227, 39.069232, 39.069218, 39.069194, 39.069156, 39.069109, 39.069061, 39.068973, 39.0689, 39.068339, 39.068276, 39.068194, 39.068137, 39.068071, 39.068034, 39.068013, 39.067943, 39.067927, 39.067913, 39.067882, 39.067768, 39.067647, 39.067593, 39.067559, 39.067472, 39.067409, 39.066944, 39.066899, 39.066863, 39.06682, 39.066705, 39.066649, 39.066618, 39.066598, 39.066596, 
39.066605, 39.066624, 39.066656, 39.066686, 39.066739, 39.066828, 39.066933, 39.06703, 39.067149, 39.067243, 39.06762, 39.067981, 39.068113, 39.068235, 39.068332, 39.068408, 39.068496, 39.068554, 39.068599, 39.068645, 39.06867, 39.068703, 39.068748, 39.068792, 39.068863, 39.068941, 39.069253, 39.069402, 39.069475, 39.069577, 39.069712, 39.06986, 39.069971, 39.069902, 39.069864, 39.069858, 39.069872, 39.069934, 39.069966, 39.069978, 39.069978, 39.06997, 39.069941, 39.07019, 39.072361, 39.072435)))"
55,1790,1641,25,0,72,254,346,141,264,347,112,213,33,80,19,46,230,68,106,111,35.4,95417,"list(list(c(-84.377489, -84.378204, -84.378344, -84.37849, -84.378767, -84.379056, -84.379157, -84.379241, -84.379433, -84.380514, -84.380599, -84.380674, -84.380764, -84.380811, -84.380851, -84.38086, -84.380802, -84.380786, -84.380746, -84.380707, -84.380645, -84.380566, -84.380487, -84.380393, -84.380207, -84.379334, -84.37923, -84.379082, -84.378703, -84.378754, -84.378769, -84.37877, -84.378733, -84.378528, -84.379545, -84.379513, -84.379411, -84.379378, -84.379273, -84.379156, -84.379136, -84.379103, 
-84.380457, -84.381386, -84.38162, -84.382651, -84.382707, -84.382756, -84.382935, -84.384383, -84.38456, -84.384656, -84.385478, -84.385647, -84.385947, -84.385995, -84.386178, -84.386207, -84.386211, -84.386201, -84.386216, -84.386281, -84.386455, -84.38647, -84.386675, -84.386928, -84.387217, -84.387584, -84.38779, -84.392074, -84.392153, -84.392193, -84.392534, -84.393283, -84.393729, -84.393794, -84.39383, -84.39412, -84.394097, -84.39414, -84.394158, -84.394296, -84.394295, -84.394276, -84.394243, 
-84.394194, -84.394092, -84.393762, -84.393657, -84.393602, -84.393534, -84.393519, -84.393448, -84.393433, -84.393444, -84.393463, -84.393499, -84.393563, -84.393705, -84.394179, -84.394275, -84.394754, -84.394786, -84.39507, -84.395731, -84.395968, -84.396029, -84.396121, -84.396212, -84.396314, -84.396373, -84.396686, -84.396874, -84.396985, -84.39713, -84.397551, -84.397651, -84.397732, -84.397996, -84.398154, -84.398593, -84.398703, -84.39877, -84.398957, -84.398993, -84.399034, -84.399151, 
-84.399494, -84.399614, -84.399653, -84.399988, -84.400022, -84.400083, -84.400113, -84.400143, -84.400173, -84.400171, -84.399877, -84.396185, -84.3956, -84.394709, -84.394235, -84.39402, -84.393663, -84.393272, -84.39292, -84.39213, -84.391637, -84.391353, -84.391102, -84.390861, -84.390361, -84.389923, -84.388582, -84.388262, -84.388053, -84.387839, -84.38762, -84.387364, -84.387168, -84.386902, -84.386666, -84.386429, -84.38619, -84.385914, -84.385636, -84.385391, -84.385109, -84.384854, -84.384598, 
-84.384352, -84.384254, -84.384157, -84.384043, -84.383889, -84.383726, -84.383461, -84.383331, -84.382757, -84.382524, -84.382407, -84.382202, -84.382046, -84.381807, -84.381716, -84.381632, -84.381576, -84.381523, -84.38149, -84.38147, -84.381471, -84.381483, -84.381685, -84.381959, -84.382153, -84.38231, -84.38235, -84.382366, -84.382362, -84.382336, -84.382279, -84.382239, -84.382135, -84.382047, -84.381907, -84.381127, -84.380649, -84.380531, -84.380464, -84.380387, -84.380304, -84.380196, -84.379635, 
-84.377989, -84.3778, -84.377671, -84.377426, -84.377396, -84.3773, -84.377265, -84.377103, -84.377039, -84.377489, 39.067472, 39.067559, 39.067593, 39.067647, 39.067768, 39.067882, 39.067913, 39.067927, 39.067943, 39.068013, 39.068034, 39.068071, 39.068137, 39.068194, 39.068276, 39.068339, 39.0689, 39.068973, 39.069061, 39.069109, 39.069156, 39.069194, 39.069218, 39.069232, 39.069227, 39.06917, 39.069177, 39.069209, 39.069325, 39.069474, 39.069582, 39.069734, 39.070072, 39.071737, 39.071812, 39.072114, 
39.072895, 39.073053, 39.073486, 39.074311, 39.074364, 39.074413, 39.074511, 39.074566, 39.074584, 39.074659, 39.074112, 39.073696, 39.072045, 39.072151, 39.070491, 39.069716, 39.069775, 39.069774, 39.069738, 39.069892, 39.070345, 39.07046, 39.07058, 39.071391, 39.071482, 39.071678, 39.072086, 39.072133, 39.072113, 39.072106, 39.072113, 39.072147, 39.07106, 39.071525, 39.071102, 39.070922, 39.070986, 39.071072, 39.071107, 39.070645, 39.070285, 39.067824, 39.067831, 39.067474, 39.067301, 39.066278, 
39.066222, 39.066121, 39.066049, 39.065983, 39.065882, 39.0656, 39.065491, 39.065413, 39.065278, 39.065218, 39.063986, 39.063125, 39.062989, 39.062876, 39.062765, 39.062639, 39.062403, 39.061696, 39.061546, 39.060857, 39.060821, 39.060568, 39.060015, 39.059824, 39.059763, 39.059654, 39.059509, 39.059325, 39.059239, 39.05883, 39.058616, 39.058477, 39.05829, 39.057747, 39.057657, 39.057604, 39.057479, 39.057373, 39.057047, 39.056937, 39.056845, 39.056499, 39.056448, 39.056404, 39.056316, 39.056125, 
39.056042, 39.056009, 39.055672, 39.055632, 39.055515, 39.055413, 39.055238, 39.055049, 39.055027, 39.055001, 39.05467, 39.054625, 39.054581, 39.054579, 39.054588, 39.054613, 39.054657, 39.05471, 39.054937, 39.05508, 39.05518, 39.055286, 39.055403, 39.055667, 39.055925, 39.056755, 39.056932, 39.057037, 39.057137, 39.057232, 39.057332, 39.057402, 39.057487, 39.057554, 39.057613, 39.057664, 39.057715, 39.057757, 39.057786, 39.057811, 39.057825, 39.057832, 39.057832, 39.057939, 39.058015, 39.058087, 
39.058163, 39.058228, 39.058308, 39.058335, 39.058421, 39.058472, 39.058506, 39.058579, 39.05865, 39.058771, 39.058836, 39.058911, 39.058978, 39.059064, 39.059154, 39.059263, 39.059374, 39.059444, 39.059966, 39.060644, 39.061144, 39.061582, 39.061739, 39.061904, 39.062029, 39.06222, 39.06241, 39.062503, 39.062676, 39.062794, 39.062956, 39.063756, 39.064209, 39.064294, 39.064332, 39.064358, 39.064371, 39.06438, 39.064361, 39.0643, 39.064308, 39.064326, 39.064384, 39.064704, 39.065485, 39.065778, 39.066944, 
39.067409, 39.067472)))"
56,1793.0495983752905,1560.1651913384167,0,68.52513305736251,40.138441421906826,216.47355412971862,445.424647227403,49.98460074161766,181.90106968590044,368.2355805933804,207.5410749770055,181.89325488148208,138.74778612002106,2.848030018761726,34.67880058093671,22.3128259863775,117.73448872231523,68.24320190016257,84.77548332679342,264.256509860354,40.07644499689248,182422.29272840274,"list(list(c(-84.348423, -84.348785, -84.35291, -84.353886, -84.356038, -84.35628, -84.356477, -84.356622, -84.356749, -84.356882, -84.357056, -84.358198, -84.359455, -84.359558, -84.359652, -84.359735, -84.359805, -84.359859, -84.359896, -84.360228, -84.360313, -84.360361, -84.360385, -84.360423, -84.360474, -84.360538, -84.360613, -84.360699, -84.36072, -84.361005, -84.361239, -84.361776, -84.366151, -84.366483, -84.366162, -84.366053, -84.365911, -84.365512, -84.365276, -84.364986, -84.364943, 
-84.364914, -84.3649, -84.3649, -84.364917, -84.364948, -84.364992, -84.365406, -84.365472, -84.365522, -84.365552, -84.365562, -84.365615, -84.365629, -84.36565, -84.366216, -84.366357, -84.366521, -84.36677, -84.367313, -84.368595, -84.369207, -84.370827, -84.37103, -84.372009, -84.371212, -84.371099, -84.3711, -84.370925, -84.370768, -84.370632, -84.370612, -84.370582, -84.370544, -84.370501, -84.370478, -84.370341, -84.371539, -84.372532, -84.373042, -84.372639, -84.371418, -84.37134, -84.370105, 
-84.370098, -84.370086, -84.369234, -84.368923, -84.368133, -84.36694, -84.366516, -84.36634, -84.36634, -84.366341, -84.366341, -84.366338, -84.366329, -84.366142, -84.364139, -84.36344, -84.363339, -84.360741, -84.36024, -84.356754, -84.356513, -84.355258, -84.354102, -84.353849, -84.353219, -84.353585, -84.354128, -84.354438, -84.354586, -84.354854, -84.355164, -84.355362, -84.355644, -84.355841, -84.356018, -84.356131, -84.356378, -84.356906, -84.357188, -84.357287, -84.357633, -84.358288, -84.358697, 
-84.359162, -84.359332, -84.359508, -84.360065, -84.360333, -84.360552, -84.360707, -84.360925, -84.361052, -84.361172, -84.361539, -84.361666, -84.361849, -84.362064, -84.362279, -84.362434, -84.362688, -84.36302, -84.363168, -84.363266, -84.363506, -84.363658, -84.363682, -84.363809, -84.363971, -84.364112, -84.364218, -84.364542, -84.364725, -84.364894, -84.365381, -84.365557, -84.366022, -84.366544, -84.3667, -84.366861, -84.367171, -84.367369, -84.367452, -84.367728, -84.367961, -84.368257, 
-84.368546, -84.368821, -84.368962, -84.369159, -84.369554, -84.369822, -84.370202, -84.370371, -84.370611, -84.371274, -84.371943, -84.372915, -84.373853, -84.373916, -84.374015, -84.374093, -84.374184, -84.37429, -84.374354, -84.374432, -84.37465, -84.374791, -84.374889, -84.37494, -84.375056, -84.375316, -84.375472, -84.375697, -84.375825, -84.376156, -84.377017, -84.377278, -84.37756, -84.37897, -84.379182, -84.379457, -84.379669, -84.38024, -84.380579, -84.380713, -84.381101, -84.381933, -84.382109, 
-84.382321, -84.382483, -84.382751, -84.38285, -84.383167, -84.383372, -84.383604, -84.384076, -84.384267, -84.384436, -84.384599, -84.384704, -84.384944, -84.385331, -84.385649, -84.385755, -84.385867, -84.386234, -84.38641, -84.386741, -84.386973, -84.38746, -84.387601, -84.387714, -84.387876, -84.388073, -84.388122, -84.388319, -84.388566, -84.388834, -84.389059, -84.389285, -84.389489, -84.389666, -84.389954, -84.39006, -84.390145, -84.390257, -84.390349, -84.390476, -84.390779, -84.390856, -84.391019, 
-84.391159, -84.391462, -84.3915, -84.391617, -84.39173, -84.391857, -84.391991, -84.392216, -84.392322, -84.3924, -84.39247, -84.392576, -84.392717, -84.392858, -84.392873, -84.392964, -84.393204, -84.393331, -84.393429, -84.393513, -84.393585, -84.39362, -84.393684, -84.393698, -84.393698, -84.393655, -84.393627, -84.393578, -84.39355, -84.393487, -84.393751, -84.393999, -84.394466, -84.394797, -84.394763, -84.395849, -84.396183, -84.396358, -84.39646, -84.397179, -84.39802, -84.398891, -84.398982, 
-84.399178, -84.399539, -84.399841, -84.397332, -84.396584, -84.396785, -84.397264, -84.397631, -84.397807, -84.398019, -84.398129, -84.398234, -84.398502, -84.39869, -84.398732, -84.398745, -84.398752, -84.3988, -84.398871, -84.398962, -84.399018, -84.399082, -84.399133, -84.399172, -84.399196, -84.39929, -84.39929, -84.399276, -84.399241, -84.399185, -84.39908, -84.399059, -84.399066, -84.399087, -84.399158, -84.399249, -84.399299, -84.399313, -84.399348, -84.399448, -84.399532, -84.399757, -84.40004, 
-84.40018, -84.400491, -84.400569, -84.40059, -84.400639, -84.400661, -84.40071, -84.400732, -84.400676, -84.40069, -84.400769, -84.400832, -84.400924, -84.401191, -84.401798, -84.401598, -84.401485, -84.401371, -84.40117, -84.400764, -84.40075, -84.40008, -84.399869, -84.399803, -84.399292, -84.398951, -84.398636, -84.397998, -84.396768, -84.396383, -84.395658, -84.395349, -84.395067, -84.394357, -84.394068, -84.393741, -84.393489, -84.39324, -84.392285, -84.39193, -84.391822, -84.391033, -84.390878, 
-84.389763, -84.38927, -84.388596, -84.387933, -84.387212, -84.386825, -84.386564, -84.386478, -84.385375, -84.385011, -84.384829, -84.383948, -84.383433, -84.382825, -84.382439, -84.382111, -84.381895, -84.381005, -84.380823, -84.380336, -84.381468, -84.381885, -84.382072, -84.382161, -84.382235, -84.382294, -84.382336, -84.38235, -84.384071, -84.384217, -84.384362, -84.384505, -84.384642, -84.384772, -84.38489, -84.385556, -84.385634, -84.385774, -84.385957, -84.38612, -84.386291, -84.386227, -84.386177, 
-84.386094, -84.386069, -84.386024, -84.385961, -84.385883, -84.385575, -84.384788, -84.384714, -84.384606, -84.384515, -84.384419, -84.384282, -84.384139, -84.38233, -84.381203, -84.381022, -84.380842, -84.380668, -84.379859, -84.379082, -84.378942, -84.378807, -84.378681, -84.378565, -84.378462, -84.378393, -84.378193, -84.377983, -84.37727, -84.376975, -84.376734, -84.376178, -84.375972, -84.375912, -84.375814, -84.375728, -84.375633, -84.375497, -84.374945, -84.374822, -84.37471, -84.374611, 
-84.374526, -84.374457, -84.374406, -84.374372, -84.374358, -84.374452, -84.373378, -84.373168, -84.372961, -84.372726, -84.372499, -84.372283, -84.372077, -84.371514, -84.370944, -84.370716, -84.370417, -84.370224, -84.369991, -84.369786, -84.369612, -84.368058, -84.3676, -84.367498, -84.367401, -84.367312, -84.367233, -84.366999, -84.366089, -84.365538, -84.364968, -84.364921, -84.364894, -84.364854, -84.364831, -84.364832, -84.364846, -84.365168, -84.365378, -84.365729, -84.366022, -84.365077, 
-84.364556, -84.363911, -84.363711, -84.363098, -84.362545, -84.362383, -84.362223, -84.361442, -84.361017, -84.360614, -84.360071, -84.358916, -84.35854, -84.357411, -84.354562, -84.352851, -84.349224, -84.347668, -84.348423, 39.113683, 39.113782, 39.114917, 39.11518, 39.115761, 39.115603, 39.115793, 39.115873, 39.115924, 39.115963, 39.115993, 39.116096, 39.116304, 39.116334, 39.116376, 39.116431, 39.116496, 39.11657, 39.11665, 39.117256, 39.117511, 39.117924, 39.118006, 39.118085, 39.118159, 39.118227, 
39.118287, 39.118338, 39.118348, 39.116266, 39.114561, 39.114561, 39.114563, 39.114559, 39.114723, 39.114779, 39.114859, 39.115181, 39.115412, 39.115775, 39.115851, 39.115932, 39.116015, 39.116099, 39.116181, 39.116261, 39.116337, 39.116823, 39.116926, 39.117036, 39.11715, 39.117236, 39.117975, 39.118037, 39.118131, 39.118311, 39.118356, 39.118409, 39.118488, 39.118588, 39.118757, 39.118838, 39.118848, 39.118846, 39.118835, 39.123652, 39.124336, 39.124361, 39.124379, 39.125347, 39.126198, 39.126231, 
39.126258, 39.126278, 39.126289, 39.126291, 39.127161, 39.127363, 39.129744, 39.130962, 39.13166, 39.132037, 39.132061, 39.132331, 39.132333, 39.132335, 39.132522, 39.13259, 39.132762, 39.132461, 39.131899, 39.131661, 39.131152, 39.13064, 39.130459, 39.130436, 39.13037, 39.130162, 39.130062, 39.132162, 39.132662, 39.132263, 39.133062, 39.131705, 39.132045, 39.13379, 39.135434, 39.135788, 39.136669, 39.136801, 39.136966, 39.137124, 39.137218, 39.137327, 39.137541, 39.137652, 39.137745, 39.137843, 
39.137991, 39.138047, 39.138221, 39.138688, 39.138908, 39.139, 39.139149, 39.139456, 39.139643, 39.139868, 39.139922, 39.139971, 39.140004, 39.140032, 39.140103, 39.140164, 39.140185, 39.140229, 39.140295, 39.140464, 39.140515, 39.140558, 39.140629, 39.140728, 39.140805, 39.140882, 39.140969, 39.140996, 39.141002, 39.140997, 39.140959, 39.140953, 39.140893, 39.140837, 39.140777, 39.140749, 39.140711, 39.140666, 39.140611, 39.140419, 39.140386, 39.140424, 39.140474, 39.140484, 39.140495, 39.140523, 
39.140507, 39.140498, 39.140468, 39.140451, 39.140396, 39.14033, 39.140286, 39.140286, 39.140237, 39.140176, 39.140121, 39.140027, 39.139967, 39.13989, 39.13973, 39.139528, 39.139209, 39.138917, 39.138878, 39.138757, 39.138719, 39.138708, 39.138747, 39.138752, 39.138742, 39.138713, 39.138658, 39.138614, 39.138574, 39.138537, 39.138445, 39.138395, 39.138307, 39.138247, 39.13811, 39.137699, 39.13755, 39.13738, 39.136574, 39.136465, 39.136316, 39.136196, 39.135893, 39.135707, 39.135614, 39.135389, 39.13494, 
39.134863, 39.134764, 39.13467, 39.134566, 39.134534, 39.134457, 39.134396, 39.134336, 39.134194, 39.134144, 39.134106, 39.134079, 39.134067, 39.134029, 39.133997, 39.133958, 39.133931, 39.13392, 39.133925, 39.133942, 39.133964, 39.133987, 39.134064, 39.134091, 39.134118, 39.134168, 39.13424, 39.134251, 39.134322, 39.134405, 39.134514, 39.134613, 39.134729, 39.134811, 39.134899, 39.135064, 39.135141, 39.135185, 39.135234, 39.135283, 39.135372, 39.135619, 39.135668, 39.135745, 39.135794, 39.135922, 
39.135933, 39.135965, 39.135987, 39.135998, 39.135993, 39.135938, 39.135889, 39.135844, 39.135817, 39.135817, 39.135807, 39.13579, 39.135785, 39.135757, 39.135664, 39.135587, 39.135483, 39.135374, 39.13522, 39.135115, 39.134786, 39.134643, 39.134511, 39.134385, 39.134286, 39.134159, 39.134039, 39.133931, 39.133895, 39.133872, 39.13383, 39.13385, 39.135147, 39.135667, 39.135987, 39.136124, 39.136104, 39.136006, 39.135875, 39.135752, 39.135281, 39.134925, 39.134355, 39.131258, 39.127551, 39.122737, 
39.122606, 39.122261, 39.121964, 39.121788, 39.121542, 39.121383, 39.121258, 39.120826, 39.1204, 39.120362, 39.120313, 39.120214, 39.120094, 39.120023, 39.119841, 39.119709, 39.119358, 39.118908, 39.1185, 39.118324, 39.117994, 39.117747, 39.117621, 39.117446, 39.11711, 39.116605, 39.116397, 39.116271, 39.116084, 39.115936, 39.115804, 39.115656, 39.115508, 39.115289, 39.115069, 39.114926, 39.114608, 39.114251, 39.11406, 39.113636, 39.113401, 39.113307, 39.11323, 39.112895, 39.112522, 39.112291, 39.11144, 
39.111116, 39.110579, 39.110376, 39.110161, 39.109881, 39.109447, 39.109215, 39.109085, 39.108952, 39.10872, 39.108249, 39.108233, 39.107606, 39.108559, 39.108699, 39.10979, 39.110344, 39.110755, 39.111587, 39.112384, 39.112625, 39.112952, 39.113075, 39.113087, 39.113165, 39.113176, 39.113167, 39.113144, 39.113109, 39.112943, 39.112737, 39.112664, 39.112204, 39.111861, 39.111013, 39.110866, 39.110711, 39.11052, 39.110384, 39.11033, 39.110246, 39.110207, 39.109598, 39.109392, 39.109253, 39.108484, 
39.108139, 39.107739, 39.108066, 39.108291, 39.108484, 39.109393, 39.109586, 39.109977, 39.110842, 39.111171, 39.111318, 39.111407, 39.111504, 39.111607, 39.111715, 39.11177, 39.111541, 39.111533, 39.111542, 39.111565, 39.111604, 39.111658, 39.111724, 39.112187, 39.112248, 39.11234, 39.112435, 39.1125, 39.112552, 39.112703, 39.112895, 39.113728, 39.113811, 39.113888, 39.113958, 39.114018, 39.11417, 39.113177, 39.113109, 39.113033, 39.112985, 39.112946, 39.112908, 39.112886, 39.112839, 39.112811, 
39.11282, 39.112845, 39.112885, 39.113118, 39.113351, 39.113377, 39.113418, 39.113473, 39.113539, 39.113618, 39.113683, 39.114001, 39.113926, 39.113375, 39.113109, 39.112719, 39.111547, 39.111105, 39.111033, 39.110948, 39.110895, 39.110851, 39.110809, 39.110621, 39.110566, 39.110499, 39.11042, 39.110332, 39.110236, 39.110133, 39.110026, 39.109916, 39.109419, 39.109291, 39.109254, 39.109206, 39.109136, 39.109051, 39.108951, 39.108838, 39.108482, 39.108123, 39.107993, 39.107856, 39.107785, 39.107717, 
39.107669, 39.107639, 39.107407, 39.107335, 39.107309, 39.107272, 39.107226, 39.10717, 39.106961, 39.107579, 39.107948, 39.10834, 39.108382, 39.108413, 39.108478, 39.108558, 39.108641, 39.108695, 39.109649, 39.109945, 39.110222, 39.110371, 39.110385, 39.110357, 39.110426, 39.110396, 39.110302, 39.110202, 39.110134, 39.110065, 39.109528, 39.109314, 39.109076, 39.108907, 39.108827, 39.108796, 39.108577, 39.110323, 39.109216, 39.112046, 39.113477, 39.113683)))"
57,1869.7578526556254,1754.68389491719,0.1650485436893204,21.560251284980012,108.98757852655625,231.63335237007425,437.2912621359223,54.9219017704169,152.89206167904052,458.4801541976014,181.4154768703598,68.80696744717305,246.4573101085094,37.85936607652769,78.40091376356368,75.46087949743004,71.17975442604227,58.81096516276413,117.77669902912622,272.9381781838949,42.43599999999999,162608.2617142857,"list(list(c(-84.358535, -84.359598, -84.361564, -84.361682, -84.362347, -84.36242, -84.36248, -84.362516, -84.362541, -84.36275, -84.362958, -84.363121, -84.363337, -84.364059, -84.36409, -84.364118, -84.364169, -84.364207, -84.364248, -84.364267, -84.364281, -84.364308, -84.364298, -84.364279, -84.36423, -84.364171, -84.364104, -84.364041, -84.363974, -84.363884, -84.362359, -84.362106, -84.362133, -84.362222, -84.361126, -84.360039, -84.360117, -84.362513, -84.362731, -84.362892, -84.363029, -84.363131, 
-84.363435, -84.363511, -84.363666, -84.363817, -84.364452, -84.364887, -84.365507, -84.366334, -84.366404, -84.36645, -84.366504, -84.366533, -84.366555, -84.366561, -84.366533, -84.366411, -84.36662, -84.366731, -84.366893, -84.367064, -84.36732, -84.367424, -84.367524, -84.367652, -84.367834, -84.367909, -84.368035, -84.368185, -84.368318, -84.368422, -84.368666, -84.369145, -84.369298, -84.369464, -84.369599, -84.369773, -84.36994, -84.370192, -84.370523, -84.370719, -84.370928, -84.371179, -84.371355, 
-84.371545, -84.371755, -84.371943, -84.372386, -84.372862, -84.372993, -84.373191, -84.373381, -84.373628, -84.373896, -84.374099, -84.374237, -84.374457, -84.374651, -84.374862, -84.375095, -84.375368, -84.375587, -84.375812, -84.376211, -84.376382, -84.376593, -84.377103, -84.377265, -84.3773, -84.377396, -84.377426, -84.377671, -84.3778, -84.377989, -84.379635, -84.380196, -84.380304, -84.380387, -84.380464, -84.380531, -84.380649, -84.381127, -84.381907, -84.382047, -84.382135, -84.382239, -84.382279, 
-84.382336, -84.382362, -84.382366, -84.38235, -84.38231, -84.382153, -84.381959, -84.381685, -84.381483, -84.381471, -84.38147, -84.38149, -84.381523, -84.381576, -84.381632, -84.381716, -84.381807, -84.382046, -84.382202, -84.382407, -84.382524, -84.382757, -84.383331, -84.383461, -84.383726, -84.383889, -84.384043, -84.384157, -84.384254, -84.384352, -84.384541, -84.384674, -84.384912, -84.38496, -84.384998, -84.385007, -84.385001, -84.384575, -84.384307, -84.383587, -84.383276, -84.383004, -84.382641, 
-84.382489, -84.382348, -84.382199, -84.381846, -84.381725, -84.381549, -84.381378, -84.380692, -84.380594, -84.380485, -84.379991, -84.379898, -84.379632, -84.378931, -84.378796, -84.378672, -84.378214, -84.37809, -84.377983, -84.377475, -84.377325, -84.377166, -84.377001, -84.376866, -84.376727, -84.376551, -84.376375, -84.376237, -84.375885, -84.375503, -84.375289, -84.375147, -84.375035, -84.37458, -84.374439, -84.374309, -84.373931, -84.373766, -84.373558, -84.373308, -84.372923, -84.372783, 
-84.372325, -84.372111, -84.372004, -84.371865, -84.371729, -84.371566, -84.37122, -84.371097, -84.371055, -84.369898, -84.369542, -84.369125, -84.36895, -84.368882, -84.368202, -84.367898, -84.367754, -84.367304, -84.367168, -84.366931, -84.366474, -84.366334, -84.366192, -84.365872, -84.36566, -84.365357, -84.365176, -84.365039, -84.364905, -84.364804, -84.364653, -84.363898, -84.363843, -84.363525, -84.36356, -84.363583, -84.363619, -84.363632, -84.363625, -84.363633, -84.363623, -84.363546, -84.363504, 
-84.363429, -84.363142, -84.362938, -84.362737, -84.362686, -84.36265, -84.362604, -84.36254, -84.362505, -84.362428, -84.3623, -84.361829, -84.361551, -84.361313, -84.361122, -84.36104, -84.360965, -84.360804, -84.360709, -84.360581, -84.360384, -84.359977, -84.359803, -84.359673, -84.359505, -84.359305, -84.35894, -84.358857, -84.358816, -84.358689, -84.358663, -84.358623, -84.35861, -84.35853, -84.358429, -84.358382, -84.358367, -84.358308, -84.358306, -84.358535, 39.07182, 39.071908, 39.072094, 
39.072108, 39.072169, 39.07218, 39.072203, 39.072229, 39.072262, 39.072227, 39.072209, 39.072204, 39.072211, 39.072262, 39.071631, 39.071466, 39.071301, 39.071191, 39.071008, 39.070862, 39.070519, 39.069996, 39.069912, 39.069859, 39.069787, 39.069729, 39.069687, 39.06966, 39.069642, 39.069631, 39.069583, 39.069583, 39.069342, 39.06872, 39.068616, 39.068516, 39.06649, 39.066693, 39.066706, 39.066698, 39.066674, 39.066643, 39.066531, 39.066508, 39.066481, 39.066468, 39.066481, 39.066495, 39.066506, 
39.066531, 39.066546, 39.066565, 39.066606, 39.066644, 39.066696, 39.066763, 39.067276, 39.06997, 39.069978, 39.069978, 39.069966, 39.069934, 39.069872, 39.069858, 39.069864, 39.069902, 39.069971, 39.06986, 39.069712, 39.069577, 39.069475, 39.069402, 39.069253, 39.068941, 39.068863, 39.068792, 39.068748, 39.068703, 39.06867, 39.068645, 39.068599, 39.068554, 39.068496, 39.068408, 39.068332, 39.068235, 39.068113, 39.067981, 39.06762, 39.067243, 39.067149, 39.06703, 39.066933, 39.066828, 39.066739, 
39.066686, 39.066656, 39.066624, 39.066605, 39.066596, 39.066598, 39.066618, 39.066649, 39.066705, 39.06682, 39.066863, 39.066899, 39.066944, 39.065778, 39.065485, 39.064704, 39.064384, 39.064326, 39.064308, 39.0643, 39.064361, 39.06438, 39.064371, 39.064358, 39.064332, 39.064294, 39.064209, 39.063756, 39.062956, 39.062794, 39.062676, 39.062503, 39.06241, 39.06222, 39.062029, 39.061904, 39.061739, 39.061582, 39.061144, 39.060644, 39.059966, 39.059444, 39.059374, 39.059263, 39.059154, 39.059064, 39.058978, 
39.058911, 39.058836, 39.058771, 39.05865, 39.058579, 39.058506, 39.058472, 39.058421, 39.058335, 39.058308, 39.058228, 39.058163, 39.058087, 39.058015, 39.057939, 39.057832, 39.057618, 39.057476, 39.0572, 39.05712, 39.057025, 39.05693, 39.056816, 39.056853, 39.056877, 39.056858, 39.056794, 39.056725, 39.05661, 39.056581, 39.056534, 39.056504, 39.056468, 39.056456, 39.056418, 39.056367, 39.056062, 39.056011, 39.055974, 39.055845, 39.055812, 39.055689, 39.055274, 39.055173, 39.055064, 39.054598, 39.054495, 
39.05442, 39.054153, 39.054078, 39.054015, 39.053963, 39.053932, 39.053913, 39.053905, 39.053915, 39.053935, 39.054022, 39.054123, 39.054134, 39.054126, 39.054109, 39.053996, 39.053956, 39.053902, 39.053727, 39.053668, 39.053611, 39.053562, 39.053509, 39.053494, 39.053433, 39.05342, 39.05342, 39.05344, 39.053473, 39.053529, 39.053625, 39.053647, 39.053651, 39.053891, 39.053973, 39.054082, 39.054139, 39.054165, 39.054383, 39.054435, 39.05446, 39.054519, 39.054549, 39.054617, 39.054732, 39.054755, 
39.054768, 39.054773, 39.054765, 39.054748, 39.054753, 39.054774, 39.054812, 39.054852, 39.054927, 39.055342, 39.055383, 39.055778, 39.056049, 39.05623, 39.05659, 39.056803, 39.056829, 39.056846, 39.057025, 39.05753, 39.057674, 39.057813, 39.058248, 39.058671, 39.059022, 39.05914, 39.059271, 39.059512, 39.059751, 39.059853, 39.059978, 39.060133, 39.060578, 39.060866, 39.061142, 39.061387, 39.06152, 39.061656, 39.061948, 39.062087, 39.062233, 39.062433, 39.062781, 39.062954, 39.063107, 39.063326, 
39.063621, 39.064058, 39.06419, 39.064278, 39.064688, 39.064783, 39.065008, 39.065129, 39.066502, 39.068756, 39.070068, 39.070363, 39.071532, 39.071804, 39.07182)))"
58,2173.5033887861982,1726.5557609365374,122.23043746149106,0,211.21749845964263,374.3388786198398,254.6124460874923,283.6814540973506,372.3542821934689,255.32778804682684,206.5958102279729,240.86999383857054,84.06654343807763,101.65619223659888,257.12507701786814,76.4011090573013,240.21996303142328,100.33826247689464,195.358595194085,91.00369685767097,33.2170057381325,89498.14084507042,"list(list(c(-84.332115, -84.333089, -84.333601, -84.334282, -84.334309, -84.334929, -84.335091, -84.335103, -84.335881, -84.336833, -84.339776, -84.339942, -84.340777, -84.341979, -84.34238, -84.342235, -84.342142, -84.342111, -84.342096, -84.342098, -84.342118, -84.342153, -84.342204, -84.342271, -84.342595, -84.342447, -84.342283, -84.342135, -84.342026, -84.34193, -84.341833, -84.341769, -84.341723, -84.341709, -84.341691, -84.340939, -84.340501, -84.339367, -84.339314, -84.339292, -84.33929, 
-84.33926, -84.339075, -84.338962, -84.339204, -84.339978, -84.340485, -84.340564, -84.340867, -84.341931, -84.343808, -84.344339, -84.344446, -84.344589, -84.344763, -84.345003, -84.345169, -84.345352, -84.34557, -84.345773, -84.345962, -84.346108, -84.34624, -84.346256, -84.346351, -84.346424, -84.346436, -84.346517, -84.346597, -84.346613, -84.346612, -84.346587, -84.346551, -84.346499, -84.346346, -84.346218, -84.34613, -84.346051, -84.345928, -84.345858, -84.345816, -84.345792, -84.345631, -84.345611, 
-84.345617, -84.345642, -84.34559, -84.345573, -84.345564, -84.345598, -84.345616, -84.345619, -84.345654, -84.345675, -84.345679, -84.345698, -84.345547, -84.345402, -84.345335, -84.345193, -84.345125, -84.345001, -84.34518, -84.345204, -84.343851, -84.343697, -84.343664, -84.343634, -84.343566, -84.343485, -84.343396, -84.343304, -84.343196, -84.343105, -84.342471, -84.342192, -84.342152, -84.342119, -84.342106, -84.342084, -84.342075, -84.34212, -84.342147, -84.34217, -84.342184, -84.342216, -84.342238, 
-84.34227, -84.342338, -84.343851, -84.345429, -84.345435, -84.345433, -84.345395, -84.345381, -84.343872, -84.341709, -84.339285, -84.338848, -84.337839, -84.337029, -84.336422, -84.335728, -84.335331, -84.333859, -84.33325, -84.3322, -84.332207, -84.332159, -84.332127, -84.332119, -84.332102, -84.33209, -84.332093, -84.33208, -84.332023, -84.332, -84.332115, 39.079524, 39.079943, 39.080143, 39.080375, 39.080368, 39.080566, 39.080619, 39.080638, 39.08087, 39.081183, 39.082157, 39.082215, 39.082491, 
39.082831, 39.082934, 39.083262, 39.083472, 39.08358, 39.08369, 39.0838, 39.08391, 39.084017, 39.084121, 39.084218, 39.084611, 39.084693, 39.084806, 39.084931, 39.085045, 39.085166, 39.085318, 39.085452, 39.085589, 39.085645, 39.085774, 39.085728, 39.085714, 39.085668, 39.08623, 39.086237, 39.086259, 39.08658, 39.088556, 39.089411, 39.089639, 39.08981, 39.089978, 39.090004, 39.09008, 39.090256, 39.090563, 39.090634, 39.09064, 39.090654, 39.090689, 39.090759, 39.090821, 39.090906, 39.09102, 39.091142, 
39.091271, 39.091392, 39.091522, 39.091216, 39.090511, 39.089943, 39.089666, 39.089037, 39.088409, 39.088227, 39.088092, 39.087959, 39.087882, 39.087811, 39.087674, 39.08757, 39.087491, 39.087415, 39.087261, 39.087153, 39.086957, 39.086801, 39.085501, 39.085252, 39.084995, 39.083927, 39.083761, 39.083568, 39.083291, 39.082394, 39.082129, 39.081993, 39.080745, 39.080369, 39.080119, 39.079623, 39.079232, 39.078358, 39.077956, 39.077632, 39.077449, 39.077116, 39.075838, 39.075708, 39.075588, 39.076666, 
39.076758, 39.076809, 39.076876, 39.076933, 39.076977, 39.077007, 39.077026, 39.077027, 39.076972, 39.076942, 39.076928, 39.076905, 39.07689, 39.076851, 39.076802, 39.075444, 39.07462, 39.073916, 39.073874, 39.073839, 39.073826, 39.073817, 39.07381, 39.073934, 39.074072, 39.073944, 39.073889, 39.07363, 39.072752, 39.072739, 39.072711, 39.072688, 39.072685, 39.072676, 39.072669, 39.072671, 39.072686, 39.072713, 39.072872, 39.072935, 39.073034, 39.073264, 39.075526, 39.076477, 39.07717, 39.077756, 
39.077893, 39.078076, 39.07839, 39.079165, 39.079479, 39.079524)))"
59,1088.4935064935064,1012.4415584415583,16.636363636363633,30.896103896103895,28.519480519480517,114.07792207792207,122.99025974025973,93.28246753246752,123.58441558441558,118.83116883116882,138.43831168831167,202.012987012987,151.50974025974025,23.766233766233764,18.41883116883117,26.737012987012985,112.88961038961038,161.01623376623374,19.607142857142854,109.91883116883116,47.6,108253,"list(list(c(-84.351946, -84.351978, -84.352068, -84.352097, -84.352349, -84.352523, -84.352671, -84.352729, -84.352753, -84.352764, -84.352755, -84.352731, -84.352681, -84.352617, -84.352571, -84.352427, -84.352301, -84.352234, -84.352189, -84.35205, -84.352254, -84.352956, -84.35344, -84.354372, -84.354837, -84.355306, -84.355842, -84.356231, -84.356956, -84.357763, -84.357835, -84.358122, -84.358372, -84.358358, -84.358325, -84.358306, -84.358308, -84.358367, -84.358382, -84.358429, -84.35853, 
-84.35861, -84.358623, -84.358663, -84.358689, -84.358816, -84.358857, -84.35894, -84.359305, -84.359505, -84.359673, -84.359803, -84.359977, -84.360384, -84.360581, -84.360709, -84.360804, -84.360965, -84.36104, -84.361122, -84.361313, -84.361551, -84.361829, -84.3623, -84.362428, -84.362505, -84.36254, -84.362604, -84.36265, -84.362686, -84.362737, -84.362938, -84.363142, -84.363429, -84.363504, -84.363546, -84.363623, -84.363633, -84.363625, -84.363219, -84.362143, -84.361745, -84.3607, -84.359775, 
-84.359025, -84.358264, -84.356036, -84.354757, -84.354261, -84.353934, -84.353333, -84.353118, -84.352927, -84.352721, -84.352567, -84.352416, -84.352284, -84.352169, -84.352083, -84.351992, -84.351953, -84.351936, -84.351933, -84.351946, 39.063531, 39.063752, 39.064224, 39.064346, 39.065392, 39.066143, 39.066785, 39.067156, 39.067382, 39.067657, 39.067929, 39.06817, 39.06847, 39.068748, 39.068917, 39.069391, 39.069823, 39.070131, 39.070514, 39.072831, 39.072833, 39.072844, 39.072845, 39.072849, 
39.072857, 39.072867, 39.072864, 39.072864, 39.072861, 39.072863, 39.072861, 39.072865, 39.072881, 39.072476, 39.072152, 39.071804, 39.071532, 39.070363, 39.070068, 39.068756, 39.066502, 39.065129, 39.065008, 39.064783, 39.064688, 39.064278, 39.06419, 39.064058, 39.063621, 39.063326, 39.063107, 39.062954, 39.062781, 39.062433, 39.062233, 39.062087, 39.061948, 39.061656, 39.06152, 39.061387, 39.061142, 39.060866, 39.060578, 39.060133, 39.059978, 39.059853, 39.059751, 39.059512, 39.059271, 39.05914, 
39.059022, 39.058671, 39.058248, 39.057813, 39.057674, 39.05753, 39.057025, 39.056846, 39.056829, 39.056938, 39.057256, 39.057373, 39.057667, 39.057897, 39.058073, 39.058233, 39.058633, 39.05879, 39.059366, 39.059745, 39.060475, 39.060714, 39.060907, 39.061148, 39.061346, 39.061578, 39.061816, 39.062058, 39.062279, 39.062592, 39.062867, 39.063088, 39.063309, 39.063531)))"
60,882.7216494845361,786.2704203013482,0,69.44488501189532,27.006344171292625,91.04996034892943,125.77240285487709,49.38302934179223,74.07454401268835,142.74781919111817,166.66772402854878,73.30293417922285,92.59318001586043,67.13005551149881,8.48770816812054,0,91.82157018239492,69.44488501189532,91.82157018239492,86.4203013481364,47.7,153125,"list(list(c(-84.313578, -84.315119, -84.32045, -84.321295, -84.321474, -84.322522, -84.322598, -84.322614, -84.322615, -84.322624, -84.322642, -84.322694, -84.322752, -84.322849, -84.322923, -84.322986, -84.323068, -84.32319, -84.323547, -84.323742, -84.323946, -84.324145, -84.324182, -84.324199, -84.324289, -84.324331, -84.324407, -84.32456, -84.322694, -84.322287, -84.322047, -84.321347, -84.32112, -84.320815, -84.320423, -84.320064, -84.319888, -84.319124, -84.317711, -84.316515, -84.316144, -84.316064, 
-84.315895, -84.315894, -84.315902, -84.315984, -84.315986, -84.315945, -84.315961, -84.31589, -84.315607, -84.31409, -84.31402, -84.314019, -84.314017, -84.314016, -84.314005, -84.313965, -84.313953, -84.313952, -84.313925, -84.313907, -84.313905, -84.313899, -84.313891, -84.313876, -84.313863, -84.313853, -84.313853, -84.313852, -84.313828, -84.313782, -84.313758, -84.313752, -84.313749, -84.313746, -84.31374, -84.313698, -84.31361, -84.313555, -84.313537, -84.313513, -84.313432, -84.313231, -84.313226, 
-84.313208, -84.313578, 39.071843, 39.071941, 39.072282, 39.072334, 39.072345, 39.072417, 39.070054, 39.0695, 39.069008, 39.068883, 39.068721, 39.068506, 39.068347, 39.068159, 39.068041, 39.067967, 39.067856, 39.067729, 39.067412, 39.067202, 39.066943, 39.066656, 39.066592, 39.066518, 39.065776, 39.065379, 39.064663, 39.063092, 39.062771, 39.062637, 39.062566, 39.062336, 39.062272, 39.062246, 39.062205, 39.06218, 39.062175, 39.062105, 39.062002, 39.061882, 39.061832, 39.062616, 39.064278, 39.064505, 
39.064618, 39.06508, 39.065195, 39.06557, 39.065589, 39.066149, 39.066122, 39.066018, 39.066439, 39.066445, 39.066454, 39.066461, 39.066526, 39.066786, 39.066868, 39.066876, 39.06706, 39.067172, 39.067183, 39.067221, 39.067273, 39.067369, 39.067454, 39.067521, 39.067526, 39.067533, 39.067694, 39.067981, 39.068136, 39.068175, 39.068192, 39.068209, 39.06825, 39.068533, 39.069094, 39.069468, 39.069589, 39.069751, 39.07029, 39.071645, 39.071684, 39.071821, 39.071843)))"
61,1376.8353065774804,1221.721231884058,31.2463768115942,40.824319955406914,29.132095875139356,117.71557413600893,146.653121516165,162.1488795986622,161.03840022296544,126.61428093645485,268.72979375696764,156.82101449275362,190.17814938684504,46.936092530657746,43.103617614269794,67.72,165.22572463768117,107.14496098104793,168.0764938684504,80.96740802675585,48.70114358322745,143631.27272727274,"list(list(c(-84.353308, -84.353516, -84.353509, -84.353754, -84.354422, -84.354607, -84.354856, -84.355145, -84.355403, -84.355717, -84.355913, -84.356103, -84.356238, -84.356298, -84.356342, -84.35678, -84.356855, -84.356969, -84.357028, -84.357175, -84.357229, -84.357293, -84.357395, -84.357499, -84.357571, -84.3577, -84.357842, -84.357998, -84.358211, -84.358401, -84.358539, -84.358727, -84.358867, -84.359107, -84.35921, -84.35934, -84.359467, -84.359564, -84.359682, -84.359865, -84.359995, -84.360467, 
-84.36086, -84.361293, -84.361409, -84.361565, -84.361728, -84.362563, -84.362941, -84.364441, -84.364739, -84.364851, -84.36517, -84.366189, -84.366265, -84.366824, -84.366931, -84.367023, -84.367098, -84.367213, -84.367343, -84.367701, -84.367731, -84.367794, -84.367839, -84.367858, -84.367897, -84.367899, -84.367885, -84.367838, -84.367769, -84.367693, -84.367603, -84.36756, -84.367515, -84.367503, -84.367493, -84.367484, -84.367464, -84.367418, -84.367303, -84.367217, -84.367082, -84.367032, 
-84.367022, -84.367035, -84.367063, -84.367106, -84.367176, -84.367246, -84.367344, -84.36761, -84.367851, -84.367969, -84.368092, -84.36822, -84.368364, -84.368519, -84.369121, -84.369332, -84.36953, -84.369715, -84.369946, -84.370479, -84.370588, -84.370711, -84.37088, -84.370777, -84.370466, -84.370397, -84.370311, -84.370242, -84.369879, -84.369836, -84.36975, -84.369655, -84.369573, -84.369494, -84.368934, -84.368703, -84.368613, -84.368544, -84.368525, -84.368426, -84.368316, -84.368171, -84.36792, 
-84.367759, -84.367559, -84.367397, -84.367258, -84.367115, -84.366616, -84.366508, -84.366429, -84.366398, -84.366329, -84.366321, -84.366292, -84.366229, -84.366207, -84.366161, -84.366096, -84.36601, -84.365929, -84.365836, -84.365753, -84.365629, -84.365518, -84.36534, -84.3652, -84.365052, -84.3649, -84.363959, -84.362942, -84.362379, -84.361926, -84.361791, -84.361633, -84.361532, -84.361438, -84.360359, -84.360221, -84.36014, -84.360094, -84.359826, -84.359685, -84.359598, -84.359527, -84.358812, 
-84.358876, -84.358901, -84.359015, -84.359108, -84.359135, -84.35924, -84.358082, -84.356925, -84.355813, -84.354893, -84.354452, -84.354531, -84.354526, -84.35428, -84.354261, -84.354162, -84.354148, -84.353015, -84.353308, 39.08495, 39.085447, 39.085467, 39.086062, 39.0872, 39.0874, 39.087553, 39.087656, 39.087704, 39.087734, 39.087769, 39.087857, 39.087983, 39.088085, 39.088185, 39.089502, 39.08966, 39.089996, 39.090132, 39.090543, 39.090658, 39.090769, 39.090905, 39.091, 39.091055, 39.091129, 
39.091193, 39.091252, 39.091319, 39.091391, 39.091464, 39.091398, 39.091359, 39.091307, 39.091296, 39.091294, 39.091309, 39.091333, 39.091377, 39.091461, 39.091532, 39.091895, 39.092181, 39.092475, 39.092543, 39.092619, 39.092685, 39.092962, 39.093073, 39.093375, 39.093435, 39.093519, 39.09374, 39.094444, 39.094374, 39.093867, 39.093754, 39.093633, 39.093505, 39.093361, 39.093224, 39.092864, 39.092813, 39.092682, 39.092547, 39.092449, 39.092242, 39.092158, 39.092046, 39.09188, 39.091717, 39.091587, 
39.091402, 39.091292, 39.091041, 39.090831, 39.090009, 39.089828, 39.089716, 39.089551, 39.089291, 39.089068, 39.088664, 39.088458, 39.088315, 39.088141, 39.087986, 39.087861, 39.087728, 39.087632, 39.087527, 39.087306, 39.087124, 39.087045, 39.086985, 39.086938, 39.0869, 39.086873, 39.086815, 39.086782, 39.086736, 39.086681, 39.086597, 39.086362, 39.08632, 39.086272, 39.086223, 39.085989, 39.085293, 39.085191, 39.085097, 39.085035, 39.084728, 39.084682, 39.08459, 39.084469, 39.084342, 39.084183, 
39.082769, 39.082254, 39.082103, 39.082008, 39.081981, 39.081866, 39.081757, 39.081634, 39.081434, 39.081322, 39.081203, 39.081138, 39.0811, 39.081076, 39.081042, 39.081971, 39.082621, 39.082736, 39.082919, 39.082944, 39.083073, 39.083601, 39.083707, 39.083833, 39.083956, 39.084077, 39.084165, 39.084244, 39.084301, 39.084374, 39.084425, 39.084481, 39.084512, 39.08453, 39.084535, 39.084481, 39.08442, 39.084386, 39.084364, 39.084347, 39.084344, 39.08436, 39.084391, 39.08479, 39.084861, 39.084922, 39.084967, 
39.08482, 39.084758, 39.084732, 39.08472, 39.084594, 39.083806, 39.083721, 39.083402, 39.083079, 39.08297, 39.082128, 39.082039, 39.08195, 39.081868, 39.081792, 39.081811, 39.082377, 39.082451, 39.083225, 39.083358, 39.084644, 39.084769, 39.084675, 39.08495)))"
62,2141.7558203197245,2005.3679775137,20.489719626168224,23.159469596690148,51.94796913188035,287.0384694891353,362.5773884746637,122.61521541902222,316.3255583690817,413.60267568661294,174.02599274502285,223.0496744089195,164.59352150011105,77.92732422715498,58.58081535419916,25.199303336051525,282.58426653472964,156.71084232450679,138.50820025752063,55.94647946129242,39.26553238199781,103711.59549945116,"list(list(c(-84.35646, -84.356577, -84.356983, -84.356975, -84.356983, -84.357009, -84.357051, -84.357111, -84.357169, -84.357251, -84.357359, -84.358162, -84.358298, -84.358396, -84.358508, -84.358769, -84.358907, -84.35924, -84.359322, -84.359362, -84.35938, -84.359381, -84.359334, -84.359591, -84.35968, -84.359796, -84.359895, -84.360026, -84.360731, -84.360771, -84.360888, -84.36097, -84.361748, -84.363366, -84.366616, -84.367115, -84.367258, -84.367397, -84.367559, -84.367759, -84.36792, -84.368171, 
-84.368316, -84.368426, -84.368525, -84.368544, -84.368613, -84.368703, -84.368934, -84.369494, -84.369573, -84.369655, -84.36975, -84.369836, -84.37042, -84.372808, -84.374743, -84.37476, -84.373806, -84.36884, -84.368755, -84.368674, -84.368531, -84.368342, -84.366938, -84.366694, -84.366535, -84.366381, -84.366199, -84.366088, -84.365254, -84.36535, -84.365357, -84.366411, -84.366533, -84.366561, -84.366555, -84.366533, -84.366504, -84.36645, -84.366404, -84.366334, -84.365507, -84.364887, -84.364452, 
-84.363817, -84.363666, -84.363511, -84.363435, -84.363131, -84.363029, -84.362892, -84.362731, -84.362513, -84.360117, -84.360039, -84.361126, -84.362222, -84.362133, -84.362106, -84.362359, -84.363884, -84.363974, -84.364041, -84.364104, -84.364171, -84.36423, -84.364279, -84.364298, -84.364308, -84.364281, -84.364267, -84.364248, -84.364207, -84.364169, -84.364118, -84.36409, -84.364059, -84.363337, -84.363121, -84.362958, -84.36275, -84.362541, -84.362516, -84.36248, -84.36242, -84.362347, -84.361682, 
-84.361564, -84.359598, -84.358535, -84.358306, -84.358325, -84.358358, -84.358372, -84.358122, -84.357835, -84.357763, -84.356956, -84.356231, -84.355842, -84.35579, -84.355748, -84.355715, -84.35646, 39.079144, 39.079153, 39.079155, 39.079773, 39.079841, 39.079899, 39.07995, 39.079996, 39.080024, 39.080047, 39.080059, 39.080123, 39.080121, 39.080108, 39.080077, 39.079953, 39.07988, 39.080292, 39.080414, 39.080502, 39.080584, 39.08069, 39.081019, 39.081037, 39.081035, 39.08102, 39.080993, 39.080936, 
39.080527, 39.080544, 39.080574, 39.080586, 39.080649, 39.08078, 39.081042, 39.081076, 39.0811, 39.081138, 39.081203, 39.081322, 39.081434, 39.081634, 39.081757, 39.081866, 39.081981, 39.082008, 39.082103, 39.082254, 39.082769, 39.084183, 39.084342, 39.084469, 39.08459, 39.084682, 39.081193, 39.081242, 39.081423, 39.081261, 39.08051, 39.074462, 39.073603, 39.073578, 39.07352, 39.073432, 39.072688, 39.072577, 39.072522, 39.072483, 39.07245, 39.072435, 39.072361, 39.07019, 39.069941, 39.06997, 39.067276, 
39.066763, 39.066696, 39.066644, 39.066606, 39.066565, 39.066546, 39.066531, 39.066506, 39.066495, 39.066481, 39.066468, 39.066481, 39.066508, 39.066531, 39.066643, 39.066674, 39.066698, 39.066706, 39.066693, 39.06649, 39.068516, 39.068616, 39.06872, 39.069342, 39.069583, 39.069583, 39.069631, 39.069642, 39.06966, 39.069687, 39.069729, 39.069787, 39.069859, 39.069912, 39.069996, 39.070519, 39.070862, 39.071008, 39.071191, 39.071301, 39.071466, 39.071631, 39.072262, 39.072211, 39.072204, 39.072209, 
39.072227, 39.072262, 39.072229, 39.072203, 39.07218, 39.072169, 39.072108, 39.072094, 39.071908, 39.07182, 39.071804, 39.072152, 39.072476, 39.072881, 39.072865, 39.072861, 39.072863, 39.072861, 39.072864, 39.072864, 39.07515, 39.077553, 39.079134, 39.079144)))"
63,901.372661321115,791.3786068837614,0,1.7511045655375552,47.69770359461081,154.71548573610428,154.3618065783014,32.05672830415098,118.40048000872743,107.63372061310204,124.69612174766813,90.99170894016254,117.0217640320733,1.4948453608247423,0,0.8114874815905744,54.15818469426716,32.48382697867233,44.26962308405607,177.23204058255604,39.36728232189974,216079.35356200527,"list(list(c(-84.342297, -84.340345, -84.343944, -84.347668, -84.349224, -84.352851, -84.354562, -84.357411, -84.357353, -84.356827, -84.356521, -84.356155, -84.355694, -84.355192, -84.354773, -84.354543, -84.353732, -84.353514, -84.352672, -84.35246, -84.352107, -84.351998, -84.35194, -84.351564, -84.350699, -84.350563, -84.350417, -84.350176, -84.349164, -84.348289, -84.345895, -84.345125, -84.345075, -84.344011, -84.340377, -84.339275, -84.339244, -84.338904, -84.33872, -84.342297, 39.104917, 39.107485, 
39.11246, 39.113477, 39.112046, 39.109216, 39.110323, 39.108577, 39.10855, 39.108339, 39.108056, 39.107652, 39.107349, 39.106869, 39.106471, 39.10604, 39.105161, 39.105107, 39.105019, 39.105011, 39.10501, 39.105003, 39.104981, 39.104836, 39.104506, 39.104428, 39.104342, 39.104142, 39.103201, 39.102366, 39.100067, 39.09933, 39.099343, 39.099765, 39.100472, 39.100686, 39.100677, 39.100652, 39.103195, 39.104917)))"
64,1850.0481848844474,1742.3207711846762,9.98376014990631,0,141.56126754112012,227.66698854882367,314.8255881740579,202.9906012908599,180.2823476993546,260.63222777430775,323.97441599000626,170.60276119092237,124.31605413283364,44.75720008328128,108.42357359983345,23.281333333333336,116.93152071621904,141.69845471580265,133.93057380803666,128.84382760774517,39.99142224681793,118831.17044825677,"list(list(c(-84.322384, -84.3224, -84.322431, -84.322473, -84.322553, -84.323423, -84.32363, -84.323978, -84.32419, -84.324546, -84.324904, -84.324909, -84.324918, -84.324942, -84.324983, -84.325039, -84.325109, -84.325189, -84.325281, -84.32538, -84.325484, -84.325592, -84.325952, -84.326462, -84.326974, -84.326929, -84.326911, -84.326894, -84.326834, -84.326777, -84.32671, -84.326646, -84.326526, -84.32625, -84.326139, -84.326088, -84.326034, -84.326007, -84.325977, -84.325918, -84.326934, -84.326756, 
-84.325738, -84.325524, -84.324089, -84.323916, -84.323924, -84.323955, -84.323993, -84.324141, -84.324229, -84.324261, -84.324281, -84.324288, -84.324209, -84.325762, -84.326376, -84.327954, -84.330382, -84.331136, -84.331439, -84.331499, -84.332275, -84.332734, -84.333637, -84.335092, -84.335509, -84.335938, -84.336974, -84.336991, -84.337046, -84.337082, -84.337095, -84.337096, -84.337053, -84.337427, -84.337713, -84.338045, -84.338157, -84.338168, -84.338217, -84.33854, -84.338623, -84.33926, 
-84.33929, -84.339292, -84.339314, -84.339367, -84.340501, -84.340939, -84.341691, -84.341709, -84.341723, -84.341769, -84.341833, -84.34193, -84.342026, -84.342135, -84.342283, -84.342447, -84.342595, -84.342271, -84.342204, -84.342153, -84.342118, -84.342098, -84.342096, -84.342111, -84.342142, -84.342235, -84.34238, -84.341979, -84.340777, -84.339942, -84.339776, -84.336833, -84.335881, -84.335103, -84.335091, -84.334929, -84.334309, -84.334282, -84.333601, -84.333089, -84.332115, -84.332, -84.332023, 
-84.33208, -84.332093, -84.33209, -84.332102, -84.332119, -84.332127, -84.332159, -84.332207, -84.3322, -84.331812, -84.331423, -84.331247, -84.330586, -84.329746, -84.328124, -84.327344, -84.327088, -84.325454, -84.324274, -84.3237, -84.323485, -84.322522, -84.322507, -84.322457, -84.322442, -84.322441, -84.322379, -84.322384, 39.077507, 39.077821, 39.078077, 39.078269, 39.078522, 39.078316, 39.078273, 39.078215, 39.078189, 39.078161, 39.078153, 39.076785, 39.076701, 39.076619, 39.076541, 39.076469, 
39.076404, 39.076348, 39.076302, 39.076268, 39.076247, 39.076237, 39.076243, 39.076251, 39.076264, 39.078077, 39.078265, 39.07836, 39.078607, 39.078766, 39.078912, 39.079034, 39.079233, 39.079626, 39.079801, 39.079904, 39.080061, 39.080193, 39.080418, 39.080955, 39.081025, 39.082626, 39.082558, 39.084545, 39.084463, 39.086338, 39.086423, 39.086534, 39.086613, 39.086852, 39.086999, 39.087078, 39.087159, 39.08727, 39.088119, 39.088221, 39.088262, 39.088357, 39.088512, 39.088557, 39.088562, 39.088556, 
39.088577, 39.088589, 39.088614, 39.088648, 39.088648, 39.08864, 39.088592, 39.088568, 39.088467, 39.08836, 39.088278, 39.088168, 39.087909, 39.087871, 39.087859, 39.087855, 39.086682, 39.086618, 39.086473, 39.086544, 39.086557, 39.08658, 39.086259, 39.086237, 39.08623, 39.085668, 39.085714, 39.085728, 39.085774, 39.085645, 39.085589, 39.085452, 39.085318, 39.085166, 39.085045, 39.084931, 39.084806, 39.084693, 39.084611, 39.084218, 39.084121, 39.084017, 39.08391, 39.0838, 39.08369, 39.08358, 39.083472, 
39.083262, 39.082934, 39.082831, 39.082491, 39.082215, 39.082157, 39.081183, 39.08087, 39.080638, 39.080619, 39.080566, 39.080368, 39.080375, 39.080143, 39.079943, 39.079524, 39.079479, 39.079165, 39.07839, 39.078076, 39.077893, 39.077756, 39.07717, 39.076477, 39.075526, 39.073264, 39.073034, 39.073047, 39.073046, 39.073041, 39.073008, 39.072956, 39.072861, 39.072809, 39.072794, 39.072698, 39.07262, 39.072568, 39.072544, 39.072417, 39.073603, 39.07482, 39.075572, 39.075679, 39.07708, 39.077507)))"
65,1307.8602031523644,1252.1694430823118,0,17.427320490367777,7.344,140.56616112084063,281.99632224168124,53.60121541155867,127.88404203152365,259.3281436077058,189.48189141856392,161.51885464098072,62.481162872154115,31.002409807355516,36.6627530647986,30.7227530647986,65.13002101576183,79.14282661996496,75.91642381786339,151.9966234676007,42.510109890109895,151008.15164835166,"list(list(c(-84.333748, -84.334565, -84.336404, -84.337464, -84.338032, -84.337959, -84.336688, -84.338978, -84.338904, -84.339244, -84.339275, -84.340377, -84.344011, -84.343545, -84.343481, -84.343464, -84.343464, -84.343453, -84.343524, -84.343592, -84.343673, -84.343766, -84.344811, -84.345949, -84.346473, -84.346617, -84.346683, -84.346705, -84.346655, -84.346598, -84.346538, -84.346492, -84.346344, -84.346325, -84.346307, -84.346284, -84.346256, -84.34624, -84.346108, -84.345962, -84.345773, 
-84.34557, -84.345352, -84.345169, -84.345003, -84.344763, -84.344589, -84.344446, -84.344339, -84.343808, -84.341931, -84.340867, -84.340564, -84.340485, -84.339978, -84.339204, -84.338962, -84.339075, -84.33926, -84.338623, -84.33854, -84.338217, -84.338168, -84.338157, -84.338045, -84.337713, -84.337427, -84.337053, -84.337096, -84.337095, -84.337082, -84.337046, -84.336991, -84.336974, -84.335938, -84.335509, -84.335092, -84.333637, -84.332734, -84.332498, -84.331369, -84.331342, -84.331102, 
-84.333748, 39.095614, 39.095784, 39.095686, 39.095467, 39.095377, 39.096836, 39.098524, 39.099885, 39.100652, 39.100677, 39.100686, 39.100472, 39.099765, 39.097146, 39.096792, 39.096304, 39.095849, 39.094664, 39.094641, 39.094539, 39.094442, 39.094352, 39.093543, 39.092577, 39.092131, 39.091997, 39.091934, 39.091912, 39.091886, 39.091851, 39.091811, 39.091775, 39.091652, 39.091634, 39.091614, 39.091586, 39.091548, 39.091522, 39.091392, 39.091271, 39.091142, 39.09102, 39.090906, 39.090821, 39.090759, 
39.090689, 39.090654, 39.09064, 39.090634, 39.090563, 39.090256, 39.09008, 39.090004, 39.089978, 39.08981, 39.089639, 39.089411, 39.088556, 39.08658, 39.086557, 39.086544, 39.086473, 39.086618, 39.086682, 39.087855, 39.087859, 39.087871, 39.087909, 39.088168, 39.088278, 39.08836, 39.088467, 39.088568, 39.088592, 39.08864, 39.088648, 39.088648, 39.088614, 39.088589, 39.090962, 39.091632, 39.092161, 39.094444, 39.095614)))"
66,995.7119336485222,845.3908105028754,4.631940112289457,60.61761559326539,23.584208621339382,72.79441968839473,275.48067698701936,70.52245143014567,73.93931769027444,246.79574129718904,80.8524794396078,112.07630908837298,57.99230843987902,5.258229587639119,35.92139249316431,29.160742288947688,97.32688226946924,49.259030356742734,43.08950448516082,111.37380824357768,38.24432692307692,143010.85096153847,"list(list(c(-84.367233, -84.367312, -84.367401, -84.367498, -84.3676, -84.368058, -84.369612, -84.369786, -84.369991, -84.370224, -84.370417, -84.370716, -84.370944, -84.371514, -84.372077, -84.372283, -84.372499, -84.372726, -84.372961, -84.373168, -84.373378, -84.374452, -84.374358, -84.374372, -84.374406, -84.374457, -84.374526, -84.374611, -84.37471, -84.374822, -84.374945, -84.375497, -84.375633, -84.375728, -84.375814, -84.375912, -84.375972, -84.376178, -84.376734, -84.376975, -84.37727, -84.377983, 
-84.378193, -84.378393, -84.378462, -84.378565, -84.378681, -84.378807, -84.378942, -84.379082, -84.379859, -84.380668, -84.380842, -84.381022, -84.381203, -84.38233, -84.384139, -84.384282, -84.384419, -84.384515, -84.384606, -84.384714, -84.384788, -84.385575, -84.385883, -84.385961, -84.386024, -84.386069, -84.386094, -84.386177, -84.386227, -84.386291, -84.38612, -84.385957, -84.385774, -84.385634, -84.385556, -84.38489, -84.384772, -84.384642, -84.384505, -84.384362, -84.384217, -84.384071, 
-84.38235, -84.382336, -84.382294, -84.382235, -84.382161, -84.382072, -84.381885, -84.381468, -84.380336, -84.380823, -84.381005, -84.381895, -84.382111, -84.382439, -84.382825, -84.383433, -84.383948, -84.384829, -84.385011, -84.385375, -84.386478, -84.386564, -84.386825, -84.387212, -84.387933, -84.388596, -84.38927, -84.389763, -84.390878, -84.391033, -84.391822, -84.39193, -84.392285, -84.39324, -84.393489, -84.393741, -84.394068, -84.394357, -84.395067, -84.395349, -84.395658, -84.396383, -84.396768, 
-84.397998, -84.398636, -84.398951, -84.399292, -84.399803, -84.399869, -84.40008, -84.40075, -84.400764, -84.40117, -84.401371, -84.401447, -84.401661, -84.401243, -84.400841, -84.401144, -84.399843, -84.398041, -84.398101, -84.398138, -84.396404, -84.396041, -84.39514, -84.394188, -84.393914, -84.393762, -84.393668, -84.393634, -84.393429, -84.393253, -84.39314, -84.392518, -84.39131, -84.391112, -84.390848, -84.384886, -84.383828, -84.383237, -84.383124, -84.382983, -84.382891, -84.382715, -84.382665, 
-84.38234, -84.381742, -84.381423, -84.381072, -84.380556, -84.380441, -84.380459, -84.380642, -84.376523, -84.376357, -84.376244, -84.375976, -84.375903, -84.375758, -84.375498, -84.375264, -84.375103, -84.374939, -84.374915, -84.374731, -84.374605, -84.374471, -84.374414, -84.374055, -84.374006, -84.373901, -84.373809, -84.373746, -84.373457, -84.373393, -84.37333, -84.373168, -84.373027, -84.372928, -84.372407, -84.372224, -84.371669, -84.37146, -84.37076, -84.370555, -84.369866, -84.369342, -84.368422, 
-84.368081, -84.367417, -84.366999, -84.367233, 39.10717, 39.107226, 39.107272, 39.107309, 39.107335, 39.107407, 39.107639, 39.107669, 39.107717, 39.107785, 39.107856, 39.107993, 39.108123, 39.108482, 39.108838, 39.108951, 39.109051, 39.109136, 39.109206, 39.109254, 39.109291, 39.109419, 39.109916, 39.110026, 39.110133, 39.110236, 39.110332, 39.11042, 39.110499, 39.110566, 39.110621, 39.110809, 39.110851, 39.110895, 39.110948, 39.111033, 39.111105, 39.111547, 39.112719, 39.113109, 39.113375, 39.113926, 
39.114001, 39.113683, 39.113618, 39.113539, 39.113473, 39.113418, 39.113377, 39.113351, 39.113118, 39.112885, 39.112845, 39.11282, 39.112811, 39.112839, 39.112886, 39.112908, 39.112946, 39.112985, 39.113033, 39.113109, 39.113177, 39.11417, 39.114018, 39.113958, 39.113888, 39.113811, 39.113728, 39.112895, 39.112703, 39.112552, 39.1125, 39.112435, 39.11234, 39.112248, 39.112187, 39.111724, 39.111658, 39.111604, 39.111565, 39.111542, 39.111533, 39.111541, 39.11177, 39.111715, 39.111607, 39.111504, 39.111407, 
39.111318, 39.111171, 39.110842, 39.109977, 39.109586, 39.109393, 39.108484, 39.108291, 39.108066, 39.107739, 39.108139, 39.108484, 39.109253, 39.109392, 39.109598, 39.110207, 39.110246, 39.11033, 39.110384, 39.11052, 39.110711, 39.110866, 39.111013, 39.111861, 39.112204, 39.112664, 39.112737, 39.112943, 39.113109, 39.113144, 39.113167, 39.113176, 39.113165, 39.113087, 39.113075, 39.112952, 39.112625, 39.112384, 39.111587, 39.110755, 39.110344, 39.10979, 39.108699, 39.108559, 39.107606, 39.108233, 
39.108249, 39.10872, 39.108952, 39.108903, 39.108783, 39.10826, 39.107659, 39.106761, 39.105763, 39.105761, 39.105456, 39.105262, 39.104931, 39.10486, 39.104259, 39.105095, 39.104951, 39.104885, 39.104851, 39.104834, 39.104775, 39.104739, 39.104725, 39.105112, 39.108066, 39.108063, 39.108061, 39.107617, 39.106354, 39.10527, 39.105218, 39.105196, 39.105191, 39.105136, 39.105136, 39.104862, 39.104662, 39.104734, 39.104815, 39.104934, 39.104961, 39.104897, 39.104262, 39.103176, 39.103077, 39.10303, 
39.102921, 39.1029, 39.102859, 39.102768, 39.102709, 39.102676, 39.102665, 39.102659, 39.102638, 39.102644, 39.102644, 39.102666, 39.102884, 39.102929, 39.102991, 39.103053, 39.103082, 39.10336, 39.103394, 39.103402, 39.103389, 39.103348, 39.103307, 39.103001, 39.103332, 39.10414, 39.104384, 39.104873, 39.105018, 39.105414, 39.10565, 39.106026, 39.106206, 39.106678, 39.106961, 39.10717)), list(c(-84.398441, -84.39824, -84.400638, -84.401301, -84.402627, -84.402292, -84.40214, -84.401813, -84.401417, 
-84.401296, -84.401161, -84.401042, -84.400916, -84.400848, -84.404108, -84.404365, -84.405457, -84.40624, -84.406705, -84.4071, -84.407558, -84.408193, -84.408581, -84.408926, -84.40918, -84.409406, -84.409463, -84.409597, -84.409731, -84.410007, -84.410063, -84.410077, -84.410098, -84.410345, -84.410428, -84.410158, -84.409602, -84.40638, -84.4066, -84.406945, -84.407618, -84.407962, -84.408395, -84.409289, -84.409453, -84.409631, -84.409769, -84.410381, -84.410512, -84.410626, -84.410723, -84.410776, 
-84.411321, -84.411858, -84.41207, -84.41213, -84.412208, -84.412697, -84.412776, -84.412095, -84.411959, -84.410535, -84.405038, -84.405242, -84.401139, -84.401114, -84.399987, -84.398939, -84.397951, -84.396137, -84.395741, -84.398441, 39.099663, 39.101761, 39.10216, 39.102595, 39.103492, 39.103801, 39.103941, 39.104246, 39.104681, 39.104784, 39.104875, 39.104939, 39.104992, 39.105015, 39.107456, 39.107318, 39.106863, 39.106485, 39.106232, 39.106083, 39.105783, 39.105299, 39.104865, 39.104421, 
39.104064, 39.103712, 39.103531, 39.103185, 39.10302, 39.102696, 39.102597, 39.102405, 39.102317, 39.102004, 39.10188, 39.101731, 39.101484, 39.099486, 39.09922, 39.098827, 39.098166, 39.097876, 39.097536, 39.096974, 39.09686, 39.096715, 39.096581, 39.095847, 39.095684, 39.095513, 39.095336, 39.095212, 39.095489, 39.094288, 39.094443, 39.094487, 39.094282, 39.093222, 39.09307, 39.092851, 39.092811, 39.092183, 39.089759, 39.090361, 39.091061, 39.091095, 39.092647, 39.094091, 39.095456, 39.09766, 39.09826, 
39.099663)))"
67,1058.6167688168025,938.6248488632317,31.162007623888183,9.84083044982699,25.422145328719722,136.4306364671588,196.71750064851415,71.8324536257436,103.62551276583585,178.29025404167197,126.15608306256951,147.354596536275,65.50060564624982,32.70912602278373,6.690906073169981,54.68268753050214,62.300326895090194,77.80933244812985,31.15965208865518,118.04605549522299,40.503432494279174,153128.01487414187,"list(list(c(-84.32619, -84.32606, -84.326062, -84.326077, -84.326107, -84.326148, -84.3262, -84.326261, -84.326327, -84.327195, -84.328838, -84.330442, -84.330703, -84.330889, -84.331189, -84.331364, -84.33173, -84.333031, -84.334329, -84.334924, -84.334996, -84.335086, -84.335371, -84.335279, -84.335199, -84.335119, -84.33507, -84.335029, -84.335001, -84.335723, -84.335831, -84.335938, -84.33608, -84.336217, -84.336442, -84.336721, -84.336795, -84.336931, -84.337066, -84.339494, -84.34039, -84.340543, 
-84.340755, -84.342026, -84.34206, -84.342081, -84.342141, -84.342301, -84.342599, -84.343201, -84.344249, -84.345356, -84.345496, -84.341797, -84.341426, -84.34129, -84.341174, -84.341039, -84.340901, -84.340508, -84.340344, -84.340228, -84.33969, -84.339473, -84.339112, -84.33882, -84.33867, -84.338541, -84.338458, -84.338367, -84.338281, -84.338191, -84.338136, -84.337827, -84.337633, -84.337535, -84.337459, -84.337352, -84.337209, -84.337038, -84.336819, -84.335173, -84.334995, -84.334779, -84.334601, 
-84.334426, -84.333911, -84.333366, -84.333255, -84.333106, -84.332945, -84.33281, -84.332352, -84.331849, -84.33159, -84.330873, -84.330659, -84.330462, -84.330257, -84.330043, -84.32979, -84.329694, -84.32916, -84.329143, -84.329112, -84.329023, -84.328916, -84.328826, -84.328764, -84.328689, -84.327676, -84.327541, -84.327134, -84.326955, -84.326443, -84.32593, -84.325859, -84.325782, -84.32574, -84.325711, -84.325504, -84.32538, -84.325302, -84.325234, -84.325035, -84.32619, 39.058516, 39.059841, 
39.059896, 39.05995, 39.06, 39.060044, 39.060082, 39.06011, 39.060129, 39.060226, 39.06041, 39.060591, 39.06062, 39.060648, 39.060721, 39.060756, 39.060797, 39.060936, 39.061075, 39.061139, 39.061155, 39.061191, 39.061379, 39.061471, 39.061569, 39.061701, 39.06181, 39.061951, 39.062116, 39.062193, 39.0622, 39.062197, 39.062179, 39.062145, 39.062062, 39.062019, 39.062011, 39.062007, 39.062014, 39.062338, 39.062455, 39.062469, 39.06247, 39.062495, 39.061399, 39.060479, 39.060425, 39.060129, 39.059664, 
39.058729, 39.057084, 39.055354, 39.055118, 39.053403, 39.053241, 39.05319, 39.053159, 39.053139, 39.053133, 39.053155, 39.05315, 39.05314, 39.053055, 39.053026, 39.052992, 39.052976, 39.052979, 39.052994, 39.053017, 39.05306, 39.053114, 39.053195, 39.053258, 39.053637, 39.053873, 39.053965, 39.054019, 39.054076, 39.054135, 39.05419, 39.054242, 39.054515, 39.054526, 39.054522, 39.054504, 39.054474, 39.054341, 39.053999, 39.053923, 39.05384, 39.05377, 39.053724, 39.053553, 39.053397, 39.053198, 39.052602, 
39.052457, 39.052339, 39.05223, 39.052131, 39.052031, 39.051997, 39.051883, 39.052052, 39.052193, 39.052467, 39.052737, 39.052922, 39.052992, 39.053053, 39.053627, 39.053708, 39.053984, 39.054094, 39.054378, 39.054707, 39.054769, 39.054861, 39.054937, 39.055017, 39.055976, 39.056574, 39.057073, 39.057506, 39.058387, 39.058516)))"
68,1201.707006699316,1166.447385917705,0,6.270577933450088,0,171.00537679738483,282.2356504310833,43.745182683436234,105.68856250165615,167.08367520482176,156.26935659103336,191.94850126590816,65.57430073930965,18.15640048468263,10.316112084063048,36.42477783371917,76.20466639525723,70.18822163390081,80.4106806032998,111.67997697034812,39.281108829568794,146133.40657084188,"list(list(c(-84.31935, -84.319512, -84.319666, -84.319772, -84.319878, -84.319963, -84.320061, -84.320138, -84.320188, -84.320223, -84.3203, -84.320371, -84.320505, -84.320603, -84.320878, -84.320963, -84.321069, -84.32116, -84.321294, -84.321357, -84.321477, -84.321625, -84.321766, -84.32183, -84.321935, -84.322062, -84.322133, -84.322224, -84.322358, -84.32247, -84.322604, -84.322745, -84.322907, -84.323013, -84.323281, -84.32333, -84.323549, -84.323689, -84.32383, -84.323985, -84.324049, -84.324119, 
-84.324149, -84.324182, -84.324415, -84.324457, -84.324471, -84.324563, -84.324767, -84.324922, -84.324977, -84.325072, -84.325256, -84.325304, -84.325345, -84.325399, -84.325413, -84.325502, -84.32557, -84.325645, -84.325714, -84.325775, -84.325837, -84.325891, -84.325966, -84.326027, -84.326041, -84.326082, -84.326123, -84.326157, -84.32617, -84.326163, -84.326115, -84.326093, -84.326093, -84.326107, -84.326148, -84.326264, -84.326462, -84.326531, -84.326544, -84.326536, -84.326515, -84.326473, 
-84.326459, -84.326389, -84.326264, -84.333059, -84.333081, -84.333105, -84.333319, -84.333365, -84.333627, -84.333694, -84.333748, -84.331102, -84.331342, -84.331369, -84.332498, -84.332734, -84.332275, -84.331499, -84.331439, -84.331136, -84.330382, -84.327954, -84.326376, -84.325762, -84.324209, -84.322968, -84.32243, -84.322023, -84.321902, -84.321815, -84.321634, -84.321426, -84.321407, -84.321384, -84.321307, -84.321108, -84.321103, -84.32092, -84.320896, -84.320888, -84.320897, -84.320928, 
-84.320971, -84.320988, -84.320987, -84.320986, -84.320931, -84.320873, -84.32076, -84.320647, -84.320628, -84.320627, -84.320559, -84.320531, -84.320481, -84.32041, -84.320133, -84.319975, -84.319887, -84.319746, -84.31964, -84.319568, -84.319548, -84.319323, -84.319209, -84.319188, -84.31935, 39.105013, 39.10503, 39.105018, 39.104997, 39.104942, 39.104881, 39.104783, 39.104695, 39.104618, 39.104547, 39.104448, 39.104393, 39.104343, 39.104333, 39.104261, 39.104234, 39.10419, 39.10414, 39.104003, 
39.10397, 39.103949, 39.103904, 39.103849, 39.103817, 39.10374, 39.103729, 39.103734, 39.103756, 39.103745, 39.103723, 39.103657, 39.10357, 39.103421, 39.103317, 39.103004, 39.102938, 39.102758, 39.102653, 39.102477, 39.102318, 39.102219, 39.102092, 39.102017, 39.101939, 39.101467, 39.101347, 39.101258, 39.10111, 39.100842, 39.100722, 39.100674, 39.100563, 39.100334, 39.100281, 39.100246, 39.100209, 39.100175, 39.100108, 39.100071, 39.100061, 39.100039, 39.099997, 39.099943, 39.099857, 39.099691, 
39.099588, 39.099536, 39.099495, 39.099465, 39.099419, 39.099357, 39.099275, 39.099171, 39.099106, 39.099046, 39.099, 39.098947, 39.098852, 39.098624, 39.098488, 39.098415, 39.098327, 39.098194, 39.098024, 39.097936, 39.097806, 39.097702, 39.098082, 39.097892, 39.096168, 39.095947, 39.095927, 39.095765, 39.095694, 39.095614, 39.094444, 39.092161, 39.091632, 39.090962, 39.088589, 39.088577, 39.088556, 39.088562, 39.088557, 39.088512, 39.088357, 39.088262, 39.088221, 39.088119, 39.088034, 39.088014, 
39.087986, 39.088837, 39.089524, 39.090848, 39.092366, 39.092635, 39.09265, 39.093204, 39.094671, 39.094848, 39.096211, 39.096348, 39.096487, 39.096653, 39.096818, 39.096982, 39.09712, 39.097186, 39.09726, 39.097676, 39.098273, 39.099237, 39.100065, 39.100348, 39.100461, 39.10181, 39.101978, 39.102143, 39.102303, 39.102812, 39.103058, 39.103182, 39.103366, 39.103543, 39.103701, 39.103754, 39.104505, 39.104805, 39.104982, 39.105013)))"
69,928.3888888888889,888.25,0,3.3055555555555554,19.833333333333332,116.16666666666666,61.388888888888886,76.02777777777777,85.47222222222221,121.83333333333333,200.69444444444443,99.16666666666666,113.33333333333333,54.30555555555556,38.25,34,73.19444444444444,82.16666666666667,173.30555555555554,17.47222222222222,51.1,145122,"list(list(c(-84.354291, -84.354361, -84.354409, -84.354452, -84.354893, -84.355813, -84.356925, -84.358082, -84.35924, -84.359135, -84.359108, -84.359015, -84.358901, -84.358876, -84.358812, -84.359527, -84.359598, -84.359685, -84.359826, -84.360094, -84.36014, -84.360221, -84.360359, -84.361438, -84.361532, -84.361633, -84.361791, -84.361926, -84.362379, -84.362942, -84.363959, -84.3649, -84.365052, -84.3652, -84.36534, -84.365518, -84.365629, -84.365753, -84.365836, -84.365929, -84.36601, -84.366096, 
-84.366161, -84.366207, -84.366229, -84.366292, -84.366321, -84.366329, -84.366398, -84.366429, -84.366508, -84.366616, -84.363366, -84.361748, -84.36097, -84.360888, -84.360771, -84.360731, -84.360026, -84.359895, -84.359796, -84.35968, -84.359591, -84.359334, -84.359381, -84.35938, -84.359362, -84.359322, -84.35924, -84.358907, -84.358769, -84.358508, -84.358396, -84.358298, -84.358162, -84.357359, -84.357251, -84.357169, -84.357111, -84.357051, -84.357009, -84.356983, -84.356975, -84.356983, -84.356577, 
-84.35646, -84.355715, -84.355748, -84.35579, -84.355842, -84.355306, -84.354837, -84.354372, -84.354419, -84.354324, -84.354276, -84.354291, 39.080646, 39.081177, 39.081513, 39.081811, 39.081792, 39.081868, 39.08195, 39.082039, 39.082128, 39.08297, 39.083079, 39.083402, 39.083721, 39.083806, 39.084594, 39.08472, 39.084732, 39.084758, 39.08482, 39.084967, 39.084922, 39.084861, 39.08479, 39.084391, 39.08436, 39.084344, 39.084347, 39.084364, 39.084386, 39.08442, 39.084481, 39.084535, 39.08453, 39.084512, 
39.084481, 39.084425, 39.084374, 39.084301, 39.084244, 39.084165, 39.084077, 39.083956, 39.083833, 39.083707, 39.083601, 39.083073, 39.082944, 39.082919, 39.082736, 39.082621, 39.081971, 39.081042, 39.08078, 39.080649, 39.080586, 39.080574, 39.080544, 39.080527, 39.080936, 39.080993, 39.08102, 39.081035, 39.081037, 39.081019, 39.08069, 39.080584, 39.080502, 39.080414, 39.080292, 39.07988, 39.079953, 39.080077, 39.080108, 39.080121, 39.080123, 39.080059, 39.080047, 39.080024, 39.079996, 39.07995, 
39.079899, 39.079841, 39.079773, 39.079155, 39.079153, 39.079144, 39.079134, 39.077553, 39.07515, 39.072864, 39.072867, 39.072857, 39.072849, 39.072929, 39.077724, 39.080313, 39.080646)))"
70,865.0555593706233,680.2380097864007,1.5107351984385167,40.409577512560155,79.45914003339811,75.54883838818014,117.77122994761417,97.88262766310561,89.24189580876288,141.294749946168,120.60987689645974,119.78056373504094,82.87620345830139,20.049573526990496,60.014533275021876,60.76444788194387,110.53788791923644,52.56015971021509,54.13905582741228,78.64117788396126,41.76279069767442,96464.5313059034,"list(list(c(-84.35891, -84.358961, -84.359068, -84.359211, -84.360287, -84.360569, -84.362008, -84.362263, -84.362516, -84.362729, -84.36355, -84.363685, -84.364669, -84.364948, -84.36523, -84.365515, -84.365765, -84.366085, -84.367207, -84.367345, -84.367478, -84.367601, -84.367686, -84.367787, -84.367854, -84.367928, -84.368163, -84.36822, -84.368291, -84.368374, -84.368467, -84.368569, -84.369319, -84.369349, -84.369554, -84.369686, -84.370012, -84.370157, -84.370211, -84.370581, -84.370785, -84.371162, 
-84.372041, -84.372224, -84.372407, -84.372928, -84.373027, -84.373168, -84.37333, -84.373393, -84.373457, -84.373746, -84.373809, -84.373901, -84.374006, -84.374055, -84.374414, -84.374471, -84.374605, -84.374731, -84.374915, -84.374939, -84.375103, -84.375264, -84.375498, -84.375758, -84.375903, -84.376639, -84.37104, -84.37116, -84.37125, -84.371334, -84.371496, -84.371616, -84.371748, -84.371855, -84.371964, -84.372128, -84.372283, -84.372316, -84.372975, -84.372739, -84.372625, -84.372398, -84.37103, 
-84.37088, -84.370711, -84.370588, -84.370479, -84.369946, -84.369715, -84.36953, -84.369332, -84.369121, -84.368519, -84.368364, -84.36822, -84.368092, -84.367969, -84.367851, -84.36761, -84.367344, -84.367246, -84.367176, -84.367106, -84.367063, -84.367035, -84.367022, -84.367032, -84.367082, -84.367217, -84.367303, -84.367418, -84.367464, -84.367484, -84.367493, -84.367503, -84.367515, -84.36756, -84.367603, -84.367693, -84.367769, -84.367838, -84.367885, -84.367899, -84.367897, -84.367858, -84.367839, 
-84.367794, -84.367731, -84.367701, -84.367343, -84.367213, -84.367098, -84.367023, -84.366931, -84.366824, -84.366265, -84.366189, -84.366268, -84.366682, -84.367315, -84.367438, -84.367635, -84.367855, -84.367459, -84.36729, -84.367083, -84.366871, -84.366289, -84.366285, -84.36619, -84.36561, -84.36518, -84.365147, -84.365077, -84.363415, -84.362765, -84.362123, -84.360525, -84.360367, -84.360335, -84.360317, -84.360312, -84.360324, -84.360352, -84.360395, -84.360451, -84.360522, -84.360603, -84.360694, 
-84.360792, -84.360896, -84.361002, -84.362593, -84.362619, -84.362637, -84.362703, -84.362349, -84.362029, -84.361671, -84.361314, -84.360993, -84.360709, -84.360163, -84.359979, -84.359702, -84.359536, -84.359206, -84.35917, -84.359135, -84.359052, -84.359006, -84.358983, -84.358955, -84.358903, -84.35891, 39.100794, 39.101133, 39.101119, 39.101115, 39.101191, 39.1012, 39.101168, 39.10118, 39.101208, 39.101246, 39.101437, 39.101473, 39.101698, 39.101748, 39.101781, 39.101798, 39.101799, 39.101781, 
39.101657, 39.10163, 39.101587, 39.101531, 39.10148, 39.101402, 39.101336, 39.101241, 39.100814, 39.100739, 39.100673, 39.100616, 39.100569, 39.100535, 39.100398, 39.100493, 39.100925, 39.101153, 39.101621, 39.101818, 39.101892, 39.102234, 39.102417, 39.1027, 39.103223, 39.103332, 39.103001, 39.103307, 39.103348, 39.103389, 39.103402, 39.103394, 39.10336, 39.103082, 39.103053, 39.102991, 39.102929, 39.102884, 39.102666, 39.102644, 39.102644, 39.102638, 39.102659, 39.102665, 39.102676, 39.102709, 
39.102768, 39.102859, 39.1029, 39.100163, 39.099861, 39.098747, 39.097918, 39.097237, 39.095716, 39.094691, 39.093551, 39.092711, 39.091811, 39.090501, 39.089277, 39.089052, 39.085837, 39.085933, 39.085964, 39.086007, 39.086189, 39.086223, 39.086272, 39.08632, 39.086362, 39.086597, 39.086681, 39.086736, 39.086782, 39.086815, 39.086873, 39.0869, 39.086938, 39.086985, 39.087045, 39.087124, 39.087306, 39.087527, 39.087632, 39.087728, 39.087861, 39.087986, 39.088141, 39.088315, 39.088458, 39.088664, 
39.089068, 39.089291, 39.089551, 39.089716, 39.089828, 39.090009, 39.090831, 39.091041, 39.091292, 39.091402, 39.091587, 39.091717, 39.09188, 39.092046, 39.092158, 39.092242, 39.092449, 39.092547, 39.092682, 39.092813, 39.092864, 39.093224, 39.093361, 39.093505, 39.093633, 39.093754, 39.093867, 39.094374, 39.094444, 39.094499, 39.094813, 39.095324, 39.095462, 39.095696, 39.095985, 39.096137, 39.09619, 39.096241, 39.096279, 39.096353, 39.096353, 39.096365, 39.096418, 39.096441, 39.096442, 39.096442, 
39.096809, 39.096843, 39.097076, 39.097333, 39.097306, 39.097425, 39.097493, 39.097576, 39.097658, 39.097739, 39.097815, 39.097885, 39.097948, 39.098002, 39.098046, 39.098078, 39.098098, 39.098106, 39.098071, 39.098683, 39.098796, 39.099102, 39.099141, 39.099163, 39.099172, 39.099164, 39.099143, 39.099114, 39.099047, 39.099039, 39.099047, 39.099041, 39.099017, 39.099297, 39.099416, 39.099626, 39.0998, 39.099947, 39.100188, 39.100685, 39.100794)))"
71,1001.913477643161,856.5101938614085,45.08133971291866,0.6662665066026411,20.842105263157894,164.0067659071548,95.25730879713707,108.65275358782351,102.12544813998855,174.09825109387097,154.1361486353327,113.01806832615904,49.97784730787217,40.64088584782205,11.779414923864282,45.196543900516815,82.57853645995603,106.00999331922176,52.58855196260982,73.75023535234915,41.41934552454283,113594.5697786333,"list(list(c(-84.382621, -84.382742, -84.382849, -84.383001, -84.38314, -84.383559, -84.383887, -84.384243, -84.38434, -84.38714, -84.388477, -84.388403, -84.388302, -84.388284, -84.388227, -84.391495, -84.391473, -84.392237, -84.392237, -84.392245, -84.392868, -84.392888, -84.39428, -84.394287, -84.394315, -84.394381, -84.394564, -84.394798, -84.394763, -84.394919, -84.395757, -84.39585, -84.395762, -84.395264, -84.394734, -84.39413, -84.393993, -84.393875, -84.393741, -84.393562, -84.393372, -84.393279, 
-84.393061, -84.392382, -84.391976, -84.391997, -84.392062, -84.392126, -84.392176, -84.392205, -84.392261, -84.392333, -84.392536, -84.392826, -84.393571, -84.393729, -84.393283, -84.392534, -84.392193, -84.392153, -84.392074, -84.38779, -84.387584, -84.387217, -84.386928, -84.386675, -84.38647, -84.386455, -84.386281, -84.386216, -84.386201, -84.386211, -84.386207, -84.386178, -84.385995, -84.385947, -84.385647, -84.385478, -84.384656, -84.38456, -84.384383, -84.382935, -84.382756, -84.382707, 
-84.382651, -84.382925, -84.382741, -84.382673, -84.382538, -84.382471, -84.382412, -84.382621, 39.079291, 39.07936, 39.079393, 39.07845, 39.077962, 39.077984, 39.07799, 39.077997, 39.076162, 39.076362, 39.076457, 39.077207, 39.078243, 39.078448, 39.079032, 39.079243, 39.079427, 39.079504, 39.07965, 39.079859, 39.079907, 39.079726, 39.07978, 39.079729, 39.079465, 39.079362, 39.07937, 39.079353, 39.079156, 39.078572, 39.077104, 39.076938, 39.076882, 39.076564, 39.076216, 39.075821, 39.075746, 39.075691, 
39.075642, 39.075591, 39.075553, 39.075541, 39.07552, 39.075458, 39.075425, 39.075169, 39.074563, 39.074101, 39.073741, 39.073656, 39.073545, 39.073441, 39.073266, 39.073085, 39.072618, 39.071107, 39.071072, 39.070986, 39.070922, 39.071102, 39.071525, 39.07106, 39.072147, 39.072113, 39.072106, 39.072113, 39.072133, 39.072086, 39.071678, 39.071482, 39.071391, 39.07058, 39.07046, 39.070345, 39.069892, 39.069738, 39.069774, 39.069775, 39.069716, 39.070491, 39.072151, 39.072045, 39.073696, 39.074112, 
39.074659, 39.074679, 39.076417, 39.077147, 39.078372, 39.078862, 39.079285, 39.079291)))"
72,1011.0530018761726,867.1996900236561,58.58695652173913,3.0434782608695654,41.46739130434783,142.48474590097072,139.18729096989966,79.10478016151399,90.28375071376132,161.9683497838323,159.09401256219923,138.36148951790523,71.96423036136716,28.60435190472306,42.8723590831226,54.376519291948775,91.0155599967371,50.435496370013865,58.287951708948526,79.40037931315769,44.14127617148554,116344.45862412761,"list(list(c(-84.302183, -84.30246, -84.303052, -84.303436, -84.303625, -84.303976, -84.304458, -84.304654, -84.305442, -84.306902, -84.307408, -84.30773, -84.309243, -84.309637, -84.309838, -84.310105, -84.310754, -84.311096, -84.311549, -84.311918, -84.312201, -84.312405, -84.313129, -84.313714, -84.314056, -84.315301, -84.316424, -84.318195, -84.318727, -84.31959, -84.321125, -84.321374, -84.32162, -84.321959, -84.322032, -84.322039, -84.322039, -84.322043, -84.322115, -84.322692, -84.323031, -84.323221, 
-84.323426, -84.323827, -84.32406, -84.324624, -84.325893, -84.32645, -84.326809, -84.327007, -84.327444, -84.328043, -84.328304, -84.328777, -84.328939, -84.329143, -84.329354, -84.329634, -84.329862, -84.330017, -84.330447, -84.331195, -84.331385, -84.331497, -84.331786, -84.332139, -84.332308, -84.332745, -84.333063, -84.333774, -84.334105, -84.334232, -84.334317, -84.33448, -84.334691, -84.334852, -84.335057, -84.335113, -84.33512, -84.335212, -84.335677, -84.335733, -84.335853, -84.335888, -84.336043, 
-84.336121, -84.336184, -84.336276, -84.336346, -84.336381, -84.336403, -84.336438, -84.336494, -84.336543, -84.336744, -84.336804, -84.336923, -84.336951, -84.337001, -84.337022, -84.337021, -84.337, -84.336937, -84.336866, -84.336852, -84.336838, -84.336831, -84.336866, -84.336929, -84.336985, -84.337035, -84.337162, -84.337289, -84.337437, -84.337542, -84.337739, -84.337929, -84.338148, -84.338669, -84.338902, -84.339085, -84.33914, -84.339332, -84.339565, -84.339718, -84.339769, -84.339959, -84.340114, 
-84.340248, -84.340347, -84.340481, -84.340559, -84.34072, -84.340791, -84.340971, -84.34101, -84.3412, -84.34132, -84.341454, -84.341616, -84.341778, -84.342596, -84.343308, -84.343498, -84.343624, -84.3439, -84.344181, -84.344591, -84.344767, -84.344985, -84.345133, -84.345373, -84.346106, -84.34636, -84.346776, -84.347382, -84.347883, -84.349109, -84.350625, -84.350758, -84.351287, -84.351915, -84.352239, -84.352485, -84.352682, -84.352986, -84.353219, -84.353849, -84.354102, -84.355258, -84.356513, 
-84.356754, -84.356641, -84.356242, -84.355937, -84.353542, -84.348572, -84.348367, -84.348106, -84.347824, -84.347719, -84.347549, -84.347408, -84.347176, -84.346887, -84.346556, -84.346323, -84.34621, -84.343935, -84.342118, -84.341438, -84.340961, -84.33964, -84.339109, -84.338735, -84.337234, -84.333872, -84.333239, -84.33294, -84.335636, -84.335634, -84.335645, -84.330679, -84.327998, -84.329359, -84.329766, -84.32915, -84.328655, -84.327909, -84.3276, -84.327287, -84.327109, -84.325366, -84.324987, 
-84.324924, -84.324643, -84.32433, -84.323989, -84.323689, -84.323329, -84.322947, -84.320422, -84.319333, -84.319158, -84.318866, -84.318491, -84.318193, -84.317749, -84.317415, -84.317228, -84.317077, -84.316737, -84.316418, -84.316171, -84.316168, -84.316183, -84.316229, -84.31624, -84.316333, -84.316348, -84.316368, -84.316429, -84.316505, -84.316756, -84.316941, -84.317068, -84.31728, -84.317365, -84.317666, -84.317695, -84.317732, -84.317966, -84.318168, -84.318367, -84.318435, -84.31851, -84.318567, 
-84.318601, -84.31864, -84.318657, -84.318658, -84.318638, -84.318599, -84.318582, -84.318463, -84.318413, -84.31838, -84.318359, -84.31834, -84.318355, -84.318389, -84.318517, -84.318562, -84.31859, -84.318591, -84.318575, -84.318528, -84.318413, -84.318393, -84.318391, -84.318406, -84.318495, -84.318712, -84.318779, -84.318867, -84.318842, -84.318835, -84.318864, -84.318913, -84.318926, -84.318962, -84.318977, -84.31899, -84.319025, -84.319039, -84.319061, -84.319096, -84.319054, -84.319018, -84.318962, 
-84.318835, -84.318759, -84.318649, -84.318518, -84.318403, -84.318421, -84.318427, -84.318391, -84.318314, -84.318271, -84.318272, -84.318244, -84.318123, -84.318053, -84.317912, -84.317665, -84.317609, -84.317588, -84.317496, -84.317454, -84.317257, -84.317123, -84.317024, -84.31694, -84.316856, -84.316658, -84.316489, -84.316348, -84.316257, -84.316158, -84.316094, -84.316031, -84.316024, -84.315989, -84.315792, -84.315714, -84.315671, -84.315664, -84.315644, -84.31565, -84.315643, -84.315538, 
-84.315481, -84.315439, -84.315383, -84.315348, -84.315073, -84.315038, -84.315003, -84.314946, -84.314841, -84.314636, -84.314411, -84.314291, -84.31422, -84.31415, -84.314094, -84.314023, -84.314009, -84.314016, -84.314059, -84.31408, -84.314101, -84.31407, -84.314205, -84.314122, -84.314057, -84.314049, -84.314072, -84.314079, -84.314054, -84.313706, -84.313552, -84.313481, -84.313389, -84.31339, -84.313382, -84.31334, -84.313228, -84.313093, -84.313016, -84.312946, -84.312925, -84.31291, -84.31291, 
-84.312917, -84.312953, -84.312975, -84.313002, -84.313037, -84.313105, -84.312976, -84.313, -84.313189, -84.313508, -84.313763, -84.314073, -84.314186, -84.314207, -84.314228, -84.314221, -84.314157, -84.314052, -84.313939, -84.31384, -84.313573, -84.313277, -84.313185, -84.313164, -84.313122, -84.312995, -84.312946, -84.31284, -84.312749, -84.312206, -84.312143, -84.311974, -84.311811, -84.311452, -84.311199, -84.31091, -84.310706, -84.310565, -84.310417, -84.3104, -84.310364, -84.310341, -84.31034, 
-84.310335, -84.310324, -84.310319, -84.31027, -84.310238, -84.310215, -84.310185, -84.310154, -84.310041, -84.309982, -84.309955, -84.309847, -84.309798, -84.309781, -84.309625, -84.309573, -84.309563, -84.309553, -84.309494, -84.309403, -84.309373, -84.309333, -84.309324, -84.309257, -84.309247, -84.309243, -84.309242, -84.30924, -84.309238, -84.309155, -84.309041, -84.309019, -84.308987, -84.308963, -84.308902, -84.308757, -84.308742, -84.308655, -84.308511, -84.308444, -84.308346, -84.308341, 
-84.308293, -84.308286, -84.308284, -84.308282, -84.308277, -84.308227, -84.308208, -84.308201, -84.3082, -84.3082, -84.308199, -84.308191, -84.308165, -84.308147, -84.308146, -84.308145, -84.308144, -84.308141, -84.308138, -84.308137, -84.308134, -84.308134, -84.308133, -84.308131, -84.308122, -84.30812, -84.308119, -84.308113, -84.308096, -84.308042, -84.308041, -84.308039, -84.308038, -84.30785, -84.307805, -84.307793, -84.30771, -84.307707, -84.307697, -84.307694, -84.307681, -84.307673, -84.307662, 
-84.30756, -84.307512, -84.307454, -84.307401, -84.307392, -84.307391, -84.307388, -84.307374, -84.307358, -84.307314, -84.30726, -84.307217, -84.307179, -84.307137, -84.307136, -84.306968, -84.306965, -84.306941, -84.306887, -84.306877, -84.306833, -84.306789, -84.306781, -84.306779, -84.306745, -84.306701, -84.306658, -84.306614, -84.306597, -84.306579, -84.306515, -84.306506, -84.306464, -84.306415, -84.306348, -84.306347, -84.306321, -84.30631, -84.306299, -84.306254, -84.306203, -84.30617, -84.306145, 
-84.306113, -84.306051, -84.306045, -84.306021, -84.305977, -84.305914, -84.305879, -84.305831, -84.305821, -84.30581, -84.305767, -84.305754, -84.305708, -84.30569, -84.305684, -84.305682, -84.305607, -84.305562, -84.305505, -84.305463, -84.305447, -84.305286, -84.305243, -84.305221, -84.305094, -84.305057, -84.30505, -84.30504, -84.304985, -84.304872, -84.304809, -84.304769, -84.304674, -84.304639, -84.304549, -84.304218, -84.304186, -84.3041, -84.304068, -84.303922, -84.303811, -84.303806, -84.303785, 
-84.303417, -84.303387, -84.303209, -84.30306, -84.303055, -84.302908, -84.302849, -84.302831, -84.302773, -84.302767, -84.302724, -84.302684, -84.302564, -84.302406, -84.302355, -84.30233, -84.302288, -84.302243, -84.302102, -84.302078, -84.30202, -84.301959, -84.301952, -84.301946, -84.301925, -84.301925, -84.301922, -84.301921, -84.301914, -84.301912, -84.301908, -84.301906, -84.301905, -84.301893, -84.301855, -84.301853, -84.301849, -84.301848, -84.301847, -84.301846, -84.301845, -84.301844, 
-84.301842, -84.301828, -84.302183, 39.152298, 39.152211, 39.152005, 39.151901, 39.15181, 39.151719, 39.151608, 39.151585, 39.151372, 39.151366, 39.151239, 39.151192, 39.151156, 39.151049, 39.150929, 39.15077, 39.150543, 39.150467, 39.150385, 39.150329, 39.150289, 39.150232, 39.15012, 39.149999, 39.14992, 39.149498, 39.148957, 39.147901, 39.14752, 39.147134, 39.147243, 39.147159, 39.147182, 39.147034, 39.147023, 39.146959, 39.146895, 39.146263, 39.146251, 39.146103, 39.146031, 39.146015, 39.146015, 
39.145965, 39.145949, 39.145949, 39.145971, 39.145992, 39.146015, 39.146047, 39.146147, 39.146272, 39.146288, 39.146349, 39.146365, 39.146409, 39.146442, 39.146457, 39.146442, 39.146459, 39.146486, 39.146508, 39.146486, 39.146486, 39.146475, 39.146475, 39.146447, 39.146353, 39.14632, 39.146194, 39.146144, 39.146073, 39.146008, 39.145854, 39.145689, 39.14553, 39.145283, 39.145162, 39.145079, 39.14492, 39.144014, 39.143855, 39.143696, 39.14352, 39.143175, 39.143031, 39.1429, 39.142769, 39.142565, 39.142499, 
39.142378, 39.142279, 39.142181, 39.141994, 39.141306, 39.141105, 39.140462, 39.140281, 39.14005, 39.139809, 39.139556, 39.139381, 39.139178, 39.138997, 39.138854, 39.138606, 39.13836, 39.138112, 39.137822, 39.137684, 39.137536, 39.137119, 39.136844, 39.136597, 39.136449, 39.13624, 39.136065, 39.135906, 39.135603, 39.135505, 39.135422, 39.135412, 39.135378, 39.135362, 39.13537, 39.135373, 39.135411, 39.135465, 39.135488, 39.135521, 39.135619, 39.135686, 39.135746, 39.135795, 39.1359, 39.135922, 39.136042, 
39.136108, 39.136141, 39.136169, 39.136179, 39.136135, 39.136102, 39.136063, 39.136063, 39.136079, 39.136107, 39.136123, 39.136134, 39.136134, 39.136162, 39.136194, 39.136325, 39.136358, 39.136364, 39.136308, 39.136287, 39.136215, 39.136236, 39.136187, 39.136214, 39.13639, 39.136472, 39.136521, 39.136549, 39.136603, 39.136669, 39.135788, 39.135434, 39.13379, 39.132045, 39.131705, 39.131663, 39.13226, 39.132159, 39.131861, 39.133185, 39.133097, 39.133059, 39.133037, 39.133032, 39.13301, 39.132977, 
39.1329, 39.132823, 39.132725, 39.132686, 39.13268, 39.133063, 39.13251, 39.132366, 39.132468, 39.132762, 39.132464, 39.132263, 39.131686, 39.130406, 39.130165, 39.129362, 39.127967, 39.127647, 39.12707, 39.12793, 39.12824, 39.124578, 39.123553, 39.123372, 39.123227, 39.122978, 39.122891, 39.12282, 39.122786, 39.122405, 39.122311, 39.122296, 39.122244, 39.122174, 39.122081, 39.121982, 39.121844, 39.121677, 39.120417, 39.119859, 39.119762, 39.119582, 39.119316, 39.119112, 39.118755, 39.118471, 39.118305, 
39.11815, 39.11776, 39.117358, 39.117, 39.11685, 39.116734, 39.116579, 39.116471, 39.115982, 39.115945, 39.115898, 39.115791, 39.115689, 39.115481, 39.115275, 39.115107, 39.114687, 39.114557, 39.114201, 39.114159, 39.114106, 39.113801, 39.113507, 39.113184, 39.113081, 39.112946, 39.112806, 39.112666, 39.112439, 39.11224, 39.112016, 39.111823, 39.111631, 39.111605, 39.111422, 39.111317, 39.111207, 39.111054, 39.110739, 39.1106, 39.110463, 39.110141, 39.109975, 39.109806, 39.109611, 39.109222, 39.108834, 
39.108182, 39.107989, 39.107795, 39.107602, 39.107312, 39.106752, 39.106578, 39.106363, 39.106205, 39.106128, 39.106007, 39.105853, 39.105782, 39.105716, 39.105643, 39.105584, 39.105321, 39.105123, 39.105041, 39.104965, 39.104789, 39.104722, 39.104656, 39.10458, 39.104563, 39.104644, 39.104658, 39.104638, 39.104571, 39.104516, 39.104498, 39.104332, 39.10414, 39.103861, 39.10363, 39.103383, 39.103219, 39.103004, 39.102702, 39.102659, 39.102609, 39.102433, 39.102384, 39.102274, 39.102241, 39.102202, 
39.102186, 39.102181, 39.102202, 39.10228, 39.102312, 39.10229, 39.102246, 39.102093, 39.101835, 39.101726, 39.101631, 39.101379, 39.101226, 39.101105, 39.101006, 39.100836, 39.100485, 39.100341, 39.100062, 39.09998, 39.099787, 39.099595, 39.09942, 39.098887, 39.098832, 39.0988, 39.098761, 39.098706, 39.098656, 39.098618, 39.098585, 39.098547, 39.098492, 39.098415, 39.098239, 39.098157, 39.098085, 39.097964, 39.097844, 39.097685, 39.097491, 39.097257, 39.096804, 39.096611, 39.096453, 39.096218, 39.096026, 
39.095935, 39.095938, 39.09606, 39.095982, 39.09573, 39.095566, 39.095511, 39.095456, 39.09534, 39.095242, 39.095209, 39.095165, 39.095132, 39.095093, 39.095072, 39.095049, 39.095, 39.094994, 39.094978, 39.094978, 39.094958, 39.094775, 39.094621, 39.094399, 39.094083, 39.094019, 39.093896, 39.093836, 39.093815, 39.093759, 39.093688, 39.093562, 39.093419, 39.093331, 39.093288, 39.0932, 39.093057, 39.092985, 39.092919, 39.092854, 39.092761, 39.092694, 39.09253, 39.092421, 39.091898, 39.091871, 39.091821, 
39.091745, 39.091553, 39.091448, 39.091322, 39.091201, 39.091086, 39.090716, 39.09083, 39.091068, 39.09123, 39.09124, 39.091273, 39.091348, 39.09138, 39.091718, 39.091931, 39.092085, 39.092285, 39.092495, 39.093262, 39.093657, 39.09384, 39.094578, 39.094917, 39.09503, 39.096089, 39.096448, 39.096516, 39.096583, 39.096987, 39.097607, 39.097813, 39.098092, 39.098154, 39.098606, 39.098676, 39.098708, 39.098718, 39.09873, 39.098742, 39.099308, 39.100092, 39.100231, 39.100442, 39.100597, 39.100998, 39.101966, 
39.102063, 39.102634, 39.103604, 39.104065, 39.104729, 39.104762, 39.105086, 39.105132, 39.105144, 39.105156, 39.10519, 39.105527, 39.105653, 39.105701, 39.105706, 39.105711, 39.105717, 39.105772, 39.105949, 39.106071, 39.106079, 39.106084, 39.106089, 39.106112, 39.10613, 39.106138, 39.106155, 39.106162, 39.106167, 39.106179, 39.106237, 39.10625, 39.106255, 39.106291, 39.106402, 39.106775, 39.106781, 39.106798, 39.106803, 39.108109, 39.108471, 39.108563, 39.109143, 39.109156, 39.109197, 39.109208, 
39.109291, 39.109348, 39.109423, 39.110096, 39.110446, 39.110828, 39.111156, 39.111225, 39.111233, 39.111254, 39.111347, 39.111442, 39.111722, 39.112064, 39.112334, 39.112568, 39.112829, 39.112838, 39.113974, 39.113992, 39.114156, 39.114499, 39.114562, 39.114859, 39.115142, 39.115193, 39.115206, 39.115421, 39.115704, 39.115983, 39.116272, 39.116379, 39.116496, 39.116915, 39.116968, 39.117238, 39.117553, 39.11798, 39.117986, 39.118157, 39.118225, 39.11831, 39.118665, 39.119069, 39.119321, 39.119523, 
39.119774, 39.120255, 39.1203, 39.120488, 39.120822, 39.121304, 39.121575, 39.12193, 39.122012, 39.122097, 39.122433, 39.122532, 39.122901, 39.123037, 39.123087, 39.123106, 39.12369, 39.124049, 39.124494, 39.124835, 39.124922, 39.125776, 39.126009, 39.126113, 39.126785, 39.126992, 39.127033, 39.127089, 39.12739, 39.128141, 39.12855, 39.128814, 39.129434, 39.129663, 39.13026, 39.132432, 39.13264, 39.133233, 39.133452, 39.134454, 39.13521, 39.135243, 39.13531, 39.137849, 39.138058, 39.139275, 39.140301, 
39.140339, 39.141344, 39.141751, 39.141872, 39.142272, 39.142314, 39.142606, 39.143073, 39.14445, 39.146273, 39.146859, 39.147146, 39.147632, 39.148149, 39.149774, 39.150052, 39.150725, 39.151428, 39.151503, 39.151569, 39.151797, 39.151802, 39.151834, 39.151847, 39.151931, 39.151958, 39.151997, 39.15202, 39.152025, 39.152148, 39.152392, 39.152405, 39.152429, 39.152435, 39.152441, 39.152447, 39.152452, 39.15246, 39.152479, 39.152566, 39.152298)))"
73,1303.2152084780935,1178.680067283454,0,37.46759941089838,15.81945999018164,217.216255247657,236.5921636924598,14.534825859157174,164.31817983535674,178.1069752494937,190.85904710584583,113.43423775693007,155.54175243551384,32.611771295679176,0,19.34927871515883,58.862471377183724,24.823195964073175,46.12704003446555,285.5560693470655,43.2174226061915,224107.36717062636,"list(list(c(-84.316171, -84.316418, -84.316737, -84.317077, -84.317228, -84.317415, -84.317749, -84.318193, -84.318491, -84.318866, -84.319158, -84.319333, -84.320422, -84.322947, -84.323329, -84.323689, -84.323989, -84.32433, -84.324643, -84.324924, -84.324987, -84.325366, -84.327109, -84.327287, -84.3276, -84.327909, -84.328655, -84.32915, -84.329766, -84.329947, -84.32954, -84.330287, -84.331778, -84.332531, -84.333082, -84.333067, -84.333096, -84.333188, -84.333251, -84.333399, -84.333434, -84.333553, 
-84.333596, -84.333829, -84.333843, -84.333892, -84.334005, -84.334033, -84.334038, -84.334338, -84.334374, -84.339243, -84.342245, -84.341542, -84.341973, -84.343944, -84.340345, -84.342297, -84.33872, -84.338904, -84.338399, -84.337885, -84.337757, -84.337155, -84.33648, -84.335778, -84.335573, -84.335436, -84.335327, -84.335276, -84.335177, -84.334627, -84.333877, -84.333775, -84.333668, -84.333559, -84.333451, -84.332902, -84.332547, -84.332395, -84.331652, -84.331527, -84.330314, -84.330221, 
-84.330122, -84.330019, -84.329878, -84.329773, -84.329671, -84.329505, -84.328226, -84.328281, -84.328339, -84.328378, -84.328395, -84.3284, -84.328381, -84.328283, -84.32814, -84.328067, -84.328014, -84.327978, -84.327921, -84.327741, -84.327561, -84.327385, -84.327214, -84.327051, -84.325625, -84.325346, -84.325139, -84.324942, -84.324418, -84.324273, -84.324089, -84.323896, -84.32374, -84.322412, -84.321347, -84.321293, -84.319755, -84.31969, -84.31964, -84.319606, -84.319585, -84.319574, -84.31958, 
-84.319592, -84.319611, -84.319624, -84.319616, -84.319597, -84.319566, -84.319525, -84.319474, -84.319415, -84.319208, -84.318973, -84.318945, -84.318782, -84.318697, -84.318599, -84.318638, -84.318658, -84.318657, -84.31864, -84.318601, -84.318567, -84.31851, -84.318435, -84.318367, -84.318168, -84.317966, -84.317732, -84.317695, -84.317666, -84.317365, -84.31728, -84.317068, -84.316941, -84.316756, -84.316505, -84.316429, -84.316368, -84.316348, -84.316333, -84.31624, -84.316229, -84.316183, -84.316168, 
-84.316171, 39.117, 39.117358, 39.11776, 39.11815, 39.118305, 39.118471, 39.118755, 39.119112, 39.119316, 39.119582, 39.119762, 39.119859, 39.120417, 39.121677, 39.121844, 39.121982, 39.122081, 39.122174, 39.122244, 39.122296, 39.122311, 39.122405, 39.122786, 39.12282, 39.122891, 39.122978, 39.123227, 39.123372, 39.123553, 39.123069, 39.122946, 39.119076, 39.116143, 39.117301, 39.117137, 39.117202, 39.117285, 39.117427, 39.11757, 39.117812, 39.117927, 39.118081, 39.118162, 39.118761, 39.118986, 39.119178, 
39.119409, 39.119502, 39.119616, 39.119561, 39.119564, 39.119964, 39.116262, 39.11576, 39.115161, 39.11246, 39.107485, 39.104917, 39.103195, 39.100652, 39.100615, 39.100577, 39.100543, 39.100499, 39.100476, 39.100425, 39.100811, 39.101171, 39.101549, 39.101633, 39.101797, 39.102514, 39.102213, 39.102184, 39.102168, 39.102164, 39.102173, 39.102251, 39.102308, 39.102314, 39.102264, 39.102243, 39.101876, 39.101836, 39.101808, 39.10179, 39.101786, 39.101797, 39.101819, 39.10188, 39.102498, 39.102573, 
39.102679, 39.10279, 39.102875, 39.10299, 39.103134, 39.103585, 39.104301, 39.104793, 39.105286, 39.105761, 39.10652, 39.106515, 39.106528, 39.106556, 39.106601, 39.10666, 39.107317, 39.107437, 39.107542, 39.107658, 39.108011, 39.108092, 39.108178, 39.10825, 39.108296, 39.108526, 39.108712, 39.108721, 39.109683, 39.109746, 39.109821, 39.109901, 39.110012, 39.110153, 39.110294, 39.110378, 39.111098, 39.111181, 39.111236, 39.111289, 39.111339, 39.111384, 39.111423, 39.111454, 39.111513, 39.111563, 
39.111569, 39.111593, 39.111611, 39.111631, 39.111823, 39.112016, 39.11224, 39.112439, 39.112666, 39.112806, 39.112946, 39.113081, 39.113184, 39.113507, 39.113801, 39.114106, 39.114159, 39.114201, 39.114557, 39.114687, 39.115107, 39.115275, 39.115481, 39.115689, 39.115791, 39.115898, 39.115945, 39.115982, 39.116471, 39.116579, 39.116734, 39.11685, 39.117)))"
74,1718.432915079137,1285.1044756044253,224.81159420289853,127.14994555194292,109.77715613012697,193.44289808513554,311.00857977222347,108.98524082595503,238.37324207787233,148.46251231871125,262.8427252998523,184.47187195265477,210.40629890302037,60.43954584371208,29.650857330570837,43.25986078886311,224.61679948888664,102.3264878804574,62.55602847335925,180.23253846929825,44.08728403593642,124360.3206634416,"list(list(c(-84.343464, -84.343464, -84.343481, -84.343545, -84.344011, -84.345075, -84.345125, -84.345804, -84.346182, -84.346801, -84.346952, -84.347026, -84.347169, -84.347395, -84.347585, -84.348592, -84.348917, -84.349405, -84.350074, -84.3505, -84.35146, -84.352351, -84.352602, -84.353049, -84.353428, -84.353528, -84.354301, -84.354615, -84.354733, -84.354859, -84.356083, -84.356813, -84.356782, -84.356676, -84.356444, -84.356398, -84.356367, -84.356352, -84.356353, -84.35637, -84.356402, -84.356449, 
-84.35651, -84.356583, -84.356667, -84.357586, -84.357361, -84.357184, -84.356752, -84.356537, -84.356281, -84.355235, -84.355155, -84.355069, -84.354852, -84.35497, -84.354975, -84.354915, -84.354884, -84.354885, -84.35492, -84.354942, -84.354988, -84.355022, -84.355167, -84.355225, -84.355557, -84.355608, -84.35564, -84.355655, -84.355638, -84.355533, -84.355603, -84.355849, -84.356091, -84.356297, -84.356569, -84.356809, -84.357051, -84.357082, -84.357284, -84.357508, -84.35764, -84.357777, -84.357916, 
-84.358058, -84.35813, -84.358273, -84.35841, -84.358539, -84.358401, -84.358211, -84.357998, -84.357842, -84.3577, -84.357571, -84.357499, -84.357395, -84.357293, -84.357229, -84.357175, -84.357028, -84.356969, -84.356855, -84.35678, -84.356342, -84.356298, -84.356238, -84.356103, -84.355913, -84.355717, -84.355403, -84.355145, -84.354856, -84.354607, -84.354422, -84.353754, -84.353509, -84.353516, -84.353308, -84.353015, -84.354148, -84.354162, -84.354261, -84.35428, -84.354526, -84.354531, -84.354452, 
-84.354409, -84.354361, -84.354291, -84.354276, -84.354324, -84.354419, -84.354372, -84.35344, -84.352956, -84.352254, -84.35205, -84.352002, -84.351986, -84.351961, -84.351915, -84.351897, -84.351849, -84.35182, -84.351778, -84.351726, -84.351507, -84.351228, -84.35119, -84.351118, -84.351075, -84.351063, -84.351067, -84.35108, -84.351128, -84.351239, -84.351308, -84.351431, -84.350908, -84.349163, -84.34738, -84.346673, -84.346445, -84.346097, -84.345874, -84.34582, -84.345642, -84.345617, -84.345611, 
-84.345631, -84.345792, -84.345816, -84.345858, -84.345928, -84.346051, -84.34613, -84.346218, -84.346346, -84.346499, -84.346551, -84.346587, -84.346612, -84.346613, -84.346597, -84.346517, -84.346436, -84.346424, -84.346351, -84.346256, -84.34624, -84.346256, -84.346284, -84.346307, -84.346325, -84.346344, -84.346492, -84.346538, -84.346598, -84.346655, -84.346705, -84.346683, -84.346617, -84.346473, -84.345949, -84.344811, -84.343766, -84.343673, -84.343592, -84.343524, -84.343453, -84.343464, 
39.095849, 39.096304, 39.096792, 39.097146, 39.099765, 39.099343, 39.09933, 39.099063, 39.0989, 39.09866, 39.098595, 39.098572, 39.098536, 39.0985, 39.098492, 39.098448, 39.098413, 39.098358, 39.098368, 39.09836, 39.098244, 39.098136, 39.098092, 39.097983, 39.097881, 39.097854, 39.097729, 39.09767, 39.097651, 39.097631, 39.097381, 39.097149, 39.097104, 39.096907, 39.096614, 39.096539, 39.096459, 39.096376, 39.096293, 39.09621, 39.096131, 39.096056, 39.095987, 39.095926, 39.095875, 39.09544, 39.095148, 
39.094949, 39.094632, 39.09475, 39.094873, 39.09536, 39.095385, 39.095398, 39.095391, 39.094685, 39.094547, 39.093874, 39.093491, 39.093366, 39.092987, 39.092869, 39.092724, 39.092652, 39.09238, 39.09229, 39.091914, 39.091835, 39.091749, 39.091629, 39.091529, 39.091176, 39.091168, 39.091149, 39.091149, 39.091161, 39.0912, 39.091255, 39.091321, 39.091331, 39.091394, 39.091478, 39.09152, 39.091551, 39.09157, 39.091579, 39.091576, 39.091554, 39.091516, 39.091464, 39.091391, 39.091319, 39.091252, 39.091193, 
39.091129, 39.091055, 39.091, 39.090905, 39.090769, 39.090658, 39.090543, 39.090132, 39.089996, 39.08966, 39.089502, 39.088185, 39.088085, 39.087983, 39.087857, 39.087769, 39.087734, 39.087704, 39.087656, 39.087553, 39.0874, 39.0872, 39.086062, 39.085467, 39.085447, 39.08495, 39.084675, 39.084769, 39.084644, 39.083358, 39.083225, 39.082451, 39.082377, 39.081811, 39.081513, 39.081177, 39.080646, 39.080313, 39.077724, 39.072929, 39.072849, 39.072845, 39.072844, 39.072833, 39.072831, 39.07521, 39.076799, 
39.077162, 39.077552, 39.077656, 39.07794, 39.078078, 39.0783, 39.078493, 39.079129, 39.079943, 39.080051, 39.080302, 39.080526, 39.080718, 39.081103, 39.081258, 39.081839, 39.082817, 39.083471, 39.08454, 39.084495, 39.084377, 39.084235, 39.084189, 39.08416, 39.084103, 39.084039, 39.08402, 39.083927, 39.084995, 39.085252, 39.085501, 39.086801, 39.086957, 39.087153, 39.087261, 39.087415, 39.087491, 39.08757, 39.087674, 39.087811, 39.087882, 39.087959, 39.088092, 39.088227, 39.088409, 39.089037, 39.089666, 
39.089943, 39.090511, 39.091216, 39.091522, 39.091548, 39.091586, 39.091614, 39.091634, 39.091652, 39.091775, 39.091811, 39.091851, 39.091886, 39.091912, 39.091934, 39.091997, 39.092131, 39.092577, 39.093543, 39.094352, 39.094442, 39.094539, 39.094641, 39.094664, 39.095849)))"
75,1175.1721156346953,1112.6194638450165,8.016239850093692,12.97569153394803,56.85360365195056,100.64834478450969,214.80237960607144,122.88603963325393,123.48735467437557,149.4711337159076,230.8059803366321,145.5559396499249,54.99226073643908,32.522682497580995,14.25109306683323,9.94475138121547,107.38225948720827,103.52260486286298,79.20274936473763,86.96739042747873,42.55350686912509,130631.63412870571,"list(list(c(-84.311735, -84.311756, -84.311801, -84.311907, -84.313104, -84.31429, -84.314527, -84.314631, -84.314806, -84.315233, -84.316117, -84.316781, -84.318142, -84.3182, -84.318746, -84.319295, -84.320345, -84.321812, -84.322419, -84.322178, -84.32211, -84.322023, -84.32243, -84.322968, -84.324209, -84.324288, -84.324281, -84.324261, -84.324229, -84.324141, -84.323993, -84.323955, -84.323924, -84.323916, -84.324089, -84.325524, -84.325738, -84.326756, -84.326934, -84.325918, -84.325977, -84.326007, 
-84.326034, -84.326088, -84.326139, -84.32625, -84.326526, -84.326646, -84.32671, -84.326777, -84.326834, -84.326894, -84.326911, -84.326929, -84.326974, -84.326462, -84.325952, -84.325592, -84.325484, -84.32538, -84.325281, -84.325189, -84.325109, -84.325039, -84.324983, -84.324942, -84.324918, -84.324909, -84.324904, -84.324546, -84.32419, -84.323978, -84.32363, -84.323423, -84.322553, -84.322149, -84.321903, -84.321654, -84.321368, -84.321117, -84.31953, -84.318502, -84.318465, -84.318359, -84.318355, 
-84.318374, -84.318411, -84.318466, -84.31854, -84.318577, -84.318778, -84.317833, -84.316891, -84.315947, -84.315221, -84.315035, -84.314863, -84.31467, -84.314554, -84.314315, -84.312032, -84.311992, -84.31177, -84.311734, -84.311735, 39.084223, 39.084361, 39.084521, 39.084827, 39.084583, 39.08434, 39.084289, 39.084273, 39.084261, 39.084271, 39.084306, 39.084328, 39.08438, 39.083364, 39.083385, 39.083401, 39.083441, 39.083499, 39.083534, 39.086175, 39.086923, 39.087986, 39.088014, 39.088034, 39.088119, 
39.08727, 39.087159, 39.087078, 39.086999, 39.086852, 39.086613, 39.086534, 39.086423, 39.086338, 39.084463, 39.084545, 39.082558, 39.082626, 39.081025, 39.080955, 39.080418, 39.080193, 39.080061, 39.079904, 39.079801, 39.079626, 39.079233, 39.079034, 39.078912, 39.078766, 39.078607, 39.07836, 39.078265, 39.078077, 39.076264, 39.076251, 39.076243, 39.076237, 39.076247, 39.076268, 39.076302, 39.076348, 39.076404, 39.076469, 39.076541, 39.076619, 39.076701, 39.076785, 39.078153, 39.078161, 39.078189, 
39.078215, 39.078273, 39.078316, 39.078522, 39.078614, 39.078654, 39.07868, 39.078692, 39.078687, 39.078585, 39.078518, 39.078815, 39.0798, 39.079995, 39.080218, 39.080411, 39.080601, 39.080788, 39.080867, 39.081246, 39.081551, 39.08185, 39.082154, 39.082384, 39.08243, 39.082454, 39.082465, 39.082462, 39.082448, 39.082282, 39.082655, 39.083876, 39.08411, 39.084223)))"
76,798.4604545224599,771.4258450027341,0,7.302101576182137,0,102.03793388370026,181.3984262268228,28.82454825988818,73.44659216558223,131.9949074598246,109.152355841847,116.17699347412899,40.75874271590901,14.669954494756901,12.013134851138354,21.91822425966655,45.585744500947925,47.74996687680823,49.40478828860297,83.6602138674157,40.633478735005454,149088.06434023991,"list(list(c(-84.318359, -84.31838, -84.318413, -84.318463, -84.318582, -84.318599, -84.318697, -84.318782, -84.318945, -84.318973, -84.319208, -84.319415, -84.319474, -84.319525, -84.319566, -84.319597, -84.319616, -84.319624, -84.319611, -84.319592, -84.31958, -84.319574, -84.319585, -84.319606, -84.31964, -84.31969, -84.319755, -84.321293, -84.321347, -84.322412, -84.32374, -84.323896, -84.324089, -84.324273, -84.324418, -84.324942, -84.325139, -84.325346, -84.325625, -84.327051, -84.327214, -84.327385, 
-84.327561, -84.327741, -84.327921, -84.327978, -84.328014, -84.328067, -84.32814, -84.328283, -84.328381, -84.3284, -84.328395, -84.328378, -84.328339, -84.328281, -84.328226, -84.329505, -84.329671, -84.329773, -84.329878, -84.330019, -84.330122, -84.330221, -84.330314, -84.331527, -84.331652, -84.332395, -84.332547, -84.332902, -84.333451, -84.333559, -84.333668, -84.333775, -84.333877, -84.334627, -84.335177, -84.335276, -84.335327, -84.335436, -84.335573, -84.335778, -84.33648, -84.337155, -84.337757, 
-84.337885, -84.338399, -84.338904, -84.338978, -84.336688, -84.337959, -84.338032, -84.337464, -84.336404, -84.334565, -84.333748, -84.333694, -84.333627, -84.333365, -84.333319, -84.333105, -84.333081, -84.333059, -84.326264, -84.326389, -84.326459, -84.326473, -84.326515, -84.326536, -84.326544, -84.326531, -84.326462, -84.326264, -84.326148, -84.326107, -84.326093, -84.326093, -84.326115, -84.326163, -84.32617, -84.326157, -84.326123, -84.326082, -84.326041, -84.326027, -84.325966, -84.325891, 
-84.325837, -84.325775, -84.325714, -84.325645, -84.32557, -84.325502, -84.325413, -84.325399, -84.325345, -84.325304, -84.325256, -84.325072, -84.324977, -84.324922, -84.324767, -84.324563, -84.324471, -84.324457, -84.324415, -84.324182, -84.324149, -84.324119, -84.324049, -84.323985, -84.32383, -84.323689, -84.323549, -84.32333, -84.323281, -84.323013, -84.322907, -84.322745, -84.322604, -84.32247, -84.322358, -84.322224, -84.322133, -84.322062, -84.321935, -84.32183, -84.321766, -84.321625, -84.321477, 
-84.321357, -84.321294, -84.32116, -84.321069, -84.320963, -84.320878, -84.320603, -84.320505, -84.320371, -84.3203, -84.320223, -84.320188, -84.320138, -84.320061, -84.319963, -84.319878, -84.319772, -84.319666, -84.319512, -84.31935, -84.319188, -84.319162, -84.319075, -84.319072, -84.319018, -84.318967, -84.318881, -84.318867, -84.318779, -84.318712, -84.318495, -84.318406, -84.318391, -84.318393, -84.318413, -84.318528, -84.318575, -84.318591, -84.31859, -84.318562, -84.318517, -84.318389, -84.318355, 
-84.31834, -84.318359, 39.111054, 39.111207, 39.111317, 39.111422, 39.111605, 39.111631, 39.111611, 39.111593, 39.111569, 39.111563, 39.111513, 39.111454, 39.111423, 39.111384, 39.111339, 39.111289, 39.111236, 39.111181, 39.111098, 39.110378, 39.110294, 39.110153, 39.110012, 39.109901, 39.109821, 39.109746, 39.109683, 39.108721, 39.108712, 39.108526, 39.108296, 39.10825, 39.108178, 39.108092, 39.108011, 39.107658, 39.107542, 39.107437, 39.107317, 39.10666, 39.106601, 39.106556, 39.106528, 39.106515, 
39.10652, 39.105761, 39.105286, 39.104793, 39.104301, 39.103585, 39.103134, 39.10299, 39.102875, 39.10279, 39.102679, 39.102573, 39.102498, 39.10188, 39.101819, 39.101797, 39.101786, 39.10179, 39.101808, 39.101836, 39.101876, 39.102243, 39.102264, 39.102314, 39.102308, 39.102251, 39.102173, 39.102164, 39.102168, 39.102184, 39.102213, 39.102514, 39.101797, 39.101633, 39.101549, 39.101171, 39.100811, 39.100425, 39.100476, 39.100499, 39.100543, 39.100577, 39.100615, 39.100652, 39.099885, 39.098524, 
39.096836, 39.095377, 39.095467, 39.095686, 39.095784, 39.095614, 39.095694, 39.095765, 39.095927, 39.095947, 39.096168, 39.097892, 39.098082, 39.097702, 39.097806, 39.097936, 39.098024, 39.098194, 39.098327, 39.098415, 39.098488, 39.098624, 39.098852, 39.098947, 39.099, 39.099046, 39.099106, 39.099171, 39.099275, 39.099357, 39.099419, 39.099465, 39.099495, 39.099536, 39.099588, 39.099691, 39.099857, 39.099943, 39.099997, 39.100039, 39.100061, 39.100071, 39.100108, 39.100175, 39.100209, 39.100246, 
39.100281, 39.100334, 39.100563, 39.100674, 39.100722, 39.100842, 39.10111, 39.101258, 39.101347, 39.101467, 39.101939, 39.102017, 39.102092, 39.102219, 39.102318, 39.102477, 39.102653, 39.102758, 39.102938, 39.103004, 39.103317, 39.103421, 39.10357, 39.103657, 39.103723, 39.103745, 39.103756, 39.103734, 39.103729, 39.10374, 39.103817, 39.103849, 39.103904, 39.103949, 39.10397, 39.104003, 39.10414, 39.10419, 39.104234, 39.104261, 39.104333, 39.104343, 39.104393, 39.104448, 39.104547, 39.104618, 39.104695, 
39.104783, 39.104881, 39.104942, 39.104997, 39.105018, 39.10503, 39.105013, 39.104982, 39.10521, 39.105646, 39.105656, 39.105873, 39.106079, 39.106329, 39.106363, 39.106578, 39.106752, 39.107312, 39.107602, 39.107795, 39.107989, 39.108182, 39.108834, 39.109222, 39.109611, 39.109806, 39.109975, 39.110141, 39.110463, 39.1106, 39.110739, 39.111054)))"
77,1567.284995808885,1466.0008382229673,0,20.972338642078793,80.31181894383906,19,425.24224643755235,112.50880134115675,279.61860854987424,230.5590947191953,160.0637049455155,219.60938809723388,40.81642917015926,79.86672254819783,0,43,247.72422464375524,57.54568315171836,175.73344509639566,43.29337803855826,40.42568922305765,111640.21741854637,"list(list(c(-84.312032, -84.314315, -84.314554, -84.31467, -84.314863, -84.315035, -84.315221, -84.315947, -84.316891, -84.317833, -84.318778, -84.318577, -84.31854, -84.318466, -84.318411, -84.318374, -84.318355, -84.318359, -84.318465, -84.318502, -84.31953, -84.321117, -84.321368, -84.321654, -84.321903, -84.322149, -84.322553, -84.322473, -84.322431, -84.3224, -84.322384, -84.322379, -84.322441, -84.322442, -84.322457, -84.322507, -84.322522, -84.321474, -84.321295, -84.32045, -84.315119, -84.313578, 
-84.313208, -84.313207, -84.313181, -84.312819, -84.312752, -84.312717, -84.312687, -84.312658, -84.312631, -84.312597, -84.312566, -84.312536, -84.312499, -84.312491, -84.312463, -84.312447, -84.312401, -84.31236, -84.31236, -84.312337, -84.312301, -84.312289, -84.312277, -84.312241, -84.31218, -84.312171, -84.31212, -84.312059, -84.312041, -84.312029, -84.311999, -84.311968, -84.311938, -84.311907, -84.311877, -84.311846, -84.311816, -84.311785, -84.311772, -84.311756, -84.311725, -84.311691, -84.311679, 
-84.312032, 39.082282, 39.082448, 39.082462, 39.082465, 39.082454, 39.08243, 39.082384, 39.082154, 39.08185, 39.081551, 39.081246, 39.080867, 39.080788, 39.080601, 39.080411, 39.080218, 39.079995, 39.0798, 39.078815, 39.078518, 39.078585, 39.078687, 39.078692, 39.07868, 39.078654, 39.078614, 39.078522, 39.078269, 39.078077, 39.077821, 39.077507, 39.07708, 39.075679, 39.075572, 39.07482, 39.073603, 39.072417, 39.072345, 39.072334, 39.072282, 39.071941, 39.071843, 39.071821, 39.071829, 39.071973, 39.074424, 
39.074877, 39.07512, 39.075322, 39.075528, 39.075708, 39.075937, 39.076143, 39.076345, 39.076597, 39.076655, 39.076844, 39.076951, 39.077261, 39.077535, 39.077584, 39.077742, 39.077984, 39.078074, 39.07815, 39.078397, 39.078801, 39.078863, 39.079214, 39.079623, 39.07974, 39.079825, 39.080031, 39.080238, 39.08044, 39.080646, 39.080848, 39.081059, 39.081261, 39.081463, 39.081559, 39.08167, 39.081876, 39.082105, 39.082186, 39.082282)))"
78,1131.6626429479034,1000.6969504447268,45.83799237611182,0,0,126.79860228716646,239.90533672172808,60.125158831003816,104.17725540025413,214.30749682337992,106.5584498094028,166.08831003811943,80.36531130876747,33.33672172808132,8.33418043202033,75.00762388818298,71.43583227445998,102.39135959339264,23.216645489199493,96.43837357052097,41.1,127266,"list(list(c(-84.324612, -84.326735, -84.327098, -84.327575, -84.328207, -84.330443, -84.331001, -84.331111, -84.331231, -84.331721, -84.331985, -84.332124, -84.332289, -84.332561, -84.332951, -84.33324, -84.333339, -84.333699, -84.33426, -84.334541, -84.33489, -84.335284, -84.335701, -84.336869, -84.336971, -84.337167, -84.337411, -84.337605, -84.337869, -84.339105, -84.339542, -84.339725, -84.340375, -84.340433, -84.340666, -84.340727, -84.340882, -84.340983, -84.3416, -84.341789, -84.341932, -84.342011, 
-84.342026, -84.340755, -84.340543, -84.34039, -84.339494, -84.337066, -84.336931, -84.336795, -84.336721, -84.336442, -84.336217, -84.33608, -84.335938, -84.335831, -84.335723, -84.335001, -84.335029, -84.33507, -84.335119, -84.335199, -84.335279, -84.335371, -84.335086, -84.334996, -84.334924, -84.334329, -84.333031, -84.33173, -84.331364, -84.331189, -84.330889, -84.330703, -84.330442, -84.328838, -84.327195, -84.326327, -84.326261, -84.3262, -84.326148, -84.326107, -84.326077, -84.326062, -84.32606, 
-84.32619, -84.325035, -84.324956, -84.324938, -84.324881, -84.324845, -84.32456, -84.324612, 39.063063, 39.06327, 39.063317, 39.063368, 39.063433, 39.063677, 39.063742, 39.063749, 39.063758, 39.06381, 39.063857, 39.063899, 39.063964, 39.064106, 39.064339, 39.064524, 39.064582, 39.064818, 39.065171, 39.065341, 39.065532, 39.065751, 39.065963, 39.066542, 39.066588, 39.066667, 39.066743, 39.066787, 39.066825, 39.066937, 39.06698, 39.066794, 39.066116, 39.066057, 39.06584, 39.065791, 39.065689, 39.06564, 
39.065427, 39.065369, 39.065335, 39.062713, 39.062495, 39.06247, 39.062469, 39.062455, 39.062338, 39.062014, 39.062007, 39.062011, 39.062019, 39.062062, 39.062145, 39.062179, 39.062197, 39.0622, 39.062193, 39.062116, 39.061951, 39.06181, 39.061701, 39.061569, 39.061471, 39.061379, 39.061191, 39.061155, 39.061139, 39.061075, 39.060936, 39.060797, 39.060756, 39.060721, 39.060648, 39.06062, 39.060591, 39.06041, 39.060226, 39.060129, 39.06011, 39.060082, 39.060044, 39.06, 39.05995, 39.059896, 39.059841, 
39.058516, 39.058387, 39.059162, 39.059273, 39.059936, 39.060449, 39.063092, 39.063063)))"
79,1576.167363256561,1265.9740904043915,86.51871749314336,110.4270667604561,84.67526271887823,167.81214628261307,114.1446466395992,112.17445978828643,222.71754945863847,126.77344174334141,160.50633279339385,246.5113049751591,176.3069885444293,249.22049303110012,134.27513819993214,150.4998132715659,229.98460058013086,160.4643452272868,60.00820548162498,81.84574367845482,53.47547055251974,81965.02853673346,"list(list(c(-84.335471, -84.33549, -84.335629, -84.335682, -84.335728, -84.336422, -84.337029, -84.337839, -84.338848, -84.339285, -84.341709, -84.343872, -84.345381, -84.345395, -84.345433, -84.345435, -84.345429, -84.343851, -84.342338, -84.34227, -84.342238, -84.342216, -84.342184, -84.34217, -84.342147, -84.34212, -84.342075, -84.342084, -84.342106, -84.342119, -84.342152, -84.342192, -84.342471, -84.343105, -84.343196, -84.343304, -84.343396, -84.343485, -84.343566, -84.343634, -84.343664, -84.343697, 
-84.343851, -84.345204, -84.34518, -84.345001, -84.345125, -84.345193, -84.345335, -84.345402, -84.345547, -84.345698, -84.345679, -84.345675, -84.345654, -84.345619, -84.345616, -84.345598, -84.345564, -84.345573, -84.34559, -84.345642, -84.34582, -84.345874, -84.346097, -84.346445, -84.346673, -84.34738, -84.349163, -84.350908, -84.351431, -84.351308, -84.351239, -84.351128, -84.35108, -84.351067, -84.351063, -84.351075, -84.351118, -84.35119, -84.351228, -84.351507, -84.351726, -84.351778, -84.35182, 
-84.351849, -84.351897, -84.351915, -84.351961, -84.351986, -84.352002, -84.35205, -84.352189, -84.352234, -84.352301, -84.352427, -84.352571, -84.352617, -84.352681, -84.352731, -84.352755, -84.352764, -84.352753, -84.352729, -84.352671, -84.352523, -84.352349, -84.352097, -84.352068, -84.351978, -84.351946, -84.351933, -84.351936, -84.351953, -84.351992, -84.351726, -84.351356, -84.350858, -84.350645, -84.350405, -84.35021, -84.349953, -84.349682, -84.349545, -84.349354, -84.349224, -84.349085, 
-84.348958, -84.348896, -84.348858, -84.34842, -84.347714, -84.347523, -84.347382, -84.347307, -84.347273, -84.346537, -84.346457, -84.346176, -84.345281, -84.344244, -84.34394, -84.3439, -84.343518, -84.343236, -84.342766, -84.342215, -84.341932, -84.341789, -84.3416, -84.340983, -84.340882, -84.340727, -84.340666, -84.340433, -84.340375, -84.339725, -84.339542, -84.339359, -84.339201, -84.339125, -84.339076, -84.339035, -84.338975, -84.338899, -84.33884, -84.338744, -84.338674, -84.3379, -84.337583, 
-84.337389, -84.337204, -84.336924, -84.336864, -84.336818, -84.336747, -84.336678, -84.336574, -84.336505, -84.336216, -84.336078, -84.335991, -84.335588, -84.335504, -84.335471, -84.335451, -84.335444, -84.335471, 39.071197, 39.071268, 39.07193, 39.072305, 39.072686, 39.072671, 39.072669, 39.072676, 39.072685, 39.072688, 39.072711, 39.072739, 39.072752, 39.07363, 39.073889, 39.073944, 39.074072, 39.073934, 39.07381, 39.073817, 39.073826, 39.073839, 39.073874, 39.073916, 39.07462, 39.075444, 39.076802, 
39.076851, 39.07689, 39.076905, 39.076928, 39.076942, 39.076972, 39.077027, 39.077026, 39.077007, 39.076977, 39.076933, 39.076876, 39.076809, 39.076758, 39.076666, 39.075588, 39.075708, 39.075838, 39.077116, 39.077449, 39.077632, 39.077956, 39.078358, 39.079232, 39.079623, 39.080119, 39.080369, 39.080745, 39.081993, 39.082129, 39.082394, 39.083291, 39.083568, 39.083761, 39.083927, 39.08402, 39.084039, 39.084103, 39.08416, 39.084189, 39.084235, 39.084377, 39.084495, 39.08454, 39.083471, 39.082817, 
39.081839, 39.081258, 39.081103, 39.080718, 39.080526, 39.080302, 39.080051, 39.079943, 39.079129, 39.078493, 39.0783, 39.078078, 39.07794, 39.077656, 39.077552, 39.077162, 39.076799, 39.07521, 39.072831, 39.070514, 39.070131, 39.069823, 39.069391, 39.068917, 39.068748, 39.06847, 39.06817, 39.067929, 39.067657, 39.067382, 39.067156, 39.066785, 39.066143, 39.065392, 39.064346, 39.064224, 39.063752, 39.063531, 39.063309, 39.063088, 39.062867, 39.062592, 39.062614, 39.062661, 39.062734, 39.06278, 39.06285, 
39.062921, 39.063037, 39.063188, 39.063283, 39.063441, 39.06356, 39.063724, 39.063888, 39.063989, 39.064067, 39.064735, 39.065139, 39.065281, 39.065455, 39.065653, 39.065877, 39.065802, 39.065806, 39.065788, 39.065704, 39.065322, 39.065217, 39.065209, 39.065221, 39.065238, 39.06526, 39.065305, 39.065335, 39.065369, 39.065427, 39.06564, 39.065689, 39.065791, 39.06584, 39.066057, 39.066116, 39.066794, 39.06698, 39.067214, 39.067448, 39.067662, 39.067826, 39.067905, 39.067976, 39.068037, 39.068072, 
39.068111, 39.068129, 39.068233, 39.0683, 39.068382, 39.068475, 39.068649, 39.068698, 39.068756, 39.068899, 39.069084, 39.069448, 39.069604, 39.070063, 39.070269, 39.070373, 39.070744, 39.070837, 39.070892, 39.07095, 39.07103, 39.071197)))"
80,1177.2759844341554,1056.3032834252854,64.51353693262048,32.68633303810078,17.867939837500604,127.9129497722821,173.57244524128026,111.75964245572678,158.62906317431649,141.77383672908718,128.089405817015,120.67345278653931,204.35217497470387,10.513013483204261,39.4793266566527,57.23065126963305,122.19709426376549,57.74794718751062,49.83376317049356,165.90527628047184,41.974007220216606,182037.2409638554,"list(list(c(-84.322539, -84.322716, -84.32288, -84.323199, -84.324039, -84.324339, -84.326306, -84.329242, -84.332043, -84.331944, -84.332644, -84.333145, -84.333545, -84.333745, -84.334546, -84.334809, -84.334866, -84.336206, -84.336745, -84.337029, -84.340644, -84.340944, -84.341744, -84.342044, -84.341544, -84.343243, -84.343643, -84.344643, -84.344643, -84.345542, -84.350642, -84.351742, -84.352342, -84.352642, -84.351841, -84.351141, -84.351307, -84.355014, -84.355172, -84.358869, -84.359773, 
-84.360056, -84.360044, -84.360095, -84.360588, -84.360729, -84.361617, -84.362212, -84.3614, -84.360317, -84.360014, -84.35974, -84.36012, -84.360338, -84.360564, -84.36075, -84.361492, -84.362068, -84.362135, -84.362999, -84.363044, -84.365103, -84.366076, -84.366203, -84.366461, -84.366791, -84.367062, -84.367146, -84.367371, -84.367426, -84.367538, -84.367538, -84.367551, -84.368851, -84.374253, -84.37522, -84.376347, -84.3775, -84.383483, -84.383936, -84.385051, -84.38544, -84.385429, -84.385797, 
-84.385761, -84.385345, -84.379387, -84.378343, -84.377688, -84.376896, -84.376321, -84.375853, -84.375479, -84.375034, -84.374896, -84.374759, -84.374556, -84.374432, -84.374354, -84.37429, -84.374184, -84.374093, -84.374015, -84.373916, -84.373853, -84.372915, -84.371943, -84.371274, -84.370611, -84.370371, -84.370202, -84.369822, -84.369554, -84.369159, -84.368962, -84.368821, -84.368546, -84.368257, -84.367961, -84.367728, -84.367452, -84.367369, -84.367171, -84.366861, -84.3667, -84.366544, 
-84.366022, -84.365557, -84.365381, -84.364894, -84.364725, -84.364542, -84.364218, -84.364112, -84.363971, -84.363809, -84.363682, -84.363658, -84.363506, -84.363266, -84.363168, -84.36302, -84.362688, -84.362434, -84.362279, -84.362064, -84.361849, -84.361666, -84.361539, -84.361172, -84.361052, -84.360925, -84.360707, -84.360552, -84.360333, -84.360065, -84.359508, -84.359332, -84.359162, -84.358697, -84.358288, -84.357633, -84.357287, -84.357188, -84.356906, -84.356378, -84.356131, -84.356018, 
-84.355841, -84.355644, -84.355362, -84.355164, -84.354854, -84.354586, -84.354438, -84.354128, -84.353585, -84.353219, -84.352986, -84.352682, -84.352485, -84.352239, -84.351915, -84.351287, -84.350758, -84.350625, -84.349109, -84.347883, -84.347382, -84.346776, -84.34636, -84.346106, -84.345373, -84.345133, -84.344985, -84.344767, -84.344591, -84.344181, -84.3439, -84.343624, -84.343498, -84.343308, -84.342596, -84.341778, -84.341616, -84.341454, -84.34132, -84.3412, -84.34101, -84.340971, -84.340791, 
-84.34072, -84.340559, -84.340481, -84.340347, -84.340248, -84.340114, -84.339959, -84.339769, -84.339718, -84.339565, -84.339332, -84.33914, -84.339085, -84.338902, -84.338669, -84.338148, -84.337929, -84.337739, -84.337542, -84.337437, -84.337289, -84.337162, -84.337035, -84.336985, -84.336929, -84.336866, -84.336831, -84.336838, -84.336852, -84.336866, -84.336937, -84.337, -84.337021, -84.337022, -84.337001, -84.336951, -84.336923, -84.336804, -84.336744, -84.336543, -84.336494, -84.336438, -84.336403, 
-84.336381, -84.336346, -84.336276, -84.336184, -84.336121, -84.336043, -84.335888, -84.335853, -84.335733, -84.335677, -84.335212, -84.33512, -84.335113, -84.335057, -84.334852, -84.334691, -84.33448, -84.334317, -84.334232, -84.334105, -84.333774, -84.333063, -84.332745, -84.332308, -84.332139, -84.331786, -84.331497, -84.331385, -84.331195, -84.330447, -84.330017, -84.329862, -84.329634, -84.329354, -84.329143, -84.328939, -84.328777, -84.328304, -84.328043, -84.327444, -84.327007, -84.326809, 
-84.32645, -84.325893, -84.324624, -84.32406, -84.323827, -84.323426, -84.323221, -84.323031, -84.322692, -84.322115, -84.322043, -84.322039, -84.322039, -84.322032, -84.32195, -84.321538, -84.322539, 39.151661, 39.151757, 39.15187, 39.152072, 39.152661, 39.152361, 39.151871, 39.15116, 39.150659, 39.150059, 39.149759, 39.150359, 39.150159, 39.149458, 39.149358, 39.148927, 39.148835, 39.146641, 39.145758, 39.145707, 39.145059, 39.144359, 39.144759, 39.144059, 39.143759, 39.140859, 39.139959, 39.139959, 
39.140559, 39.14166, 39.14166, 39.14076, 39.14106, 39.14276, 39.14346, 39.146161, 39.146181, 39.146479, 39.146495, 39.146664, 39.146819, 39.146868, 39.146731, 39.146503, 39.146527, 39.146492, 39.146278, 39.146285, 39.145538, 39.144545, 39.144418, 39.144406, 39.143849, 39.14348, 39.143064, 39.142766, 39.142866, 39.142942, 39.14265, 39.142926, 39.142942, 39.143703, 39.144063, 39.144116, 39.144216, 39.144326, 39.144402, 39.144422, 39.144476, 39.144486, 39.142091, 39.141845, 39.141564, 39.141294, 39.140174, 
39.140436, 39.140754, 39.141043, 39.139956, 39.140177, 39.139973, 39.139261, 39.139041, 39.138924, 39.138751, 39.138799, 39.139563, 39.139641, 39.13971, 39.139812, 39.139781, 39.139649, 39.139517, 39.139207, 39.139088, 39.138968, 39.138791, 39.138742, 39.138752, 39.138747, 39.138708, 39.138719, 39.138757, 39.138878, 39.138917, 39.139209, 39.139528, 39.13973, 39.13989, 39.139967, 39.140027, 39.140121, 39.140176, 39.140237, 39.140286, 39.140286, 39.14033, 39.140396, 39.140451, 39.140468, 39.140498, 
39.140507, 39.140523, 39.140495, 39.140484, 39.140474, 39.140424, 39.140386, 39.140419, 39.140611, 39.140666, 39.140711, 39.140749, 39.140777, 39.140837, 39.140893, 39.140953, 39.140959, 39.140997, 39.141002, 39.140996, 39.140969, 39.140882, 39.140805, 39.140728, 39.140629, 39.140558, 39.140515, 39.140464, 39.140295, 39.140229, 39.140185, 39.140164, 39.140103, 39.140032, 39.140004, 39.139971, 39.139922, 39.139868, 39.139643, 39.139456, 39.139149, 39.139, 39.138908, 39.138688, 39.138221, 39.138047, 
39.137991, 39.137843, 39.137745, 39.137652, 39.137541, 39.137327, 39.137218, 39.137124, 39.136966, 39.136801, 39.136669, 39.136603, 39.136549, 39.136521, 39.136472, 39.13639, 39.136214, 39.136187, 39.136236, 39.136215, 39.136287, 39.136308, 39.136364, 39.136358, 39.136325, 39.136194, 39.136162, 39.136134, 39.136134, 39.136123, 39.136107, 39.136079, 39.136063, 39.136063, 39.136102, 39.136135, 39.136179, 39.136169, 39.136141, 39.136108, 39.136042, 39.135922, 39.1359, 39.135795, 39.135746, 39.135686, 
39.135619, 39.135521, 39.135488, 39.135465, 39.135411, 39.135373, 39.13537, 39.135362, 39.135378, 39.135412, 39.135422, 39.135505, 39.135603, 39.135906, 39.136065, 39.13624, 39.136449, 39.136597, 39.136844, 39.137119, 39.137536, 39.137684, 39.137822, 39.138112, 39.13836, 39.138606, 39.138854, 39.138997, 39.139178, 39.139381, 39.139556, 39.139809, 39.14005, 39.140281, 39.140462, 39.141105, 39.141306, 39.141994, 39.142181, 39.142279, 39.142378, 39.142499, 39.142565, 39.142769, 39.1429, 39.143031, 39.143175, 
39.14352, 39.143696, 39.143855, 39.144014, 39.14492, 39.145079, 39.145162, 39.145283, 39.14553, 39.145689, 39.145854, 39.146008, 39.146073, 39.146144, 39.146194, 39.14632, 39.146353, 39.146447, 39.146475, 39.146475, 39.146486, 39.146486, 39.146508, 39.146486, 39.146459, 39.146442, 39.146457, 39.146442, 39.146409, 39.146365, 39.146349, 39.146288, 39.146272, 39.146147, 39.146047, 39.146015, 39.145992, 39.145971, 39.145949, 39.145949, 39.145965, 39.146015, 39.146015, 39.146031, 39.146103, 39.146251, 
39.146263, 39.146895, 39.146959, 39.147023, 39.147911, 39.152263, 39.151661)), list(c(-84.386122, -84.386151, -84.386667, -84.387076, -84.394409, -84.395966, -84.396919, -84.397675, -84.397827, -84.397974, -84.398947, -84.39967, -84.400647, -84.400933, -84.399539, -84.399178, -84.398982, -84.398891, -84.39802, -84.397179, -84.39646, -84.396358, -84.396183, -84.395849, -84.394763, -84.394797, -84.394466, -84.393999, -84.393751, -84.393487, -84.39355, -84.393578, -84.393627, -84.393655, -84.393698, 
-84.393698, -84.393684, -84.39362, -84.393585, -84.393513, -84.393429, -84.393331, -84.393204, -84.392964, -84.392873, -84.392858, -84.392717, -84.392576, -84.39247, -84.3924, -84.392322, -84.392216, -84.391991, -84.391857, -84.39173, -84.391617, -84.3915, -84.391799, -84.392065, -84.392094, -84.392128, -84.392178, -84.392268, -84.392389, -84.392494, -84.392406, -84.392251, -84.392075, -84.391581, -84.391236, -84.391032, -84.390862, -84.3907, -84.390312, -84.390256, -84.3902, -84.390023, -84.389748, 
-84.389671, -84.389599, -84.389523, -84.38943, -84.389361, -84.389322, -84.38916, -84.386984, -84.386435, -84.385917, -84.386122, 39.138709, 39.138811, 39.138646, 39.13858, 39.1374, 39.137214, 39.137169, 39.13726, 39.137124, 39.137004, 39.136087, 39.136069, 39.13484, 39.134494, 39.134355, 39.134925, 39.135281, 39.135752, 39.135875, 39.136006, 39.136104, 39.136124, 39.135987, 39.135667, 39.135147, 39.13385, 39.13383, 39.133872, 39.133895, 39.133931, 39.134039, 39.134159, 39.134286, 39.134385, 39.134511, 
39.134643, 39.134786, 39.135115, 39.13522, 39.135374, 39.135483, 39.135587, 39.135664, 39.135757, 39.135785, 39.13579, 39.135807, 39.135817, 39.135817, 39.135844, 39.135889, 39.135938, 39.135993, 39.135998, 39.135987, 39.135965, 39.135933, 39.136237, 39.136468, 39.136493, 39.136521, 39.136564, 39.136641, 39.136769, 39.136867, 39.136899, 39.136937, 39.136965, 39.137008, 39.137058, 39.137073, 39.137079, 39.137091, 39.137096, 39.137106, 39.137139, 39.137277, 39.137469, 39.137512, 39.137535, 39.137545, 
39.137535, 39.137507, 39.137489, 39.137641, 39.137857, 39.137919, 39.137989, 39.138709)))"
81,1615,1512,40,0,90,168,230,234,277,233,185,139,81,68,84,127,241,157,45,73,34.92285067873303,76174.07352941176,"list(list(c(-84.38611, -84.386496, -84.386871, -84.387133, -84.387367, -84.387506, -84.389453, -84.389675, -84.390613, -84.391686, -84.392718, -84.393963, -84.395186, -84.39623, -84.397222, -84.397937, -84.39826, -84.399461, -84.400129, -84.400902, -84.401244, -84.404525, -84.40468, -84.40496, -84.405091, -84.405164, -84.405166, -84.40513, -84.405115, -84.405396, -84.405512, -84.405394, -84.405299, -84.405316, -84.405331, -84.405304, -84.405308, -84.405242, -84.405241, -84.405341, -84.405541, -84.404791, 
-84.403811, -84.402581, -84.401842, -84.401576, -84.400933, -84.400647, -84.39967, -84.398947, -84.397974, -84.397827, -84.397675, -84.397274, -84.397239, -84.396919, -84.396209, -84.395243, -84.394556, -84.393947, -84.393697, -84.393588, -84.392638, -84.390841, -84.389741, -84.388941, -84.387842, -84.387441, -84.38734, -84.386139, -84.386137, -84.38612, -84.385956, -84.38611, 39.144276, 39.145592, 39.146874, 39.147722, 39.14855, 39.148536, 39.148668, 39.148681, 39.148733, 39.14881, 39.148903, 39.148978, 
39.149052, 39.149146, 39.14915, 39.149194, 39.149216, 39.149298, 39.149347, 39.149404, 39.149515, 39.149617, 39.147931, 39.145755, 39.14489, 39.144415, 39.144093, 39.143603, 39.143537, 39.142625, 39.142087, 39.141215, 39.140533, 39.140256, 39.139808, 39.139688, 39.139506, 39.137957, 39.13736, 39.13586, 39.13486, 39.13486, 39.134752, 39.134761, 39.134761, 39.134683, 39.134494, 39.13484, 39.136069, 39.136087, 39.137004, 39.137124, 39.13726, 39.13762, 39.137651, 39.137912, 39.138557, 39.139321, 39.139924, 
39.140443, 39.140683, 39.140761, 39.140585, 39.14036, 39.14036, 39.140361, 39.140362, 39.140362, 39.140662, 39.141161, 39.141568, 39.143776, 39.143829, 39.144276)))"
82,1448.0038425273842,1357.3568376267358,31.264760147601475,10.82018927444795,3.678864353312303,259.0972685578591,203.07120374358317,106.86663426728904,269.9458862490833,228.67336130932287,202.0487370062975,66.8441750963251,82.92299812588031,28.533578171743862,44.05003259338587,90.4893582595132,116.8714761311651,105.01919226605516,75.73339541597309,170.06499877774803,35.56886850152905,115462.23853211009,"list(list(c(-84.371504, -84.371939, -84.372686, -84.373464, -84.373928, -84.375594, -84.37885, -84.37889, -84.378966, -84.379036, -84.381881, -84.383313, -84.383358, -84.384069, -84.38428, -84.384581, -84.38506, -84.385442, -84.385932, -84.385986, -84.387367, -84.387133, -84.386871, -84.386496, -84.38611, -84.385956, -84.385378, -84.384907, -84.384259, -84.383639, -84.382462, -84.382103, -84.381953, -84.381852, -84.381636, -84.38135, -84.380514, -84.380204, -84.379932, -84.380022, -84.38008, -84.380104, 
-84.380101, -84.380059, -84.379956, -84.379921, -84.379846, -84.379782, -84.379722, -84.379687, -84.379663, -84.379234, -84.378803, -84.37837, -84.378226, -84.377657, -84.375793, -84.37472, -84.374603, -84.374248, -84.374113, -84.373621, -84.373067, -84.372866, -84.372233, -84.372043, -84.371831, -84.371763, -84.371674, -84.372208, -84.370952, -84.371504, 39.147567, 39.147607, 39.147646, 39.147694, 39.14773, 39.147836, 39.148063, 39.148058, 39.148038, 39.148005, 39.14819, 39.148283, 39.148221, 39.148255, 
39.148279, 39.148292, 39.148316, 39.148341, 39.148374, 39.148468, 39.14855, 39.147722, 39.146874, 39.145592, 39.144276, 39.143829, 39.144036, 39.144186, 39.144392, 39.144607, 39.145005, 39.145116, 39.145157, 39.14518, 39.145226, 39.145268, 39.145365, 39.145376, 39.145369, 39.144556, 39.144151, 39.143904, 39.143837, 39.143697, 39.143438, 39.143402, 39.143305, 39.143204, 39.143077, 39.142967, 39.142844, 39.142886, 39.142912, 39.142922, 39.142922, 39.142905, 39.142776, 39.142709, 39.143858, 39.143855, 
39.143948, 39.144288, 39.143805, 39.143646, 39.143134, 39.143022, 39.144582, 39.145079, 39.145795, 39.146339, 39.147102, 39.147567)))"
83,1966.0862618960628,1866.47483637342,30.200574752516033,33.862095808605204,10.918611987381704,325.73894788077126,303.5961158321989,39.69478132468477,275.9266148351857,386.1872421002862,196.25196026208596,174.92162502007167,187.7243419861423,76.04463265463593,25.528806923678857,87.67570863154464,100.46912816810057,129.1240498651173,131.09982584533762,280.8255185946511,42.92697822623473,149265.3228890069,"list(list(c(-84.360014, -84.360317, -84.3614, -84.362212, -84.362913, -84.363227, -84.365313, -84.366508, -84.366374, -84.367183, -84.367894, -84.367958, -84.368492, -84.368391, -84.368376, -84.368374, -84.368409, -84.36846, -84.368545, -84.36857, -84.368616, -84.369201, -84.370781, -84.371169, -84.371, -84.370903, -84.37124, -84.372232, -84.372795, -84.373029, -84.373086, -84.37316, -84.373187, -84.373291, -84.373373, -84.375495, -84.375594, -84.373928, -84.373464, -84.372686, -84.371939, -84.371504, 
-84.370952, -84.372208, -84.371674, -84.371763, -84.371831, -84.372043, -84.372233, -84.372866, -84.373067, -84.373621, -84.374113, -84.374248, -84.374603, -84.37472, -84.375793, -84.377657, -84.378226, -84.37837, -84.378803, -84.379234, -84.379663, -84.379687, -84.379722, -84.379782, -84.379846, -84.379921, -84.379956, -84.380059, -84.380101, -84.380104, -84.38008, -84.380022, -84.379932, -84.380204, -84.380514, -84.38135, -84.381636, -84.381852, -84.381953, -84.382103, -84.382462, -84.383639, -84.384259, 
-84.384907, -84.385378, -84.385956, -84.38612, -84.386137, -84.386139, -84.38734, -84.387441, -84.387842, -84.388941, -84.389741, -84.390841, -84.392638, -84.393588, -84.393697, -84.393947, -84.394556, -84.395243, -84.396209, -84.396919, -84.397239, -84.397274, -84.397675, -84.396919, -84.395966, -84.394409, -84.387076, -84.386667, -84.386151, -84.386122, -84.385917, -84.386435, -84.386984, -84.38916, -84.389322, -84.389361, -84.38943, -84.389523, -84.389599, -84.389671, -84.389748, -84.390023, -84.3902, 
-84.390256, -84.390312, -84.3907, -84.390862, -84.391032, -84.391236, -84.391581, -84.392075, -84.392251, -84.392406, -84.392494, -84.392389, -84.392268, -84.392178, -84.392128, -84.392094, -84.392065, -84.391799, -84.3915, -84.391462, -84.391159, -84.391019, -84.390856, -84.390779, -84.390476, -84.390349, -84.390257, -84.390145, -84.39006, -84.389954, -84.389666, -84.389489, -84.389285, -84.389059, -84.388834, -84.388566, -84.388319, -84.388122, -84.388073, -84.387876, -84.387714, -84.387601, -84.38746, 
-84.386973, -84.386741, -84.38641, -84.386234, -84.385867, -84.385755, -84.385649, -84.385331, -84.384944, -84.384704, -84.384599, -84.384436, -84.384267, -84.384076, -84.383604, -84.383372, -84.383167, -84.38285, -84.382751, -84.382483, -84.382321, -84.382109, -84.381933, -84.381101, -84.380713, -84.380579, -84.38024, -84.379669, -84.379457, -84.379182, -84.37897, -84.37756, -84.377278, -84.377017, -84.376156, -84.375825, -84.375697, -84.375472, -84.375316, -84.375056, -84.37494, -84.374889, -84.374791, 
-84.37465, -84.374432, -84.374556, -84.374759, -84.374896, -84.375034, -84.375479, -84.375853, -84.376321, -84.376896, -84.377688, -84.378343, -84.379387, -84.385345, -84.385761, -84.385797, -84.385429, -84.38544, -84.385051, -84.383936, -84.383483, -84.3775, -84.376347, -84.37522, -84.374253, -84.368851, -84.367551, -84.367538, -84.367538, -84.367426, -84.367371, -84.367146, -84.367062, -84.366791, -84.366461, -84.366203, -84.366076, -84.365103, -84.363044, -84.362999, -84.362135, -84.362068, -84.361492, 
-84.36075, -84.360564, -84.360338, -84.36012, -84.35974, -84.360014, 39.144418, 39.144545, 39.145538, 39.146285, 39.14625, 39.146234, 39.146129, 39.146101, 39.147204, 39.147191, 39.147256, 39.148039, 39.148559, 39.148655, 39.148761, 39.14884, 39.149141, 39.149416, 39.149743, 39.149824, 39.150056, 39.15075, 39.151025, 39.151497, 39.152267, 39.15276, 39.15276, 39.152836, 39.152973, 39.151589, 39.151024, 39.150414, 39.150188, 39.149381, 39.148575, 39.148725, 39.147836, 39.14773, 39.147694, 39.147646, 
39.147607, 39.147567, 39.147102, 39.146339, 39.145795, 39.145079, 39.144582, 39.143022, 39.143134, 39.143646, 39.143805, 39.144288, 39.143948, 39.143855, 39.143858, 39.142709, 39.142776, 39.142905, 39.142922, 39.142922, 39.142912, 39.142886, 39.142844, 39.142967, 39.143077, 39.143204, 39.143305, 39.143402, 39.143438, 39.143697, 39.143837, 39.143904, 39.144151, 39.144556, 39.145369, 39.145376, 39.145365, 39.145268, 39.145226, 39.14518, 39.145157, 39.145116, 39.145005, 39.144607, 39.144392, 39.144186, 
39.144036, 39.143829, 39.143776, 39.141568, 39.141161, 39.140662, 39.140362, 39.140362, 39.140361, 39.14036, 39.14036, 39.140585, 39.140761, 39.140683, 39.140443, 39.139924, 39.139321, 39.138557, 39.137912, 39.137651, 39.13762, 39.13726, 39.137169, 39.137214, 39.1374, 39.13858, 39.138646, 39.138811, 39.138709, 39.137989, 39.137919, 39.137857, 39.137641, 39.137489, 39.137507, 39.137535, 39.137545, 39.137535, 39.137512, 39.137469, 39.137277, 39.137139, 39.137106, 39.137096, 39.137091, 39.137079, 39.137073, 
39.137058, 39.137008, 39.136965, 39.136937, 39.136899, 39.136867, 39.136769, 39.136641, 39.136564, 39.136521, 39.136493, 39.136468, 39.136237, 39.135933, 39.135922, 39.135794, 39.135745, 39.135668, 39.135619, 39.135372, 39.135283, 39.135234, 39.135185, 39.135141, 39.135064, 39.134899, 39.134811, 39.134729, 39.134613, 39.134514, 39.134405, 39.134322, 39.134251, 39.13424, 39.134168, 39.134118, 39.134091, 39.134064, 39.133987, 39.133964, 39.133942, 39.133925, 39.13392, 39.133931, 39.133958, 39.133997, 
39.134029, 39.134067, 39.134079, 39.134106, 39.134144, 39.134194, 39.134336, 39.134396, 39.134457, 39.134534, 39.134566, 39.13467, 39.134764, 39.134863, 39.13494, 39.135389, 39.135614, 39.135707, 39.135893, 39.136196, 39.136316, 39.136465, 39.136574, 39.13738, 39.13755, 39.137699, 39.13811, 39.138247, 39.138307, 39.138395, 39.138445, 39.138537, 39.138574, 39.138614, 39.138658, 39.138713, 39.138742, 39.138791, 39.138968, 39.139088, 39.139207, 39.139517, 39.139649, 39.139781, 39.139812, 39.13971, 39.139641, 
39.139563, 39.138799, 39.138751, 39.138924, 39.139041, 39.139261, 39.139973, 39.140177, 39.139956, 39.141043, 39.140754, 39.140436, 39.140174, 39.141294, 39.141564, 39.141845, 39.142091, 39.144486, 39.144476, 39.144422, 39.144402, 39.144326, 39.144216, 39.144116, 39.144063, 39.143703, 39.142942, 39.142926, 39.14265, 39.142942, 39.142866, 39.142766, 39.143064, 39.14348, 39.143849, 39.144406, 39.144418)))"
84,1163.2859737156512,1028.613237753883,55.74193548387097,12.387096774193548,22.823345280764634,144.95787335722818,182.6101075268817,74.0584707287933,167.35256869772996,171.2045639187575,155.09139784946237,196.68360812425328,49.649964157706094,21.677419354838708,14.451612903225806,42.83870967741935,162.2915173237754,138.0584707287933,54.7100119474313,73.68186379928315,40.37906772207564,103913.48197009675,"list(list(c(-84.350315, -84.352198, -84.352567, -84.352557, -84.352555, -84.352516, -84.352525, -84.3525, -84.352501, -84.352504, -84.352645, -84.354948, -84.355744, -84.355915, -84.356098, -84.356276, -84.356445, -84.356782, -84.357777, -84.359329, -84.361803, -84.361898, -84.362345, -84.36389, -84.364248, -84.364839, -84.365494, -84.365759, -84.365919, -84.365939, -84.365886, -84.365716, -84.36565, -84.365629, -84.365615, -84.365562, -84.365552, -84.365522, -84.365472, -84.365406, -84.364992, -84.364948, 
-84.364917, -84.3649, -84.3649, -84.364914, -84.364943, -84.364986, -84.365276, -84.365512, -84.365911, -84.366053, -84.366162, -84.366483, -84.366151, -84.361776, -84.361239, -84.361005, -84.36072, -84.360699, -84.360613, -84.360538, -84.360474, -84.360423, -84.360385, -84.360361, -84.360313, -84.360228, -84.359896, -84.359859, -84.359805, -84.359735, -84.359652, -84.359558, -84.359455, -84.358198, -84.357056, -84.356882, -84.356749, -84.356622, -84.356477, -84.35628, -84.356038, -84.353886, -84.353924, 
-84.3503, -84.350286, -84.350315, 39.123043, 39.123323, 39.123697, 39.123903, 39.12417, 39.12433, 39.124374, 39.124476, 39.124538, 39.124628, 39.124633, 39.124653, 39.124677, 39.12467, 39.124657, 39.12465, 39.124648, 39.124623, 39.124594, 39.124557, 39.12452, 39.124484, 39.123851, 39.121663, 39.121174, 39.120309, 39.119394, 39.11901, 39.118772, 39.118638, 39.11848, 39.118281, 39.118131, 39.118037, 39.117975, 39.117236, 39.11715, 39.117036, 39.116926, 39.116823, 39.116337, 39.116261, 39.116181, 39.116099, 
39.116015, 39.115932, 39.115851, 39.115775, 39.115412, 39.115181, 39.114859, 39.114779, 39.114723, 39.114559, 39.114563, 39.114561, 39.114561, 39.116266, 39.118348, 39.118338, 39.118287, 39.118227, 39.118159, 39.118085, 39.118006, 39.117924, 39.117511, 39.117256, 39.11665, 39.11657, 39.116496, 39.116431, 39.116376, 39.116334, 39.116304, 39.116096, 39.115993, 39.115963, 39.115924, 39.115873, 39.115793, 39.115603, 39.115761, 39.11518, 39.121619, 39.122252, 39.12273, 39.123043)))"
85,1496.3836186484195,1347.981145575004,52.25806451612903,13.394199249370516,20.84393557888736,196.11271831820633,196.49629253353896,105.23513423560874,201.5957569566304,234.44299622688666,225.37605833863753,215.67574391104043,78.59070954514513,42.85820858272536,42.32981298795618,77.07776333912909,214.0746271297465,154.7052439599302,66.26616559930697,84.27441771932676,42.203947368421055,94505.00187969925,"list(list(c(-84.330679, -84.335645, -84.335634, -84.335636, -84.33294, -84.333239, -84.333872, -84.337234, -84.338735, -84.339109, -84.33964, -84.340961, -84.341438, -84.342118, -84.343935, -84.34621, -84.346323, -84.346556, -84.346887, -84.347176, -84.347408, -84.347549, -84.347719, -84.347824, -84.348106, -84.348367, -84.348572, -84.353542, -84.355937, -84.356242, -84.356641, -84.356754, -84.36024, -84.360741, -84.363339, -84.36344, -84.364139, -84.366142, -84.366329, -84.366338, -84.366341, -84.366341, 
-84.36634, -84.36634, -84.366516, -84.36694, -84.368133, -84.368923, -84.369234, -84.370086, -84.370098, -84.370105, -84.37134, -84.371418, -84.372639, -84.373042, -84.372532, -84.371539, -84.370341, -84.370478, -84.370501, -84.370544, -84.370582, -84.370612, -84.370632, -84.370768, -84.370925, -84.3711, -84.371099, -84.371212, -84.372009, -84.37103, -84.370827, -84.369207, -84.368595, -84.367313, -84.36677, -84.366521, -84.366357, -84.366216, -84.36565, -84.365716, -84.365886, -84.365939, -84.365919, 
-84.365759, -84.365494, -84.364839, -84.364248, -84.36389, -84.362345, -84.361898, -84.361803, -84.359329, -84.357777, -84.356782, -84.356445, -84.356276, -84.356098, -84.355915, -84.355744, -84.354948, -84.352645, -84.352504, -84.352501, -84.3525, -84.352525, -84.352516, -84.352555, -84.352557, -84.352567, -84.352198, -84.350315, -84.350286, -84.3503, -84.353924, -84.353886, -84.35291, -84.348785, -84.348423, -84.347668, -84.343944, -84.341973, -84.341542, -84.342245, -84.339243, -84.334374, -84.334338, 
-84.334038, -84.334033, -84.334005, -84.333892, -84.333843, -84.333829, -84.333596, -84.333553, -84.333434, -84.333399, -84.333251, -84.333188, -84.333096, -84.333067, -84.333082, -84.332531, -84.331778, -84.330287, -84.32954, -84.329947, -84.329766, -84.329359, -84.327998, -84.330679, 39.12793, 39.12707, 39.127647, 39.127967, 39.129362, 39.130165, 39.130406, 39.131686, 39.132263, 39.132464, 39.132762, 39.132468, 39.132366, 39.13251, 39.133063, 39.13268, 39.132686, 39.132725, 39.132823, 39.1329, 
39.132977, 39.13301, 39.133032, 39.133037, 39.133059, 39.133097, 39.133185, 39.131861, 39.132159, 39.13226, 39.131663, 39.131705, 39.133062, 39.132263, 39.132662, 39.132162, 39.130062, 39.130162, 39.13037, 39.130436, 39.130459, 39.13064, 39.131152, 39.131661, 39.131899, 39.132461, 39.132762, 39.13259, 39.132522, 39.132335, 39.132333, 39.132331, 39.132061, 39.132037, 39.13166, 39.130962, 39.129744, 39.127363, 39.127161, 39.126291, 39.126289, 39.126278, 39.126258, 39.126231, 39.126198, 39.125347, 39.124379, 
39.124361, 39.124336, 39.123652, 39.118835, 39.118846, 39.118848, 39.118838, 39.118757, 39.118588, 39.118488, 39.118409, 39.118356, 39.118311, 39.118131, 39.118281, 39.11848, 39.118638, 39.118772, 39.11901, 39.119394, 39.120309, 39.121174, 39.121663, 39.123851, 39.124484, 39.12452, 39.124557, 39.124594, 39.124623, 39.124648, 39.12465, 39.124657, 39.12467, 39.124677, 39.124653, 39.124633, 39.124628, 39.124538, 39.124476, 39.124374, 39.12433, 39.12417, 39.123903, 39.123697, 39.123323, 39.123043, 39.12273, 
39.122252, 39.121619, 39.11518, 39.114917, 39.113782, 39.113683, 39.113477, 39.11246, 39.115161, 39.11576, 39.116262, 39.119964, 39.119564, 39.119561, 39.119616, 39.119502, 39.119409, 39.119178, 39.118986, 39.118761, 39.118162, 39.118081, 39.117927, 39.117812, 39.11757, 39.117427, 39.117285, 39.117202, 39.117137, 39.117301, 39.116143, 39.119076, 39.122946, 39.123069, 39.123553, 39.124578, 39.12824, 39.12793)))"
