#VALUE!,,,,,,,,,,,,,,,,,,,,,,,,,,,,,,,,,,,
User Editable Columns,,,,,,,,,,,,,,,Calculated Columns (Do Not Edit),,,,,,,,,,,,,,,,,,,,
Batch by Type (p),"YES
(Declared Winner)","NO
(Declared Loser)",UNDEFINED,UNDEFINED,UNDEFINED,UNDEFINED,UNDEFINED,UNDEFINED,UNDEFINED,UNDEFINED,UNDEFINED,UNDEFINED,Over Votes,Under Votes,Total,"Error Bound (up) - 
Max. possible relative overstatement for
NO (Loser)",Error Bound (up) - UNDEFINED,Error Bound (up) - UNDEFINED,Error Bound (up) - UNDEFINED,Error Bound (up) - UNDEFINED,Error Bound (up) - UNDEFINED,Error Bound (up) - UNDEFINED,Error Bound (up) - UNDEFINED,Error Bound (up) - UNDEFINED,Error Bound (up) - UNDEFINED,Error Bound (up) - UNDEFINED,Max Error Bound (up),up/U Selection Probability,Running (cumulative) sum,Selection Range,Lower Range,Span,Upper Range,"Selection - 
Batch picked for audit",Times p Drawn - With Replacement
Batch by Type (p),Winning Candidate,Losing Candidate,Candidate 3,Candidate 4,Candidate 5,Candidate 6,Candidate 7,Candidate 8,Candidate 9,Candidate 10,Candidate 11,Candidate 12,Over Votes,Under Votes,Total,Error Bound (up) - Max. possible relative overstatement - Losing Candidate,Error Bound (up) - Max. possible relative overstatement - Candidate 3,Error Bound (up) - Max. possible relative overstatement - Candidate 4,Error Bound (up) - Max. possible relative overstatement - Candidate 5,Error Bound (up) - Max. possible relative overstatement - Candidate 6,Error Bound (up) - Max. possible relative overstatement - Candidate 7,Error Bound (up) - Max. possible relative overstatement - Candidate 8,Error Bound (up) - Max. possible relative overstatement - Candidate 9,Error Bound (up) - Max. possible relative overstatement - Candidate 10,Error Bound (up) - Max. possible relative overstatement - Candidate 11,Error Bound (up) - Max. possible relative overstatement - Candidate 12,Max Error Bound (up),up/U Selection Probability,Running (cumulative) sum,Selection Range,Lower Range,Span,Upper Range,Selection - Batch picked for audit,Times p Drawn - With Replacement
0101 CIN 1-A   (AV),7,9,,,,,,,,,,,0,0,16,0.00016212,0,0,0,0,0,0,0,0,0,0,0.00016212,3.73227E-05,3.73227E-05,00000 - 00003,0,2.732268393,2.732268393,,0
0102 CIN 1-B   (AV),120,31,,,,,,,,,,,0,0,151,0.002779193,0,0,0,0,0,0,0,0,0,0,0.002779193,0.000639817,0.00067714,00004 - 00067,3.732268393,62.98174388,66.71401227,,0
0103 CIN 1-C   (AV),102,29,,,,,,,,,,,1,1,133,0.002385474,0,0,0,0,0,0,0,0,0,0,0.002385474,0.000549177,0.001226317,00068 - 00122,67.71401227,53.91766349,121.6316758,,0
0104 CIN 1-D   (AV),107,17,,,,,,,,,,,0,0,124,0.002478114,0,0,0,0,0,0,0,0,0,0,0.002478114,0.000570504,0.001796821,00123 - 00179,122.6316758,56.05038829,178.6820641,,0
0105 CIN 1-E   (AV),103,25,,,,,,,,,,,0,0,128,0.002385474,0,0,0,0,0,0,0,0,0,0,0.002385474,0.000549177,0.002345997,00180 - 00234,179.6820641,53.91766349,233.5997275,,0
0106 CIN 1-F   (AV),139,35,,,,,,,,,,,0,0,174,0.003219232,0,0,0,0,0,0,0,0,0,0,0.003219232,0.000741122,0.003087119,00235 - 00308,234.5997275,73.11218666,307.7119142,,0
0107 CIN 1-G   (AV),67,28,,,,,,,,,,,0,0,95,0.001551716,0,0,0,0,0,0,0,0,0,0,0.001551716,0.000357231,0.003444351,00309 - 00343,308.7119142,34.72314033,343.4350545,,0
0108 CIN 1-H   (AV),89,18,,,,,,,,,,,0,0,107,0.002061235,0,0,0,0,0,0,0,0,0,0,0.002061235,0.000474531,0.003918882,00344 - 00391,344.4350545,46.45312671,390.8881812,,0
0109 CIN 1-I   (AV),79,17,,,,,,,,,,,0,0,96,0.001829635,0,0,0,0,0,0,0,0,0,0,0.001829635,0.000421213,0.004340095,00392 - 00433,391.8881812,41.12131472,433.009496,,0
0110 CIN 1-J   (AV),111,27,,,,,,,,,,,0,0,138,0.002570754,0,0,0,0,0,0,0,0,0,0,0.002570754,0.000591831,0.004931926,00434 - 00492,434.009496,58.18311309,492.192609,,0
0111 CIN 1-K   (AV),113,13,,,,,,,,,,,0,0,126,0.002617074,0,0,0,0,0,0,0,0,0,0,0.002617074,0.000602495,0.005534421,00493 - 00552,493.192609,59.24947548,552.4420845,,0
0112 CIN 1-L   (AV),58,19,,,,,,,,,,,1,0,78,0.001354857,0,0,0,0,0,0,0,0,0,0,0.001354857,0.000311911,0.005846332,00553 - 00584,553.4420845,30.19110014,583.6331847,,0
0113 CIN 1-M   (AV),113,44,,,,,,,,,,,0,2,159,0.002640233,0,0,0,0,0,0,0,0,0,0,0.002640233,0.000607827,0.006454158,00585 - 00644,584.6331847,59.78265668,644.4158413,,0
0201 CIN 2-A   (AV),202,49,,,,,,,,,,,0,6,257,0.004747788,0,0,0,0,0,0,0,0,0,0,0.004747788,0.001093021,0.00754718,00645 - 00754,645.4158413,108.3021458,753.7179871,,0
0202 CIN 2-B   (AV),200,37,,,,,,,,,,,1,3,241,0.004678308,0,0,0,0,0,0,0,0,0,0,0.004678308,0.001077026,0.008624206,00755 - 00861,754.7179871,106.7026022,861.4205893,,0
0203 CIN 2-C   (AV),128,15,,,,,,,,,,,0,0,143,0.002964473,0,0,0,0,0,0,0,0,0,0,0.002964473,0.000682472,0.009306678,00862 - 00930,862.4205893,67.24719347,929.6677828,,0
0204 CIN 2-D   (AV),176,41,,,,,,,,,,,0,1,218,0.00408773,0,0,0,0,0,0,0,0,0,0,0.00408773,0.000941065,0.010247743,00931 - 01024,930.6677828,93.10648162,1023.774264,,0
0205 CIN 2-E   (AV),229,67,,,,,,,,,,,0,4,300,0.005349947,0,0,0,0,0,0,0,0,0,0,0.005349947,0.001231649,0.011479391,01025 - 01147,1024.774264,122.164857,1146.939121,,0
0206 CIN 2-F   (AV),134,19,,,,,,,,,,,0,1,154,0.003115012,0,0,0,0,0,0,0,0,0,0,0.003115012,0.000717129,0.01219652,01148 - 01219,1147.939121,70.71287126,1218.651993,,0
0207 CIN 2-G   (AV),271,81,,,,,,,,,,,1,6,359,0.006357404,0,0,0,0,0,0,0,0,0,0,0.006357404,0.001463582,0.013660102,01220 - 01365,1219.651993,145.3582391,1365.010232,,0
0208 CIN 2-H   (AV),85,13,,,,,,,,,,,0,2,100,0.001991755,0,0,0,0,0,0,0,0,0,0,0.001991755,0.000458536,0.014118638,01366 - 01411,1366.010232,44.85358311,1410.863815,,0
0209 CIN 2-I   (AV),147,33,,,,,,,,,,,0,0,180,0.003404512,0,0,0,0,0,0,0,0,0,0,0.003404512,0.000783776,0.014902415,01412 - 01489,1411.863815,77.37763625,1489.241451,,0
0210 CIN 2-J   (AV),153,22,,,,,,,,,,,0,1,176,0.003555051,0,0,0,0,0,0,0,0,0,0,0.003555051,0.000818433,0.015720848,01490 - 01571,1490.241451,80.84331404,1571.084765,,0
0211 CIN 2-K   (AV),225,27,,,,,,,,,,,0,0,252,0.005210987,0,0,0,0,0,0,0,0,0,0,0.005210987,0.001199658,0.016920505,01572 - 01691,1572.084765,118.9657698,1691.050535,,0
0301 CIN 3-A   (AV),125,11,,,,,,,,,,,0,0,136,0.002894993,0,0,0,0,0,0,0,0,0,0,0.002894993,0.000666476,0.017586982,01692 - 01758,1692.050535,65.64764987,1757.698185,,0
0302 CIN 3-B   (AV),119,24,,,,,,,,,,,0,3,146,0.002790773,0,0,0,0,0,0,0,0,0,0,0.002790773,0.000642483,0.018229465,01759 - 01822,1758.698185,63.24833448,1821.946519,,0
0303 CIN 3-C   (AV),239,59,,,,,,,,,,,1,3,302,0.005581546,0,0,0,0,0,0,0,0,0,0,0.005581546,0.001284967,0.019514432,01823 - 01950,1822.946519,127.496669,1950.443188,,0
0304 CIN 3-D   (AV),121,10,,,,,,,,,,,0,4,135,0.002848673,0,0,0,0,0,0,0,0,0,0,0.002848673,0.000655813,0.020170245,01951 - 02016,1951.443188,64.58128747,2016.024476,,0
0305 CIN 3-E   (AV),120,17,,,,,,,,,,,0,0,137,0.002779193,0,0,0,0,0,0,0,0,0,0,0.002779193,0.000639817,0.020810062,02017 - 02080,2017.024476,62.98174388,2080.00622,,0
0401 CIN 4-A   (AV),156,24,,,,,,,,,,,0,2,182,0.003636111,0,0,0,0,0,0,0,0,0,0,0.003636111,0.000837094,0.021647157,02081 - 02164,2081.00622,82.70944824,2163.715668,,0
0402 CIN 4-B   (AV),210,21,,,,,,,,,,,0,2,233,0.004886748,0,0,0,0,0,0,0,0,0,0,0.004886748,0.001125012,0.022772169,02165 - 02276,2164.715668,111.501233,2276.216901,,0
0403 CIN 4-C   (AV),181,16,,,,,,,,,,,0,0,197,0.00419195,0,0,0,0,0,0,0,0,0,0,0.00419195,0.000965058,1,99903 - 99999,99903.4942,95.50579701,99999,,0
0404 CIN 4-D   (AV),182,28,,,,,,,,,,,0,3,213,0.004249849,0,0,0,0,0,0,0,0,0,0,0.004249849,0.000978388, 0.02 ,02374 - 02471,2373.722698,96.83875001,2470.561448,,0
0405 CIN 4-E   (AV),151,27,,,,,,,,,,,0,0,178,0.003497151,0,0,0,0,0,0,0,0,0,0,0.003497151,0.000805104, 0.03 ,02472 - 02551,2471.561448,79.51036104,2551.071809,,0
0406 CIN 4-F   (AV),183,33,,,,,,,,,,,0,1,217,0.004249849,0,0,0,0,0,0,0,0,0,0,0.004249849,0.000978388, 0.03 ,02552 - 02649,2552.071809,96.83875001,2648.910559,,0
0407 CIN 4-G   (AV),208,57,,,,,,,,,,,0,1,266,0.004828848,0,0,0,0,0,0,0,0,0,0,0.004828848,0.001111683, 0.03 ,02650 - 02760,2649.910559,110.16828,2760.078839,,0
0408 CIN 4-H   (AV),226,36,,,,,,,,,,,0,2,264,0.005257307,0,0,0,0,0,0,0,0,0,0,0.005257307,0.001210321, 0.03 ,02761 - 02881,2761.078839,120.0321322,2881.110971,,0
0501 CIN 5-A   (AV),228,37,,,,,,,,,,,0,4,269,0.005326787,0,0,0,0,0,0,0,0,0,0,0.005326787,0.001226317, 0.03 ,02882 - 03004,2882.110971,121.6316758,3003.742647,,0
0502 CIN 5-B   (AV),177,38,,,,,,,,,,,0,1,216,0.00411089,0,0,0,0,0,0,0,0,0,0,0.00411089,0.000946397, 0.03 ,03005 - 03098,3004.742647,93.63966282,3098.38231,,0
0503 CIN 5-C   (AV),186,48,,,,,,,,,,,0,1,235,0.004319329,0,0,0,0,0,0,0,0,0,0,0.004319329,0.000994383, 0.03 ,03099 - 03198,3099.38231,98.43829361,3197.820603,,0
0504 CIN 5-D   (AV),276,58,,,,,,,,,,,0,3,337,0.006426884,0,0,0,0,0,0,0,0,0,0,0.006426884,0.001479578, 0.03 ,03199 - 03346,3198.820603,146.9577827,3345.778386,,0
0505 CIN 5-E   (AV),209,26,,,,,,,,,,,0,2,237,0.004863588,0,0,0,0,0,0,0,0,0,0,0.004863588,0.001119681, 0.03 ,03347 - 03458,3346.778386,110.9680518,3457.746438,,0
0506 CIN 5-F   (AV),135,36,,,,,,,,,,,1,0,172,0.003138172,0,0,0,0,0,0,0,0,0,0,0.003138172,0.000722461, 0.04 ,03459 - 03530,3458.746438,71.24605246,3529.99249,,0
0507 CIN 5-G   (AV),245,46,,,,,,,,,,,0,2,293,0.005697346,0,0,0,0,0,0,0,0,0,0,0.005697346,0.001311626, 0.04 ,03531 - 03661,3530.99249,130.1625749,3661.155065,,0
0508 CIN 5-H   (AV),143,6,,,,,,,,,,,0,1,150,0.003323452,0,0,0,0,0,0,0,0,0,0,0.003323452,0.000765115, 0.04 ,03662 - 03738,3662.155065,75.51150205,3737.666567,,0
0509 CIN 5-I   (AV),187,64,,,,,,,,,,,0,2,253,0.004354069,0,0,0,0,0,0,0,0,0,0,0.004354069,0.001002381, 0.04 ,03739 - 03838,3738.666567,99.23806541,3837.904633,,0
0601 CIN 6-A   (AV),162,11,,,,,,,,,,,0,0,173,0.003751911,0,0,0,0,0,0,0,0,0,0,0.003751911,0.000863754, 0.04 ,03839 - 03924,3838.904633,85.37535423,3924.279987,,0
0602 CIN 6-B   (AV),90,14,,,,,,,,,,,0,1,105,0.002095975,0,0,0,0,0,0,0,0,0,0,0.002095975,0.000482529, 0.04 ,03925 - 03973,3925.279987,47.25289851,3972.532885,,0
0603 CIN 6-C   (AV),108,11,,,,,,,,,,,0,1,120,0.002512854,0,0,0,0,0,0,0,0,0,0,0.002512854,0.000578502, 0.04 ,03974 - 04030,3973.532885,56.85016009,4030.383045,,0
0604 CIN 6-D   (AV),166,14,,,,,,,,,,,0,1,181,0.00385613,0,0,0,0,0,0,0,0,0,0,0.00385613,0.000887747, 0.04 ,04031 - 04119,4031.383045,87.77466963,4119.157715,,0
0605 CIN 6-E   (AV),162,18,,,,,,,,,,,0,0,180,0.003751911,0,0,0,0,0,0,0,0,0,0,0.003751911,0.000863754, 0.04 ,04120 - 04206,4120.157715,85.37535423,4205.533069,,0
0701 CIN 7-A   (AV),187,15,,,,,,,,,,,1,1,204,0.004354069,0,0,0,0,0,0,0,0,0,0,0.004354069,0.001002381, 0.04 ,04207 - 04306,4206.533069,99.23806541,4305.771135,,0
0702 CIN 7-B   (AV),51,11,,,,,,,,,,,0,0,62,0.001181157,0,0,0,0,0,0,0,0,0,0,0.001181157,0.000271922, 0.04 ,04307 - 04333,4306.771135,26.19224115,4332.963376,,0
0703 CIN 7-C   (AV),184,21,,,,,,,,,,,0,3,208,0.004296169,0,0,0,0,0,0,0,0,0,0,0.004296169,0.000989051, 0.04 ,04334 - 04432,4333.963376,97.90511241,4431.868488,,0
0704 CIN 7-D   (AV),108,17,,,,,,,,,,,0,4,129,0.002547594,0,0,0,0,0,0,0,0,0,0,0.002547594,0.000586499, 0.04 ,04433 - 04491,4432.868488,57.64993189,4490.51842,,0
0705 CIN 7-E   (AV),104,10,,,,,,,,,,,0,1,115,0.002420214,0,0,0,0,0,0,0,0,0,0,0.002420214,0.000557174, 0.05 ,04492 - 04546,4491.51842,54.71743529,4546.235855,,0
0706 CIN 7-F   (AV),116,20,,,,,,,,,,,0,6,142,0.002756033,0,0,0,0,0,0,0,0,0,0,0.002756033,0.000634486, 0.05 ,04547 - 04610,4547.235855,62.44856268,4609.684418,,0
0707 CIN 7-G   (AV),157,20,,,,,,,,,,,0,3,180,0.003670851,0,0,0,0,0,0,0,0,0,0,0.003670851,0.000845092, 0.05 ,04611 - 04694,4610.684418,83.50922004,4694.193638,,0
0708 CIN 7-H   (AV),84,8,,,,,,,,,,,0,3,95,0.001980175,0,0,0,0,0,0,0,0,0,0,0.001980175,0.00045587, 0.05 ,04695 - 04740,4695.193638,44.58699251,4739.780631,,0
0709 CIN 7-I   (AV),163,19,,,,,,,,,,,0,4,186,0.003821391,0,0,0,0,0,0,0,0,0,0,0.003821391,0.000879749, 0.05 ,04741 - 04828,4740.780631,86.97489783,4827.755528,,0
0710 CIN 7-J   (AV),46,12,,,,,,,,,,,0,3,61,0.001100097,0,0,0,0,0,0,0,0,0,0,0.001100097,0.000253261, 0.05 ,04829 - 04853,4828.755528,24.32610695,4853.081635,,0
0711 CIN 7-K   (AV),90,14,,,,,,,,,,,0,2,106,0.002107555,0,0,0,0,0,0,0,0,0,0,0.002107555,0.000485195, 0.05 ,04854 - 04902,4854.081635,47.51948911,4901.601124,,0
0801 CIN 8-A   (AV),125,11,,,,,,,,,,,0,1,137,0.002906573,0,0,0,0,0,0,0,0,0,0,0.002906573,0.000669142, 0.05 ,04903 - 04969,4902.601124,65.91424047,4968.515365,,0
0802 CIN 8-B   (AV),175,15,,,,,,,,,,,0,1,191,0.00406457,0,0,0,0,0,0,0,0,0,0,0.00406457,0.000935733, 0.05 ,04970 - 05062,4969.515365,92.57330042,5062.088665,,0
0803 CIN 8-C   (AV),244,77,,,,,,,,,,,0,4,325,0.005697346,0,0,0,0,0,0,0,0,0,0,0.005697346,0.001311626, 0.05 ,05063 - 05193,5063.088665,130.1625749,5193.25124,,0
0804 CIN 8-D   (AV),110,5,,,,,,,,,,,0,0,115,0.002547594,0,0,0,0,0,0,0,0,0,0,0.002547594,0.000586499, 0.05 ,05194 - 05252,5194.25124,57.64993189,5251.901172,,0
0901 CIN 9-A   (AV),48,5,,,,,,,,,,,0,0,53,0.001111677,0,0,0,0,0,0,0,0,0,0,0.001111677,0.000255927, 0.05 ,05253 - 05277,5252.901172,24.59269755,5277.49387,,0
0902 CIN 9-B   (AV),240,28,,,,,,,,,,,0,2,270,0.005581546,0,0,0,0,0,0,0,0,0,0,0.005581546,0.001284967, 0.05 ,05278 - 05406,5278.49387,127.496669,5405.990539,,0
0903 CIN 9-C   (AV),91,18,,,,,,,,,,,0,0,109,0.002107555,0,0,0,0,0,0,0,0,0,0,0.002107555,0.000485195, 0.05 ,05407 - 05455,5406.990539,47.51948911,5454.510028,,0
0904 CIN 9-D   (AV),75,6,,,,,,,,,,,0,0,81,0.001736996,0,0,0,0,0,0,0,0,0,0,0.001736996,0.000399886, 0.05 ,05456 - 05494,5455.510028,38.98858992,5494.498618,,0
1001 CIN 10-A   (AV),114,10,,,,,,,,,,,0,1,125,0.002651813,0,0,0,0,0,0,0,0,0,0,0.002651813,0.000610492, 0.06 ,05495 - 05556,5495.498618,60.04924728,5555.547865,,0
1002 CIN 10-B   (AV),69,4,,,,,,,,,,,0,0,73,0.001598036,0,0,0,0,0,0,0,0,0,0,0.001598036,0.000367895, 0.06 ,05557 - 05592,5556.547865,35.78950273,5592.337368,,0
1003 CIN 10-C   (AV),102,8,,,,,,,,,,,0,0,110,0.002362314,0,0,0,0,0,0,0,0,0,0,0.002362314,0.000543845, 0.06 ,05593 - 05647,5593.337368,53.38448229,5646.72185,,0
1101 CIN 11-A   (AV),106,12,,,,,,,,,,,0,0,118,0.002454954,0,0,0,0,0,0,0,0,0,0,0.002454954,0.000565172, 0.06 ,05648 - 05703,5647.72185,55.51720709,5703.239057,,0
1102 CIN 11-B   (AV),67,4,,,,,,,,,,,0,0,71,0.001551716,0,0,0,0,0,0,0,0,0,0,0.001551716,0.000357231, 0.06 ,05704 - 05739,5704.239057,34.72314033,5738.962197,,0
1103 CIN 11-C   (AV),32,6,,,,,,,,,,,0,1,39,0.000752698,0,0,0,0,0,0,0,0,0,0,0.000752698,0.000173284, 0.06 ,05740 - 05756,5739.962197,16.32838897,5756.290586,,0
1104 CIN 11-D   (AV),80,4,,,,,,,,,,,0,0,84,0.001852795,0,0,0,0,0,0,0,0,0,0,0.001852795,0.000426545, 0.06 ,05757 - 05799,5757.290586,41.65449592,5798.945082,,0
1201 CIN 12-A   (AV),25,3,,,,,,,,,,,0,0,28,0.000578999,0,0,0,0,0,0,0,0,0,0,0.000578999,0.000133295, 0.06 ,05800 - 05812,5799.945082,12.32952997,5812.274612,,0
1202 CIN 12-B   (AV),0,0,,,,,,,,,,,0,0,0,0,0,0,0,0,0,0,0,0,0,0,0,0, 0.06 ,Zero,5813.274612,-1,5812.274612,,0
1203 CIN 12-C   (AV),84,6,,,,,,,,,,,0,1,91,0.001957015,0,0,0,0,0,0,0,0,0,0,0.001957015,0.000450538, 0.06 ,05813 - 05857,5813.274612,44.05381131,5857.328424,,0
1204 CIN 12-D   (AV),118,30,,,,,,,,,,,0,3,151,0.002767613,0,0,0,0,0,0,0,0,0,0,0.002767613,0.000637152, 0.06 ,05858 - 05921,5858.328424,62.71515328,5921.043577,,0
1205 CIN 12-E   (AV),41,4,,,,,,,,,,,0,1,46,0.000961138,0,0,0,0,0,0,0,0,0,0,0.000961138,0.00022127, 0.06 ,05922 - 05943,5922.043577,21.12701976,5943.170597,,0
1301 CIN 13-A   (AV),45,9,,,,,,,,,,,1,4,59,0.001100097,0,0,0,0,0,0,0,0,0,0,0.001100097,0.000253261, 0.06 ,05944 - 05968,5944.170597,24.32610695,5968.496704,,0
1302 CIN 13-B   (AV),116,18,,,,,,,,,,,0,2,136,0.002709713,0,0,0,0,0,0,0,0,0,0,0.002709713,0.000623822, 0.06 ,05969 - 06031,5969.496704,61.38220028,6030.878904,,0
1303 CIN 13-C   (AV),63,12,,,,,,,,,,,0,2,77,0.001482236,0,0,0,0,0,0,0,0,0,0,0.001482236,0.000341236, 0.06 ,06032 - 06065,6031.878904,33.12359673,6065.002501,,0
1304 CIN 13-D   (AV),94,17,,,,,,,,,,,0,1,112,0.002188615,0,0,0,0,0,0,0,0,0,0,0.002188615,0.000503856, 0.06 ,06066 - 06115,6066.002501,49.3856233,6115.388124,,0
1305 CIN 13-E   (AV),322,32,,,,,,,,,,,0,2,356,0.007480661,0,0,0,0,0,0,0,0,0,0,0.007480661,0.001722175, 0.06 ,06116 - 06288,6116.388124,171.2175273,6287.605651,,0
1306 CIN 13-F   (AV),187,24,,,,,,,,,,,0,0,211,0.004330909,0,0,0,0,0,0,0,0,0,0,0.004330909,0.000997049, 0.06 ,06289 - 06387,6288.605651,98.70488421,6387.310535,,0
1307 CIN 13-G   (AV),90,11,,,,,,,,,,,0,1,102,0.002095975,0,0,0,0,0,0,0,0,0,0,0.002095975,0.000482529, 0.06 ,06388 - 06436,6388.310535,47.25289851,6435.563434,,0
1308 CIN 13-H   (AV),4,3,,,,,,,,,,,0,0,7,9.26398E-05,0,0,0,0,0,0,0,0,0,0,9.26398E-05,2.13272E-05, 0.06 ,06437 - 06438,6436.563434,1.132724796,6437.696159,,0
1401 CIN 14-A   (AV),250,32,,,,,,,,,,,0,3,285,0.005824726,0,0,0,0,0,0,0,0,0,0,0.005824726,0.001340951, 0.07 ,06439 - 06572,6438.696159,133.0950715,6571.79123,,0
1402 CIN 14-B   (AV),133,12,,,,,,,,,,,1,1,147,0.003103432,0,0,0,0,0,0,0,0,0,0,0.003103432,0.000714463, 0.07 ,06573 - 06643,6572.79123,70.44628066,6643.237511,,0
1403 CIN 14-C   (AV),89,15,,,,,,,,,,,0,2,106,0.002084395,0,0,0,0,0,0,0,0,0,0,0.002084395,0.000479863, 0.07 ,06644 - 06691,6644.237511,46.98630791,6691.223819,,0
1404 CIN 14-D   (AV),297,31,,,,,,,,,,,0,6,334,0.006947983,0,0,0,0,0,0,0,0,0,0,0.006947983,0.001599544, 0.07 ,06692 - 06851,6692.223819,158.9543597,6851.178178,,0
1405 CIN 14-E   (AV),230,25,,,,,,,,,,,0,2,257,0.005349947,0,0,0,0,0,0,0,0,0,0,0.005349947,0.001231649, 0.07 ,06852 - 06974,6852.178178,122.164857,6974.343035,,0
1406 CIN 14-F   (AV),189,19,,,,,,,,,,,0,2,210,0.004400389,0,0,0,0,0,0,0,0,0,0,0.004400389,0.001013044, 0.07 ,06975 - 07076,6975.343035,100.3044278,7075.647463,,0
1407 CIN 14-G   (AV),165,24,,,,,,,,,,,0,2,191,0.00384455,0,0,0,0,0,0,0,0,0,0,0.00384455,0.000885081, 0.07 ,07077 - 07164,7076.647463,87.50807903,7164.155542,,0
1408 CIN 14-H   (AV),206,24,,,,,,,,,,,0,1,231,0.004782528,0,0,0,0,0,0,0,0,0,0,0.004782528,0.001101019, 0.07 ,07165 - 07274,7165.155542,109.1019176,7274.25746,,0
1409 CIN 14-I   (AV),216,21,,,,,,,,,,,0,3,240,0.005037288,0,0,0,0,0,0,0,0,0,0,0.005037288,0.001159669, 0.07 ,07275 - 07390,7275.25746,114.9669108,7390.224371,,0
1501 CIN 15-A   (AV),166,9,,,,,,,,,,,0,0,175,0.00384455,0,0,0,0,0,0,0,0,0,0,0.00384455,0.000885081, 0.07 ,07391 - 07479,7391.224371,87.50807903,7478.73245,,0
1502 CIN 15-B   (AV),205,21,,,,,,,,,,,0,1,227,0.004759368,0,0,0,0,0,0,0,0,0,0,0.004759368,0.001095687, 0.08 ,07480 - 07588,7479.73245,108.5687364,7588.301186,,0
1503 CIN 15-C   (AV),41,6,,,,,,,,,,,0,1,48,0.000961138,0,0,0,0,0,0,0,0,0,0,0.000961138,0.00022127, 0.08 ,07589 - 07610,7589.301186,21.12701976,7610.428206,,0
1504 CIN 15-D   (AV),90,11,,,,,,,,,,,0,1,102,0.002095975,0,0,0,0,0,0,0,0,0,0,0.002095975,0.000482529, 0.08 ,07611 - 07659,7611.428206,47.25289851,7658.681104,,0
1505 CIN 15-E   (AV),207,14,,,,,,,,,,,0,1,222,0.004805688,0,0,0,0,0,0,0,0,0,0,0.004805688,0.001106351, 0.08 ,07660 - 07769,7659.681104,109.6350988,7769.316203,,0
1506 CIN 15-F   (AV),186,28,,,,,,,,,,,2,1,217,0.004342489,0,0,0,0,0,0,0,0,0,0,0.004342489,0.000999715, 0.08 ,07770 - 07869,7770.316203,98.97147481,7869.287678,,0
1507 CIN 15-G   (AV),106,9,,,,,,,,,,,0,1,116,0.002466534,0,0,0,0,0,0,0,0,0,0,0.002466534,0.000567838, 0.08 ,07870 - 07926,7870.287678,55.78379769,7926.071476,,0
1508 CIN 15-H   (AV),238,27,,,,,,,,,,,0,2,267,0.005535226,0,0,0,0,0,0,0,0,0,0,0.005535226,0.001274303, 0.08 ,07927 - 08054,7927.071476,126.4303066,8053.501782,,0
1509 CIN 15-I   (AV),159,10,,,,,,,,,,,0,2,171,0.003705591,0,0,0,0,0,0,0,0,0,0,0.003705591,0.00085309, 0.08 ,08055 - 08139,8054.501782,84.30899183,8138.810774,,0
1510 CIN 15-J   (AV),53,5,,,,,,,,,,,0,1,59,0.001239057,0,0,0,0,0,0,0,0,0,0,0.001239057,0.000285252, 0.08 ,08140 - 08167,8139.810774,27.52519414,8167.335968,,0
1601 CIN 16-A   (AV),67,9,,,,,,,,,,,0,0,76,0.001551716,0,0,0,0,0,0,0,0,0,0,0.001551716,0.000357231, 0.08 ,08168 - 08203,8168.335968,34.72314033,8203.059108,,0
1701 CIN 17-A   (AV),51,5,,,,,,,,,,,0,0,56,0.001181157,0,0,0,0,0,0,0,0,0,0,0.001181157,0.000271922, 0.08 ,08204 - 08230,8204.059108,26.19224115,8230.25135,,0
1702 CIN 17-B   (AV),125,11,,,,,,,,,,,0,1,137,0.002906573,0,0,0,0,0,0,0,0,0,0,0.002906573,0.000669142, 0.08 ,08231 - 08297,8231.25135,65.91424047,8297.16559,,0
1703 CIN 17-C   (AV),64,6,,,,,,,,,,,0,0,70,0.001482236,0,0,0,0,0,0,0,0,0,0,0.001482236,0.000341236, 0.08 ,08298 - 08331,8298.16559,33.12359673,8331.289187,,0
1801 CIN 18-A   (AV),46,4,,,,,,,,,,,0,1,51,0.001076937,0,0,0,0,0,0,0,0,0,0,0.001076937,0.000247929, 0.08 ,08332 - 08356,8332.289187,23.79292575,8356.082113,,0
1802 CIN 18-B   (AV),13,0,,,,,,,,,,,0,0,13,0.000301079,0,0,0,0,0,0,0,0,0,0,0.000301079,6.93136E-05, 0.08 ,08357 - 08363,8357.082113,5.931355587,8363.013468,,0
1901 CIN 19-A   (AV),29,17,,,,,,,,,,,0,2,48,0.000694798,0,0,0,0,0,0,0,0,0,0,0.000694798,0.000159954, 0.08 ,08364 - 08379,8364.013468,14.99543597,8379.008904,,0
1902 CIN 19-B   (AV),37,28,,,,,,,,,,,0,0,65,0.000856918,0,0,0,0,0,0,0,0,0,0,0.000856918,0.000197277, 0.08 ,08380 - 08399,8380.008904,18.72770436,8398.736608,,0
1903 CIN 19-C   (AV),58,26,,,,,,,,,,,0,0,84,0.001343277,0,0,0,0,0,0,0,0,0,0,0.001343277,0.000309245, 0.08 ,08400 - 08430,8399.736608,29.92450954,8429.661118,,0
1904 CIN 19-D   (AV),3,1,,,,,,,,,,,0,0,4,6.94798E-05,0,0,0,0,0,0,0,0,0,0,6.94798E-05,1.59954E-05, 0.08 ,08431 - 08431,8430.661118,0.599543597,8431.260662,,0
2001 CIN 20-A   (AV),48,6,,,,,,,,,,,0,0,54,0.001111677,0,0,0,0,0,0,0,0,0,0,0.001111677,0.000255927, 0.08 ,08432 - 08457,8432.260662,24.59269755,8456.853359,,0
2002 CIN 20-B   (AV),34,8,,,,,,,,,,,0,0,42,0.000787438,0,0,0,0,0,0,0,0,0,0,0.000787438,0.000181282, 0.08 ,08458 - 08475,8457.853359,17.12816076,8474.98152,,0
2003 CIN 20-C   (AV),87,24,,,,,,,,,,,0,0,111,0.002014915,0,0,0,0,0,0,0,0,0,0,0.002014915,0.000463868, 0.09 ,08476 - 08521,8475.98152,45.38676431,8521.368284,,0
2004 CIN 20-D   (AV),87,13,,,,,,,,,,,0,1,101,0.002026495,0,0,0,0,0,0,0,0,0,0,0.002026495,0.000466534, 0.09 ,08522 - 08568,8522.368284,45.65335491,8568.021639,,0
2005 CIN 20-E   (AV),27,4,,,,,,,,,,,0,0,31,0.000625318,0,0,0,0,0,0,0,0,0,0,0.000625318,0.000143959, 0.09 ,08569 - 08582,8569.021639,13.39589237,8582.417532,,0
2101 CIN 21-A   (AV),31,11,,,,,,,,,,,0,0,42,0.000717958,0,0,0,0,0,0,0,0,0,0,0.000717958,0.000165286, 0.09 ,08583 - 08599,8583.417532,15.52861717,8598.946149,,0
2102 CIN 21-B   (AV),15,10,,,,,,,,,,,0,1,26,0.000358979,0,0,0,0,0,0,0,0,0,0,0.000358979,8.26431E-05, 0.09 ,08600 - 08607,8599.946149,7.264308584,8607.210457,,0
2103 CIN 21-C   (AV),36,12,,,,,,,,,,,0,0,48,0.000833758,0,0,0,0,0,0,0,0,0,0,0.000833758,0.000191945, 0.09 ,08608 - 08626,8608.210457,18.19452316,8626.40498,,0
2104 CIN 21-D   (AV),22,14,,,,,,,,,,,0,0,36,0.000509519,0,0,0,0,0,0,0,0,0,0,0.000509519,0.0001173, 0.09 ,08627 - 08638,8627.40498,10.72998638,8638.134967,,0
2105 CIN 21-E   (AV),19,2,,,,,,,,,,,0,0,21,0.000440039,0,0,0,0,0,0,0,0,0,0,0.000440039,0.000101304, 0.09 ,08639 - 08648,8639.134967,9.13044278,8648.26541,,0
2201 CIN 22-A   (AV),158,8,,,,,,,,,,,0,1,167,0.003670851,0,0,0,0,0,0,0,0,0,0,0.003670851,0.000845092, 0.09 ,08649 - 08733,8649.26541,83.50922004,8732.77463,,0
2202 CIN 22-B   (AV),53,3,,,,,,,,,,,0,0,56,0.001227477,0,0,0,0,0,0,0,0,0,0,0.001227477,0.000282586, 0.09 ,08734 - 08761,8733.77463,27.25860355,8761.033233,,0
2203 CIN 22-C   (AV),38,2,,,,,,,,,,,0,2,42,0.000903238,0,0,0,0,0,0,0,0,0,0,0.000903238,0.000207941, 0.09 ,08762 - 08782,8762.033233,19.79406676,8781.8273,,0
2301 CIN 23-A   (AV),214,19,,,,,,,,,,,0,1,234,0.004967808,0,0,0,0,0,0,0,0,0,0,0.004967808,0.001143674, 0.09 ,08783 - 08896,8782.8273,113.3673672,8896.194667,,0
2302 CIN 23-B   (AV),59,8,,,,,,,,,,,0,1,68,0.001378017,0,0,0,0,0,0,0,0,0,0,0.001378017,0.000317243, 0.09 ,08897 - 08928,8897.194667,30.72428134,8927.918948,,0
2303 CIN 23-C   (AV),155,13,,,,,,,,,,,0,1,169,0.003601371,0,0,0,0,0,0,0,0,0,0,0.003601371,0.000829097, 0.09 ,08929 - 09011,8928.918948,81.90967644,9010.828625,,0
2304 CIN 23-D   (AV),175,8,,,,,,,,,,,0,0,183,0.00405299,0,0,0,0,0,0,0,0,0,0,0.00405299,0.000933067, 0.09 ,09012 - 09104,9011.828625,92.30670982,9104.135335,4,1
2305 CIN 23-E   (AV),80,10,,,,,,,,,,,0,0,90,0.001852795,0,0,0,0,0,0,0,0,0,0,0.001852795,0.000426545, 0.09 ,09105 - 09147,9105.135335,41.65449592,9146.789831,,0
2306 CIN 23-F   (AV),99,21,,,,,,,,,,,0,2,122,0.002315994,0,0,0,0,0,0,0,0,0,0,0.002315994,0.000533181, 0.09 ,09148 - 09200,9147.789831,52.3181199,9200.107951,,0
2307 CIN 23-G   (AV),41,1,,,,,,,,,,,0,1,43,0.000961138,0,0,0,0,0,0,0,0,0,0,0.000961138,0.00022127, 0.09 ,09201 - 09222,9201.107951,21.12701976,9222.23497,,0
2308 CIN 23-H   (AV),152,28,,,,,,,,,,,0,0,180,0.003520311,0,0,0,0,0,0,0,0,0,0,0.003520311,0.000810435, 0.09 ,09223 - 09303,9223.23497,80.04354224,9303.278513,,0
2309 CIN 23-I   (AV),117,32,,,,,,,,,,,0,1,150,0.002721293,0,0,0,0,0,0,0,0,0,0,0.002721293,0.000626488, 0.09 ,09304 - 09366,9304.278513,61.64879088,9365.927303,,0
2310 CIN 23-J   (AV),89,37,,,,,,,,,,,0,2,128,0.002084395,0,0,0,0,0,0,0,0,0,0,0.002084395,0.000479863, 0.09 ,09367 - 09414,9366.927303,46.98630791,9413.913611,,0
2311 CIN 23-K   (AV),200,22,,,,,,,,,,,0,1,223,0.004643568,0,0,0,0,0,0,0,0,0,0,0.004643568,0.001069028, 0.10 ,09415 - 09521,9414.913611,105.9028304,9520.816442,,0
2312 CIN 23-L   (AV),26,7,,,,,,,,,,,0,3,36,0.000636898,0,0,0,0,0,0,0,0,0,0,0.000636898,0.000146625, 0.10 ,09522 - 09535,9521.816442,13.66248297,9535.478925,,0
2313 CIN 23-M   (AV),110,26,,,,,,,,,,,0,5,141,0.002605494,0,0,0,0,0,0,0,0,0,0,0.002605494,0.000599829, 0.10 ,09536 - 09595,9536.478925,58.98288488,9595.46181,,0
2314 CIN 23-N   (AV),114,37,,,,,,,,,,,0,0,151,0.002640233,0,0,0,0,0,0,0,0,0,0,0.002640233,0.000607827, 0.10 ,09596 - 09656,9596.46181,59.78265668,9656.244466,,0
2315 CIN 23-O   (AV),137,32,,,,,,,,,,,0,0,169,0.003172912,0,0,0,0,0,0,0,0,0,0,0.003172912,0.000730458, 0.10 ,09657 - 09729,9657.244466,72.04582426,9729.290291,,0
2316 CIN 23-P   (AV),108,33,,,,,,,,,,,0,0,141,0.002501274,0,0,0,0,0,0,0,0,0,0,0.002501274,0.000575836, 0.10 ,09730 - 09787,9730.290291,56.58356949,9786.87386,,0
2317 CIN 23-Q   (AV),116,57,,,,,,,,,,,0,5,178,0.002744453,0,0,0,0,0,0,0,0,0,0,0.002744453,0.00063182, 0.10 ,09788 - 09850,9787.87386,62.18197208,9850.055832,,0
2318 CIN 23-R   (AV),61,11,,,,,,,,,,,0,0,72,0.001412756,0,0,0,0,0,0,0,0,0,0,0.001412756,0.000325241, 0.10 ,09851 - 09883,9851.055832,31.52405314,9882.579885,,0
2401 CIN 24-A   (AV),147,22,,,,,,,,,,,0,3,172,0.003439251,0,0,0,0,0,0,0,0,0,0,0.003439251,0.000791774, 0.10 ,09884 - 09962,9883.579885,78.17740805,9961.757293,,0
2402 CIN 24-B   (AV),96,9,,,,,,,,,,,0,1,106,0.002234934,0,0,0,0,0,0,0,0,0,0,0.002234934,0.00051452, 0.10 ,09963 - 10013,9962.757293,50.4519857,10013.20928,,0
2403 CIN 24-C   (AV),89,28,,,,,,,,,,,0,0,117,0.002061235,0,0,0,0,0,0,0,0,0,0,0.002061235,0.000474531, 0.10 ,10014 - 10061,10014.20928,46.45312671,10060.66241,,0
2404 CIN 24-D   (AV),94,13,,,,,,,,,,,0,2,109,0.002200195,0,0,0,0,0,0,0,0,0,0,0.002200195,0.000506522, 0.10 ,10062 - 10111,10061.66241,49.6522139,10111.31462,,0
2405 CIN 24-E   (AV),4,2,,,,,,,,,,,0,0,6,9.26398E-05,0,0,0,0,0,0,0,0,0,0,9.26398E-05,2.13272E-05, 0.10 ,10112 - 10113,10112.31462,1.132724796,10113.44734,,0
2406 CIN 24-F   (AV),109,11,,,,,,,,,,,0,2,122,0.002547594,0,0,0,0,0,0,0,0,0,0,0.002547594,0.000586499, 0.10 ,10114 - 10172,10114.44734,57.64993189,10172.09728,,0
2407 CIN 24-G   (AV),83,29,,,,,,,,,,,0,0,112,0.001922275,0,0,0,0,0,0,0,0,0,0,0.001922275,0.00044254, 0.10 ,10173 - 10216,10173.09728,43.25403951,10216.35132,,0
2408 CIN 24-H   (AV),4,0,,,,,,,,,,,0,0,4,9.26398E-05,0,0,0,0,0,0,0,0,0,0,9.26398E-05,2.13272E-05, 0.10 ,10217 - 10218,10217.35132,1.132724796,10218.48404,,0
2409 CIN 24-I   (AV),3,0,,,,,,,,,,,0,0,3,6.94798E-05,0,0,0,0,0,0,0,0,0,0,6.94798E-05,1.59954E-05, 0.10 ,10219 - 10220,10219.48404,0.599543597,10220.08358,,0
2501 CIN 25-A   (AV),66,6,,,,,,,,,,,0,1,73,0.001540136,0,0,0,0,0,0,0,0,0,0,0.001540136,0.000354565, 0.10 ,10221 - 10256,10221.08358,34.45654973,10255.54013,,0
2502 CIN 25-B   (AV),33,18,,,,,,,,,,,0,1,52,0.000775858,0,0,0,0,0,0,0,0,0,0,0.000775858,0.000178616, 0.10 ,10257 - 10273,10256.54013,16.86157017,10273.4017,,0
2503 CIN 25-C   (AV),49,27,,,,,,,,,,,0,1,77,0.001146417,0,0,0,0,0,0,0,0,0,0,0.001146417,0.000263925, 0.10 ,10274 - 10300,10274.4017,25.39246935,10299.79417,,0
2504 CIN 25-D   (AV),36,33,,,,,,,,,,,0,1,70,0.000845338,0,0,0,0,0,0,0,0,0,0,0.000845338,0.000194611, 0.10 ,10301 - 10319,10300.79417,18.46111376,10319.25529,,0
2505 CIN 25-E   (AV),68,12,,,,,,,,,,,0,2,82,0.001598036,0,0,0,0,0,0,0,0,0,0,0.001598036,0.000367895, 0.10 ,10320 - 10356,10320.25529,35.78950273,10356.04479,,0
2506 CIN 25-F   (AV),59,26,,,,,,,,,,,0,0,85,0.001366437,0,0,0,0,0,0,0,0,0,0,0.001366437,0.000314577, 0.10 ,10357 - 10388,10357.04479,30.45769074,10387.50248,,0
2507 CIN 25-G   (AV),28,3,,,,,,,,,,,0,1,32,0.000660058,0,0,0,0,0,0,0,0,0,0,0.000660058,0.000151957, 0.10 ,10389 - 10403,10388.50248,14.19566417,10402.69814,,0
2508 CIN 25-H   (AV),58,14,,,,,,,,,,,0,2,74,0.001366437,0,0,0,0,0,0,0,0,0,0,0.001366437,0.000314577, 0.10 ,10404 - 10434,10403.69814,30.45769074,10434.15584,,0
2509 CIN 25-I   (AV),43,14,,,,,,,,,,,0,0,57,0.000995878,0,0,0,0,0,0,0,0,0,0,0.000995878,0.000229268, 0.10 ,10435 - 10457,10435.15584,21.92679156,10457.08263,,0
2510 CIN 25-J   (AV),50,27,,,,,,,,,,,0,2,79,0.001181157,0,0,0,0,0,0,0,0,0,0,0.001181157,0.000271922, 0.10 ,10458 - 10484,10458.08263,26.19224115,10484.27487,,0
2511 CIN 25-K   (AV),49,16,,,,,,,,,,,0,0,65,0.001134837,0,0,0,0,0,0,0,0,0,0,0.001134837,0.000261259, 0.11 ,10485 - 10510,10485.27487,25.12587875,10510.40075,,0
2512 CIN 25-L   (AV),22,1,,,,,,,,,,,0,0,23,0.000509519,0,0,0,0,0,0,0,0,0,0,0.000509519,0.0001173, 0.11 ,10511 - 10522,10511.40075,10.72998638,10522.13073,,0
2601 CIN 26-A   (AV),98,39,,,,,,,,,,,0,3,140,0.002304414,0,0,0,0,0,0,0,0,0,0,0.002304414,0.000530515, 0.11 ,10523 - 10575,10523.13073,52.0515293,10575.18226,,0
2602 CIN 26-B   (AV),78,14,,,,,,,,,,,0,2,94,0.001829635,0,0,0,0,0,0,0,0,0,0,0.001829635,0.000421213, 0.11 ,10576 - 10617,10576.18226,41.12131472,10617.30358,,0
2603 CIN 26-C   (AV),29,4,,,,,,,,,,,0,0,33,0.000671638,0,0,0,0,0,0,0,0,0,0,0.000671638,0.000154623, 0.11 ,10618 - 10633,10618.30358,14.46225477,10632.76583,,0
2604 CIN 26-D   (AV),33,8,,,,,,,,,,,0,1,42,0.000775858,0,0,0,0,0,0,0,0,0,0,0.000775858,0.000178616, 0.11 ,10634 - 10651,10633.76583,16.86157017,10650.6274,,0
2605 CIN 26-E   (AV),61,11,,,,,,,,,,,0,0,72,0.001412756,0,0,0,0,0,0,0,0,0,0,0.001412756,0.000325241, 0.11 ,10652 - 10683,10651.6274,31.52405314,10683.15146,,0
2606 CIN 26-F   (AV),49,8,,,,,,,,,,,0,0,57,0.001134837,0,0,0,0,0,0,0,0,0,0,0.001134837,0.000261259, 0.11 ,10684 - 10709,10684.15146,25.12587875,10709.27733,,0
2607 CIN 26-G   (AV),54,15,,,,,,,,,,,0,0,69,0.001250637,0,0,0,0,0,0,0,0,0,0,0.001250637,0.000287918, 0.11 ,10710 - 10738,10710.27733,27.79178474,10738.06912,1,1
2608 CIN 26-H   (AV),6,2,,,,,,,,,,,0,0,8,0.00013896,0,0,0,0,0,0,0,0,0,0,0.00013896,3.19909E-05, 0.11 ,10739 - 10741,10739.06912,2.199087194,10741.26821,,0
2609 CIN 26-I   (AV),66,21,,,,,,,,,,,0,2,89,0.001551716,0,0,0,0,0,0,0,0,0,0,0.001551716,0.000357231, 0.11 ,10742 - 10777,10742.26821,34.72314033,10776.99135,,0
2610 CIN 26-J   (AV),79,20,,,,,,,,,,,0,0,99,0.001829635,0,0,0,0,0,0,0,0,0,0,0.001829635,0.000421213, 0.11 ,10778 - 10819,10777.99135,41.12131472,10819.11266,,0
2611 CIN 26-K   (AV),55,22,,,,,,,,,,,0,0,77,0.001273797,0,0,0,0,0,0,0,0,0,0,0.001273797,0.00029325, 0.11 ,10820 - 10848,10820.11266,28.32496594,10848.43763,,0
2612 CIN 26-L   (AV),50,12,,,,,,,,,,,0,0,62,0.001157997,0,0,0,0,0,0,0,0,0,0,0.001157997,0.000266591, 0.11 ,10849 - 10875,10849.43763,25.65905995,10875.09669,,0
2613 CIN 26-M   (AV),32,11,,,,,,,,,,,0,0,43,0.000741118,0,0,0,0,0,0,0,0,0,0,0.000741118,0.000170618, 0.11 ,10876 - 10892,10876.09669,16.06179837,10892.15849,,0
2614 CIN 26-N   (AV),57,22,,,,,,,,,,,0,1,80,0.001331697,0,0,0,0,0,0,0,0,0,0,0.001331697,0.000306579, 0.11 ,10893 - 10923,10893.15849,29.65791894,10922.8164,,0
2615 CIN 26-O   (AV),85,16,,,,,,,,,,,0,0,101,0.001968595,0,0,0,0,0,0,0,0,0,0,0.001968595,0.000453204, 0.11 ,10924 - 10968,10923.8164,44.32040191,10968.13681,,0
2616 CIN 26-P   (AV),102,23,,,,,,,,,,,0,3,128,0.002397054,0,0,0,0,0,0,0,0,0,0,0.002397054,0.000551843, 0.11 ,10969 - 11023,10969.13681,54.18425409,11023.32106,,0
2617 CIN 26-Q   (AV),21,6,,,,,,,,,,,0,0,27,0.000486359,0,0,0,0,0,0,0,0,0,0,0.000486359,0.000111968, 0.11 ,11024 - 11035,11024.32106,10.19680518,11034.51787,,0
2618 CIN 26-R   (AV),44,8,,,,,,,,,,,0,0,52,0.001019037,0,0,0,0,0,0,0,0,0,0,0.001019037,0.0002346, 0.11 ,11036 - 11058,11035.51787,22.45997275,11057.97784,,0
2619 CIN 26-S   (AV),46,27,,,,,,,,,,,0,1,74,0.001076937,0,0,0,0,0,0,0,0,0,0,0.001076937,0.000247929, 0.11 ,11059 - 11083,11058.97784,23.79292575,11082.77076,,0
2811 BLUE 1-A   (AV),86,22,,,,,,,,,,,0,0,108,0.001991755,0,0,0,0,0,0,0,0,0,0,0.001991755,0.000458536, 0.11 ,11084 - 11129,11083.77076,44.85358311,11128.62435,,0
2812 BLUE 1-B   (AV),94,16,,,,,,,,,,,0,1,111,0.002188615,0,0,0,0,0,0,0,0,0,0,0.002188615,0.000503856, 0.11 ,11130 - 11179,11129.62435,49.3856233,11179.00997,,0
2821 BLUE 2-A   (AV),70,30,,,,,,,,,,,0,1,101,0.001632776,0,0,0,0,0,0,0,0,0,0,0.001632776,0.000375893, 0.11 ,11180 - 11217,11180.00997,36.58927453,11216.59925,,0
2822 BLUE 2-B   (AV),67,21,,,,,,,,,,,0,0,88,0.001551716,0,0,0,0,0,0,0,0,0,0,0.001551716,0.000357231, 0.11 ,11218 - 11252,11217.59925,34.72314033,11252.32239,,0
2823 BLUE 2-C   (AV),125,33,,,,,,,,,,,0,0,158,0.002894993,0,0,0,0,0,0,0,0,0,0,0.002894993,0.000666476, 0.11 ,11253 - 11319,11253.32239,65.64764987,11318.97004,,0
2831 BLUE 3-A   (AV),144,24,,,,,,,,,,,0,2,170,0.003358192,0,0,0,0,0,0,0,0,0,0,0.003358192,0.000773113, 0.11 ,11320 - 11396,11319.97004,76.31127385,11396.28131,,0
2832 BLUE 3-B   (AV),118,18,,,,,,,,,,,0,0,136,0.002732873,0,0,0,0,0,0,0,0,0,0,0.002732873,0.000629154, 0.11 ,11397 - 11459,11397.28131,61.91538148,11459.19669,,0
2841 BLUE 4-A   (AV),51,18,,,,,,,,,,,0,0,69,0.001181157,0,0,0,0,0,0,0,0,0,0,0.001181157,0.000271922, 0.11 ,11460 - 11486,11460.19669,26.19224115,11486.38893,,0
2842 BLUE 4-B   (AV),78,26,,,,,,,,,,,0,0,104,0.001806476,0,0,0,0,0,0,0,0,0,0,0.001806476,0.000415881, 0.12 ,11487 - 11528,11487.38893,40.58813352,11527.97707,,0
2851 BLUE 5-A   (AV),187,35,,,,,,,,,,,0,1,223,0.004342489,0,0,0,0,0,0,0,0,0,0,0.004342489,0.000999715, 0.12 ,11529 - 11628,11528.97707,98.97147481,11627.94854,,0
2852 BLUE 5-B   (AV),100,26,,,,,,,,,,,0,1,127,0.002327574,0,0,0,0,0,0,0,0,0,0,0.002327574,0.000535847, 0.12 ,11629 - 11682,11628.94854,52.5847105,11681.53325,,0
2911 CHEV 1-A   (AV),58,34,,,,,,,,,,,0,8,100,0.001435916,0,0,0,0,0,0,0,0,0,0,0.001435916,0.000330572, 0.12 ,11683 - 11715,11682.53325,32.05723434,11714.59048,,0
2921 CHEV 2-A   (AV),48,25,,,,,,,,,,,0,2,75,0.001134837,0,0,0,0,0,0,0,0,0,0,0.001134837,0.000261259, 0.12 ,11716 - 11741,11715.59048,25.12587875,11740.71636,,0
2931 CHEV 3-A   (AV),59,18,,,,,,,,,,,0,1,78,0.001378017,0,0,0,0,0,0,0,0,0,0,0.001378017,0.000317243, 0.12 ,11742 - 11772,11741.71636,30.72428134,11772.44064,,0
2941 CHEV 4-A   (AV),86,35,,,,,,,,,,,0,2,123,0.002014915,0,0,0,0,0,0,0,0,0,0,0.002014915,0.000463868, 0.12 ,11773 - 11819,11773.44064,45.38676431,11818.82741,,0
3111 DR PK 1-A   (AV),77,24,,,,,,,,,,,0,0,101,0.001783316,0,0,0,0,0,0,0,0,0,0,0.001783316,0.00041055, 0.12 ,11820 - 11860,11819.82741,40.05495232,11859.88236,,0
3121 DR PK 2-A   (AV),69,21,,,,,,,,,,,0,0,90,0.001598036,0,0,0,0,0,0,0,0,0,0,0.001598036,0.000367895, 0.12 ,11861 - 11897,11860.88236,35.78950273,11896.67186,,0
3131 DR PK 3-A   (AV),76,18,,,,,,,,,,,0,1,95,0.001771736,0,0,0,0,0,0,0,0,0,0,0.001771736,0.000407884, 0.12 ,11898 - 11937,11897.67186,39.78836172,11937.46023,,0
3141 DR PK 4-A   (AV),85,31,,,,,,,,,,,0,0,116,0.001968595,0,0,0,0,0,0,0,0,0,0,0.001968595,0.000453204, 0.12 ,11938 - 11983,11938.46023,44.32040191,11982.78063,,0
3201 FR PK A   (AV),36,5,,,,,,,,,,,0,1,42,0.000845338,0,0,0,0,0,0,0,0,0,0,0.000845338,0.000194611, 0.12 ,11984 - 12002,11983.78063,18.46111376,12002.24174,,0
3202 FR PK B   (AV),51,11,,,,,,,,,,,0,1,63,0.001192737,0,0,0,0,0,0,0,0,0,0,0.001192737,0.000274588, 0.12 ,12003 - 12030,12003.24174,26.45883175,12029.70057,,0
3203 FR PK C   (AV),51,3,,,,,,,,,,,0,2,56,0.001204317,0,0,0,0,0,0,0,0,0,0,0.001204317,0.000277254, 0.12 ,12031 - 12057,12030.70057,26.72542235,12057.426,,0
3204 FR PK D   (AV),46,5,,,,,,,,,,,0,0,51,0.001065357,0,0,0,0,0,0,0,0,0,0,0.001065357,0.000245263, 0.12 ,12058 - 12082,12058.426,23.52633515,12081.95233,,0
3205 FR PK E   (AV),41,7,,,,,,,,,,,0,0,48,0.000949558,0,0,0,0,0,0,0,0,0,0,0.000949558,0.000218604, 0.12 ,12083 - 12104,12082.95233,20.86042916,12103.81276,,0
3206 FR PK F   (AV),37,9,,,,,,,,,,,0,0,46,0.000856918,0,0,0,0,0,0,0,0,0,0,0.000856918,0.000197277, 0.12 ,12105 - 12124,12104.81276,18.72770436,12123.54046,,0
3207 FR PK G   (AV),40,6,,,,,,,,,,,0,0,46,0.000926398,0,0,0,0,0,0,0,0,0,0,0.000926398,0.000213272, 0.12 ,12125 - 12145,12124.54046,20.32724796,12144.86771,,0
3208 FR PK H   (AV),37,5,,,,,,,,,,,0,0,42,0.000856918,0,0,0,0,0,0,0,0,0,0,0.000856918,0.000197277, 0.12 ,12146 - 12165,12145.86771,18.72770436,12164.59542,,0
3209 FR PK I   (AV),82,20,,,,,,,,,,,0,0,102,0.001899115,0,0,0,0,0,0,0,0,0,0,0.001899115,0.000437209, 0.12 ,12166 - 12208,12165.59542,42.72085832,12208.31628,,0
3210 FR PK J   (AV),62,3,,,,,,,,,,,1,1,67,0.001459076,0,0,0,0,0,0,0,0,0,0,0.001459076,0.000335904, 0.12 ,12209 - 12242,12209.31628,32.59041553,12241.90669,,0
3211 FR PK K   (AV),41,7,,,,,,,,,,,0,0,48,0.000949558,0,0,0,0,0,0,0,0,0,0,0.000949558,0.000218604, 0.12 ,12243 - 12264,12242.90669,20.86042916,12263.76712,,0
3212 FR PK L   (AV),60,14,,,,,,,,,,,0,0,74,0.001389597,0,0,0,0,0,0,0,0,0,0,0.001389597,0.000319909, 0.12 ,12265 - 12296,12264.76712,30.99087194,12295.75799,,0
3213 FR PK M   (AV),44,10,,,,,,,,,,,0,0,54,0.001019037,0,0,0,0,0,0,0,0,0,0,0.001019037,0.0002346, 0.12 ,12297 - 12319,12296.75799,22.45997275,12319.21796,,0
3401 HARR A   (AV),24,26,,,,,,,,,,,0,0,50,0.000555839,0,0,0,0,0,0,0,0,0,0,0.000555839,0.000127963, 0.12 ,12320 - 12332,12320.21796,11.79634878,12332.01431,,0
3402 HARR B   (AV),20,17,,,,,,,,,,,0,0,37,0.000463199,0,0,0,0,0,0,0,0,0,0,0.000463199,0.000106636, 0.12 ,12333 - 12343,12333.01431,9.663623979,12342.67794,,0
3403 HARR C   (AV),30,33,,,,,,,,,,,0,0,63,0.000694798,0,0,0,0,0,0,0,0,0,0,0.000694798,0.000159954, 0.12 ,12344 - 12359,12343.67794,14.99543597,12358.67337,,0
3404 HARR D   (AV),43,36,,,,,,,,,,,0,0,79,0.000995878,0,0,0,0,0,0,0,0,0,0,0.000995878,0.000229268, 0.12 ,12360 - 12382,12359.67337,21.92679156,12381.60016,,0
3405 HARR E   (AV),34,40,,,,,,,,,,,0,0,74,0.000787438,0,0,0,0,0,0,0,0,0,0,0.000787438,0.000181282, 0.12 ,12383 - 12400,12382.60016,17.12816076,12399.72833,,0
3406 HARR F   (AV),49,30,,,,,,,,,,,0,0,79,0.001134837,0,0,0,0,0,0,0,0,0,0,0.001134837,0.000261259, 0.12 ,12401 - 12426,12400.72833,25.12587875,12425.8542,,0
3407 HARR G   (AV),23,12,,,,,,,,,,,0,0,35,0.000532679,0,0,0,0,0,0,0,0,0,0,0.000532679,0.000122632, 0.12 ,12427 - 12438,12426.8542,11.26316758,12438.11737,,0
3501 IND HLL A   (AV),74,30,,,,,,,,,,,0,0,104,0.001713836,0,0,0,0,0,0,0,0,0,0,0.001713836,0.000394554, 0.12 ,12439 - 12478,12439.11737,38.45540872,12477.57278,,0
3502 IND HLL B   (AV),110,40,,,,,,,,,,,0,0,150,0.002547594,0,0,0,0,0,0,0,0,0,0,0.002547594,0.000586499, 0.13 ,12479 - 12536,12478.57278,57.64993189,12536.22271,,0
3503 IND HLL C   (AV),62,38,,,,,,,,,,,0,0,100,0.001435916,0,0,0,0,0,0,0,0,0,0,0.001435916,0.000330572, 0.13 ,12537 - 12569,12537.22271,32.05723434,12569.27995,,0
3504 IND HLL D   (AV),45,32,,,,,,,,,,,0,1,78,0.001053777,0,0,0,0,0,0,0,0,0,0,0.001053777,0.000242597, 0.13 ,12570 - 12594,12570.27995,23.25974455,12593.53969,,0
3505 IND HLL E   (AV),80,34,,,,,,,,,,,0,3,117,0.001887535,0,0,0,0,0,0,0,0,0,0,0.001887535,0.000434543, 0.13 ,12595 - 12637,12594.53969,42.45426772,12636.99396,,0
3506 IND HLL F   (AV),74,19,,,,,,,,,,,0,1,94,0.001725416,0,0,0,0,0,0,0,0,0,0,0.001725416,0.00039722, 0.13 ,12638 - 12677,12637.99396,38.72199932,12676.71596,,0
3701 LOVE A   (AV),72,34,,,,,,,,,,,0,1,107,0.001679096,0,0,0,0,0,0,0,0,0,0,0.001679096,0.000386556, 0.13 ,12678 - 12715,12677.71596,37.65563692,12715.3716,,0
3702 LOVE B   (AV),69,21,,,,,,,,,,,0,0,90,0.001598036,0,0,0,0,0,0,0,0,0,0,0.001598036,0.000367895, 0.13 ,12716 - 12752,12716.3716,35.78950273,12752.1611,,0
3703 LOVE C   (AV),90,43,,,,,,,,,,,0,2,135,0.002107555,0,0,0,0,0,0,0,0,0,0,0.002107555,0.000485195, 0.13 ,12753 - 12801,12753.1611,47.51948911,12800.68059,,0
3704 LOVE D   (AV),51,8,,,,,,,,,,,0,0,59,0.001181157,0,0,0,0,0,0,0,0,0,0,0.001181157,0.000271922, 0.13 ,12802 - 12828,12801.68059,26.19224115,12827.87283,,0
3705 LOVE E   (AV),51,33,,,,,,,,,,,0,2,86,0.001204317,0,0,0,0,0,0,0,0,0,0,0.001204317,0.000277254, 0.13 ,12829 - 12856,12828.87283,26.72542235,12855.59825,,0
3706 LOVE F   (AV),46,13,,,,,,,,,,,0,0,59,0.001065357,0,0,0,0,0,0,0,0,0,0,0.001065357,0.000245263, 0.13 ,12857 - 12880,12856.59825,23.52633515,12880.12459,,0
3707 LOVE G   (AV),69,29,,,,,,,,,,,0,0,98,0.001598036,0,0,0,0,0,0,0,0,0,0,0.001598036,0.000367895, 0.13 ,12881 - 12917,12881.12459,35.78950273,12916.91409,,0
3801 MADRA A   (AV),167,48,,,,,,,,,,,0,1,216,0.00387929,0,0,0,0,0,0,0,0,0,0,0.00387929,0.000893079, 0.13 ,12918 - 13006,12917.91409,88.30785083,13006.22194,,0
3802 MADRA B   (AV),89,54,,,,,,,,,,,0,1,144,0.002072815,0,0,0,0,0,0,0,0,0,0,0.002072815,0.000477197, 0.13 ,13007 - 13054,13007.22194,46.71971731,13053.94166,,0
3803 MADRA C   (AV),135,47,,,,,,,,,,,0,2,184,0.003149752,0,0,0,0,0,0,0,0,0,0,0.003149752,0.000725126, 0.13 ,13055 - 13126,13054.94166,71.51264306,13126.4543,,0
3804 MADRA D   (AV),139,49,,,,,,,,,,,0,1,189,0.003230812,0,0,0,0,0,0,0,0,0,0,0.003230812,0.000743788, 0.13 ,13127 - 13201,13127.4543,73.37877726,13200.83308,,0
3805 MADRA E   (AV),46,31,,,,,,,,,,,0,1,78,0.001076937,0,0,0,0,0,0,0,0,0,0,0.001076937,0.000247929, 0.13 ,13202 - 13226,13201.83308,23.79292575,13225.626,,0
3806 MADRA F   (AV),134,49,,,,,,,,,,,0,4,187,0.003149752,0,0,0,0,0,0,0,0,0,0,0.003149752,0.000725126, 0.13 ,13227 - 13298,13226.626,71.51264306,13298.13865,,0
3807 MADRA G   (AV),45,21,,,,,,,,,,,0,1,67,0.001053777,0,0,0,0,0,0,0,0,0,0,0.001053777,0.000242597, 0.13 ,13299 - 13322,13299.13865,23.25974455,13322.39839,,0
3808 MADRA H   (AV),125,45,,,,,,,,,,,0,3,173,0.002929733,0,0,0,0,0,0,0,0,0,0,0.002929733,0.000674474, 0.13 ,13323 - 13390,13323.39839,66.44742167,13389.84581,,0
3901 MILF A   (AV),0,0,,,,,,,,,,,0,0,0,0,0,0,0,0,0,0,0,0,0,0,0,0, 0.13 ,Zero,13390.84581,-1,13389.84581,,0
4001 MONT A   (AV),135,52,,,,,,,,,,,0,1,188,0.003138172,0,0,0,0,0,0,0,0,0,0,0.003138172,0.000722461, 0.13 ,13391 - 13462,13390.84581,71.24605246,13462.09186,,0
4002 MONT B   (AV),108,56,,,,,,,,,,,0,0,164,0.002501274,0,0,0,0,0,0,0,0,0,0,0.002501274,0.000575836, 0.14 ,13463 - 13520,13463.09186,56.58356949,13519.67543,,0
4003 MONT C   (AV),148,76,,,,,,,,,,,0,0,224,0.003427671,0,0,0,0,0,0,0,0,0,0,0.003427671,0.000789108, 0.14 ,13521 - 13599,13520.67543,77.91081745,13598.58625,,0
4004 MONT D   (AV),84,30,,,,,,,,,,,0,1,115,0.001957015,0,0,0,0,0,0,0,0,0,0,0.001957015,0.000450538, 0.14 ,13600 - 13644,13599.58625,44.05381131,13643.64006,,0
4005 MONT E   (AV),90,20,,,,,,,,,,,0,0,110,0.002084395,0,0,0,0,0,0,0,0,0,0,0.002084395,0.000479863, 0.14 ,13645 - 13692,13644.64006,46.98630791,13691.62637,,0
4006 MONT F   (AV),99,32,,,,,,,,,,,0,1,132,0.002304414,0,0,0,0,0,0,0,0,0,0,0.002304414,0.000530515, 0.14 ,13693 - 13745,13692.62637,52.0515293,13744.6779,,0
4007 MONT G   (AV),97,26,,,,,,,,,,,0,0,123,0.002246514,0,0,0,0,0,0,0,0,0,0,0.002246514,0.000517186, 0.14 ,13746 - 13796,13745.6779,50.7185763,13796.39648,,0
4008 MONT H   (AV),126,40,,,,,,,,,,,0,2,168,0.002941313,0,0,0,0,0,0,0,0,0,0,0.002941313,0.00067714, 0.14 ,13797 - 13864,13797.39648,66.71401227,13864.11049,,0
4009 MONT I   (AV),177,70,,,,,,,,,,,0,3,250,0.00413405,0,0,0,0,0,0,0,0,0,0,0.00413405,0.000951728, 0.14 ,13865 - 13959,13865.11049,94.17284402,13959.28333,,0
4111 MTHY 1-A   (AV),94,20,,,,,,,,,,,0,0,114,0.002177035,0,0,0,0,0,0,0,0,0,0,0.002177035,0.00050119, 0.14 ,13960 - 14009,13960.28333,49.1190327,14009.40237,,0
4121 MTHY 2-A   (AV),43,6,,,,,,,,,,,0,1,50,0.001007458,0,0,0,0,0,0,0,0,0,0,0.001007458,0.000231934, 0.14 ,14010 - 14033,14010.40237,22.19338215,14032.59575,,0
4131 MTHY 3-A   (AV),54,15,,,,,,,,,,,0,0,69,0.001250637,0,0,0,0,0,0,0,0,0,0,0.001250637,0.000287918, 0.14 ,14034 - 14061,14033.59575,27.79178474,14061.38753,,0
4141 MTHY 4-A   (AV),44,7,,,,,,,,,,,0,0,51,0.001019037,0,0,0,0,0,0,0,0,0,0,0.001019037,0.0002346, 0.14 ,14062 - 14085,14062.38753,22.45997275,14084.8475,,0
4311 NCH 1-A   (AV),28,8,,,,,,,,,,,0,1,37,0.000660058,0,0,0,0,0,0,0,0,0,0,0.000660058,0.000151957, 0.14 ,14086 - 14100,14085.8475,14.19566417,14100.04317,,0
4312 NCH 1-B   (AV),75,20,,,,,,,,,,,0,0,95,0.001736996,0,0,0,0,0,0,0,0,0,0,0.001736996,0.000399886, 0.14 ,14101 - 14140,14101.04317,38.98858992,14140.03176,,0
4321 NCH 2-A   (AV),54,15,,,,,,,,,,,0,1,70,0.001262217,0,0,0,0,0,0,0,0,0,0,0.001262217,0.000290584, 0.14 ,14141 - 14169,14141.03176,28.05837534,14169.09013,,0
4331 NCH 3-A   (AV),56,15,,,,,,,,,,,0,1,72,0.001308537,0,0,0,0,0,0,0,0,0,0,0.001308537,0.000301247, 0.14 ,14170 - 14199,14170.09013,29.12473774,14199.21487,,0
4341 NCH 4-A   (AV),69,32,,,,,,,,,,,0,1,102,0.001609616,0,0,0,0,0,0,0,0,0,0,0.001609616,0.000370561, 0.14 ,14200 - 14236,14200.21487,36.05609333,14236.27097,,0
4342 NCH 4-B   (AV),25,8,,,,,,,,,,,0,0,33,0.000578999,0,0,0,0,0,0,0,0,0,0,0.000578999,0.000133295, 0.14 ,14237 - 14250,14237.27097,12.32952997,14249.6005,,0
4343 NCH 4-C   (AV),41,8,,,,,,,,,,,0,0,49,0.000949558,0,0,0,0,0,0,0,0,0,0,0.000949558,0.000218604, 0.14 ,14251 - 14271,14250.6005,20.86042916,14271.46092,,0
4411 NORW 1-A   (AV),79,16,,,,,,,,,,,0,1,96,0.001841215,0,0,0,0,0,0,0,0,0,0,0.001841215,0.000423879, 0.14 ,14272 - 14314,14272.46092,41.38790532,14313.84883,,0
4412 NORW 1-B   (AV),101,48,,,,,,,,,,,0,3,152,0.002373894,0,0,0,0,0,0,0,0,0,0,0.002373894,0.000546511, 0.14 ,14315 - 14368,14314.84883,53.65107289,14368.4999,,0
4413 NORW 1-C   (AV),105,23,,,,,,,,,,,0,1,129,0.002443374,0,0,0,0,0,0,0,0,0,0,0.002443374,0.000562506, 0.14 ,14369 - 14425,14369.4999,55.25061649,14424.75052,,0
4421 NORW 2-A   (AV),133,41,,,,,,,,,,,0,2,176,0.003103432,0,0,0,0,0,0,0,0,0,0,0.003103432,0.000714463, 0.14 ,14426 - 14496,14425.75052,70.44628066,14496.1968,,0
4422 NORW 2-B   (AV),151,51,,,,,,,,,,,0,0,202,0.003497151,0,0,0,0,0,0,0,0,0,0,0.003497151,0.000805104, 0.15 ,14497 - 14577,14497.1968,79.51036104,14576.70716,,0
4423 NORW 2-C   (AV),126,37,,,,,,,,,,,0,0,163,0.002918153,0,0,0,0,0,0,0,0,0,0,0.002918153,0.000671808, 0.15 ,14578 - 14644,14577.70716,66.18083107,14643.88799,,0
4431 NORW 3-A   (AV),128,25,,,,,,,,,,,0,1,154,0.002976053,0,0,0,0,0,0,0,0,0,0,0.002976053,0.000685138, 0.15 ,14645 - 14712,14644.88799,67.51378407,14712.40178,,0
4432 NORW 3-B   (AV),143,32,,,,,,,,,,,0,1,176,0.003323452,0,0,0,0,0,0,0,0,0,0,0.003323452,0.000765115, 0.15 ,14713 - 14789,14713.40178,75.51150205,14788.91328,,0
4433 NORW 3-C   (AV),173,43,,,,,,,,,,,0,1,217,0.00401825,0,0,0,0,0,0,0,0,0,0,0.00401825,0.000925069, 0.15 ,14790 - 14881,14789.91328,91.50693802,14881.42022,,0
4441 NORW 4-A   (AV),90,32,,,,,,,,,,,0,3,125,0.002119135,0,0,0,0,0,0,0,0,0,0,0.002119135,0.000487861, 0.15 ,14882 - 14930,14882.42022,47.78607971,14930.2063,,0
4442 NORW 4-B   (AV),104,38,,,,,,,,,,,0,4,146,0.002454954,0,0,0,0,0,0,0,0,0,0,0.002454954,0.000565172, 0.15 ,14931 - 14987,14931.2063,55.51720709,14986.7235,,0
4443 NORW 4-C   (AV),110,57,,,,,,,,,,,0,1,168,0.002559174,0,0,0,0,0,0,0,0,0,0,0.002559174,0.000589165, 0.15 ,14988 - 15046,14987.7235,57.91652249,15045.64003,,0
4611 READ 1-A   (AV),76,43,,,,,,,,,,,0,3,122,0.001794896,0,0,0,0,0,0,0,0,0,0,0.001794896,0.000413215, 0.15 ,15047 - 15087,15046.64003,40.32154292,15086.96157,,0
4612 READ 1-B   (AV),22,3,,,,,,,,,,,0,0,25,0.000509519,0,0,0,0,0,0,0,0,0,0,0.000509519,0.0001173, 0.15 ,15088 - 15099,15087.96157,10.72998638,15098.69155,,0
4621 READ 2-A   (AV),38,29,,,,,,,,,,,0,1,68,0.000891658,0,0,0,0,0,0,0,0,0,0,0.000891658,0.000205275, 0.15 ,15100 - 15119,15099.69155,19.52747616,15119.21903,,0
4622 READ 2-B   (AV),20,20,,,,,,,,,,,0,0,40,0.000463199,0,0,0,0,0,0,0,0,0,0,0.000463199,0.000106636, 0.15 ,15120 - 15130,15120.21903,9.663623979,15129.88265,,0
4631 READ 3-A   (AV),62,29,,,,,,,,,,,0,0,91,0.001435916,0,0,0,0,0,0,0,0,0,0,0.001435916,0.000330572, 0.15 ,15131 - 15163,15130.88265,32.05723434,15162.93989,,0
4632 READ 3-B   (AV),45,31,,,,,,,,,,,0,0,76,0.001042197,0,0,0,0,0,0,0,0,0,0,0.001042197,0.000239932, 0.15 ,15164 - 15187,15163.93989,22.99315395,15186.93304,,0
4641 READ 4-A   (AV),38,26,,,,,,,,,,,0,1,65,0.000891658,0,0,0,0,0,0,0,0,0,0,0.000891658,0.000205275, 0.15 ,15188 - 15207,15187.93304,19.52747616,15207.46052,,0
4642 READ 4-B   (AV),44,44,,,,,,,,,,,0,0,88,0.001019037,0,0,0,0,0,0,0,0,0,0,0.001019037,0.0002346, 0.15 ,15208 - 15231,15208.46052,22.45997275,15230.92049,,0
4911 SHAR 1-A   (AV),46,18,,,,,,,,,,,0,2,66,0.001088517,0,0,0,0,0,0,0,0,0,0,0.001088517,0.000250595, 0.15 ,15232 - 15256,15231.92049,24.05951635,15255.98001,,0
4912 SHAR 1-B   (AV),59,20,,,,,,,,,,,0,0,79,0.001366437,0,0,0,0,0,0,0,0,0,0,0.001366437,0.000314577, 0.15 ,15257 - 15287,15256.98001,30.45769074,15287.4377,,0
4921 SHAR 2-A   (AV),65,32,,,,,,,,,,,0,1,98,0.001516976,0,0,0,0,0,0,0,0,0,0,0.001516976,0.000349234, 0.15 ,15288 - 15322,15288.4377,33.92336853,15322.36107,,0
4931 SHAR 3-A   (AV),126,42,,,,,,,,,,,0,1,169,0.002929733,0,0,0,0,0,0,0,0,0,0,0.002929733,0.000674474, 0.15 ,15323 - 15390,15323.36107,66.44742167,15389.80849,,0
4932 SHAR 3-B   (AV),44,35,,,,,,,,,,,0,0,79,0.001019037,0,0,0,0,0,0,0,0,0,0,0.001019037,0.0002346, 0.15 ,15391 - 15413,15390.80849,22.45997275,15413.26846,,0
4941 SHAR 4-A   (AV),80,28,,,,,,,,,,,0,1,109,0.001864375,0,0,0,0,0,0,0,0,0,0,0.001864375,0.000429211, 0.15 ,15414 - 15456,15414.26846,41.92108652,15456.18955,,0
4942 SHAR 4-B   (AV),104,31,,,,,,,,,,,0,1,136,0.002420214,0,0,0,0,0,0,0,0,0,0,0.002420214,0.000557174, 0.16 ,15457 - 15512,15457.18955,54.71743529,15511.90698,,0
5201 SPDALE A   (AV),42,7,,,,,,,,,,,0,0,49,0.000972718,0,0,0,0,0,0,0,0,0,0,0.000972718,0.000223936, 0.16 ,15513 - 15534,15512.90698,21.39361036,15534.30059,,0
5202 SPDALE B   (AV),63,24,,,,,,,,,,,0,1,88,0.001470656,0,0,0,0,0,0,0,0,0,0,0.001470656,0.00033857, 0.16 ,15535 - 15568,15535.30059,32.85700613,15568.1576,,0
5203 SPDALE C   (AV),89,49,,,,,,,,,,,0,3,141,0.002095975,0,0,0,0,0,0,0,0,0,0,0.002095975,0.000482529, 0.16 ,15569 - 15616,15569.1576,47.25289851,15616.4105,,0
5204 SPDALE D   (AV),44,17,,,,,,,,,,,0,0,61,0.001019037,0,0,0,0,0,0,0,0,0,0,0.001019037,0.0002346, 0.16 ,15617 - 15640,15617.4105,22.45997275,15639.87047,,0
5205 SPDALE E   (AV),29,17,,,,,,,,,,,1,3,50,0.000717958,0,0,0,0,0,0,0,0,0,0,0.000717958,0.000165286, 0.16 ,15641 - 15656,15640.87047,15.52861717,15656.39909,,0
5206 SPDALE F   (AV),40,22,,,,,,,,,,,0,0,62,0.000926398,0,0,0,0,0,0,0,0,0,0,0.000926398,0.000213272, 0.16 ,15657 - 15678,15657.39909,20.32724796,15677.72634,,0
5207 SPDALE G   (AV),38,8,,,,,,,,,,,0,0,46,0.000880078,0,0,0,0,0,0,0,0,0,0,0.000880078,0.000202609, 0.16 ,15679 - 15698,15678.72634,19.26088556,15697.98722,,0
5208 SPDALE H   (AV),78,10,,,,,,,,,,,0,0,88,0.001806476,0,0,0,0,0,0,0,0,0,0,0.001806476,0.000415881, 0.16 ,15699 - 15740,15698.98722,40.58813352,15739.57536,,0
5301 WYOM A   (AV),183,52,,,,,,,,,,,0,1,236,0.004249849,0,0,0,0,0,0,0,0,0,0,0.004249849,0.000978388, 0.16 ,15741 - 15837,15740.57536,96.83875001,15837.41411,,0
5302 WYOM B   (AV),234,40,,,,,,,,,,,0,0,274,0.005419427,0,0,0,0,0,0,0,0,0,0,0.005419427,0.001247644, 0.16 ,15838 - 15962,15838.41411,123.7644006,15962.17851,,0
5303 WYOM C   (AV),198,18,,,,,,,,,,,0,0,216,0.004585669,0,0,0,0,0,0,0,0,0,0,0.004585669,0.001055699, 0.16 ,15963 - 16068,15963.17851,104.5698774,16067.74838,,0
5304 WYOM D   (AV),128,15,,,,,,,,,,,0,0,143,0.002964473,0,0,0,0,0,0,0,0,0,0,0.002964473,0.000682472, 0.16 ,16069 - 16136,16068.74838,67.24719347,16135.99558,,0
5305 WYOM E   (AV),218,32,,,,,,,,,,,0,0,250,0.005048867,0,0,0,0,0,0,0,0,0,0,0.005048867,0.001162335, 0.16 ,16137 - 16252,16136.99558,115.2335014,16252.22908,,0
5501 AMBER A   (AV),124,16,,,,,,,,,,,0,2,142,0.002894993,0,0,0,0,0,0,0,0,0,0,0.002894993,0.000666476, 0.16 ,16253 - 16319,16253.22908,65.64764987,16318.87673,,0
5502 AMBER B   (AV),114,26,,,,,,,,,,,0,2,142,0.002663393,0,0,0,0,0,0,0,0,0,0,0.002663393,0.000613158, 0.16 ,16320 - 16380,16319.87673,60.31583788,16380.19257,,0
5503 AMBER C   (AV),87,21,,,,,,,,,,,0,0,108,0.002014915,0,0,0,0,0,0,0,0,0,0,0.002014915,0.000463868, 0.16 ,16381 - 16427,16381.19257,45.38676431,16426.57933,,0
5504 AMBER D   (AV),146,42,,,,,,,,,,,0,0,188,0.003381352,0,0,0,0,0,0,0,0,0,0,0.003381352,0.000778445, 0.17 ,16428 - 16504,16427.57933,76.84445505,16504.42379,,0
5601 AND A   (AV),73,29,,,,,,,,,,,0,0,102,0.001690676,0,0,0,0,0,0,0,0,0,0,0.001690676,0.000389222, 0.17 ,16505 - 16543,16505.42379,37.92222752,16543.34601,,0
5602 AND B   (AV),94,62,,,,,,,,,,,0,0,156,0.002177035,0,0,0,0,0,0,0,0,0,0,0.002177035,0.00050119, 0.17 ,16544 - 16593,16544.34601,49.1190327,16593.46505,,0
5603 AND C   (AV),168,45,,,,,,,,,,,0,2,215,0.00391403,0,0,0,0,0,0,0,0,0,0,0.00391403,0.000901076, 0.17 ,16594 - 16684,16594.46505,89.10762263,16683.57267,,0
5604 AND D   (AV),143,44,,,,,,,,,,,0,1,188,0.003323452,0,0,0,0,0,0,0,0,0,0,0.003323452,0.000765115, 0.17 ,16685 - 16760,16684.57267,75.51150205,16760.08417,,0
5605 AND E   (AV),115,63,,,,,,,,,,,0,1,179,0.002674973,0,0,0,0,0,0,0,0,0,0,0.002674973,0.000615824, 0.17 ,16761 - 16822,16761.08417,60.58242848,16821.6666,,0
5606 AND F   (AV),136,49,,,,,,,,,,,0,1,186,0.003161332,0,0,0,0,0,0,0,0,0,0,0.003161332,0.000727792, 0.17 ,16823 - 16894,16822.6666,71.77923366,16894.44583,,0
5607 AND G   (AV),84,41,,,,,,,,,,,0,3,128,0.001980175,0,0,0,0,0,0,0,0,0,0,0.001980175,0.00045587, 0.17 ,16895 - 16940,16895.44583,44.58699251,16940.03283,,0
5608 AND H   (AV),109,42,,,,,,,,,,,0,1,152,0.002536014,0,0,0,0,0,0,0,0,0,0,0.002536014,0.000583833, 0.17 ,16941 - 16998,16941.03283,57.38334129,16998.41617,,0
5609 AND I   (AV),209,94,,,,,,,,,,,0,3,306,0.004875168,0,0,0,0,0,0,0,0,0,0,0.004875168,0.001122346, 0.17 ,16999 - 17111,16999.41617,111.2346424,17110.65081,,0
5610 AND J   (AV),77,46,,,,,,,,,,,0,2,125,0.001806476,0,0,0,0,0,0,0,0,0,0,0.001806476,0.000415881, 0.17 ,17112 - 17152,17111.65081,40.58813352,17152.23894,,0
5611 AND K   (AV),100,37,,,,,,,,,,,0,0,137,0.002315994,0,0,0,0,0,0,0,0,0,0,0.002315994,0.000533181, 0.17 ,17153 - 17206,17153.23894,52.3181199,17205.55706,,0
5612 AND L   (AV),119,46,,,,,,,,,,,0,3,168,0.002790773,0,0,0,0,0,0,0,0,0,0,0.002790773,0.000642483, 0.17 ,17207 - 17270,17206.55706,63.24833448,17269.8054,,0
5613 AND M   (AV),45,25,,,,,,,,,,,0,0,70,0.001042197,0,0,0,0,0,0,0,0,0,0,0.001042197,0.000239932, 0.17 ,17271 - 17294,17270.8054,22.99315395,17293.79855,,0
5614 AND N   (AV),94,55,,,,,,,,,,,0,0,149,0.002177035,0,0,0,0,0,0,0,0,0,0,0.002177035,0.00050119, 0.17 ,17295 - 17344,17294.79855,49.1190327,17343.91758,,0
5615 AND O   (AV),76,43,,,,,,,,,,,0,3,122,0.001794896,0,0,0,0,0,0,0,0,0,0,0.001794896,0.000413215, 0.17 ,17345 - 17385,17344.91758,40.32154292,17385.23913,,0
5616 AND P   (AV),44,26,,,,,,,,,,,0,0,70,0.001019037,0,0,0,0,0,0,0,0,0,0,0.001019037,0.0002346, 0.17 ,17386 - 17409,17386.23913,22.45997275,17408.6991,,0
5617 AND Q   (AV),97,42,,,,,,,,,,,0,1,140,0.002258094,0,0,0,0,0,0,0,0,0,0,0.002258094,0.000519852, 0.17 ,17410 - 17461,17409.6991,50.9851669,17460.68427,,0
5618 AND R   (AV),103,53,,,,,,,,,,,0,0,156,0.002385474,0,0,0,0,0,0,0,0,0,0,0.002385474,0.000549177, 0.18 ,17462 - 17516,17461.68427,53.91766349,17515.60193,,0
5619 AND S   (AV),87,50,,,,,,,,,,,0,1,138,0.002026495,0,0,0,0,0,0,0,0,0,0,0.002026495,0.000466534, 0.18 ,17517 - 17562,17516.60193,45.65335491,17562.25528,,0
5620 AND T   (AV),61,24,,,,,,,,,,,0,0,85,0.001412756,0,0,0,0,0,0,0,0,0,0,0.001412756,0.000325241, 0.18 ,17563 - 17595,17563.25528,31.52405314,17594.77934,,0
5621 AND U   (AV),105,29,,,,,,,,,,,0,0,134,0.002431794,0,0,0,0,0,0,0,0,0,0,0.002431794,0.00055984, 0.18 ,17596 - 17651,17595.77934,54.98402589,17650.76336,,0
5622 AND V   (AV),45,23,,,,,,,,,,,0,1,69,0.001053777,0,0,0,0,0,0,0,0,0,0,0.001053777,0.000242597, 0.18 ,17652 - 17675,17651.76336,23.25974455,17675.02311,,0
5623 AND W   (AV),98,37,,,,,,,,,,,0,0,135,0.002269674,0,0,0,0,0,0,0,0,0,0,0.002269674,0.000522518, 0.18 ,17676 - 17727,17676.02311,51.2517575,17727.27487,,0
5624 AND X   (AV),47,28,,,,,,,,,,,0,1,76,0.001100097,0,0,0,0,0,0,0,0,0,0,0.001100097,0.000253261, 0.18 ,17728 - 17753,17728.27487,24.32610695,17752.60097,,0
5625 AND Y   (AV),55,27,,,,,,,,,,,1,2,85,0.001308537,0,0,0,0,0,0,0,0,0,0,0.001308537,0.000301247, 0.18 ,17754 - 17783,17753.60097,29.12473774,17782.72571,,0
5626 AND Z   (AV),86,34,,,,,,,,,,,0,0,120,0.001991755,0,0,0,0,0,0,0,0,0,0,0.001991755,0.000458536, 0.18 ,17784 - 17829,17783.72571,44.85358311,17828.57929,,0
5627 AND AA   (AV),82,34,,,,,,,,,,,0,0,116,0.001899115,0,0,0,0,0,0,0,0,0,0,0.001899115,0.000437209, 0.18 ,17830 - 17872,17829.57929,42.72085832,17872.30015,,0
5628 AND BB   (AV),42,19,,,,,,,,,,,0,0,61,0.000972718,0,0,0,0,0,0,0,0,0,0,0.000972718,0.000223936, 0.18 ,17873 - 17895,17873.30015,21.39361036,17894.69376,,0
5629 AND CC   (AV),54,30,,,,,,,,,,,0,1,85,0.001262217,0,0,0,0,0,0,0,0,0,0,0.001262217,0.000290584, 0.18 ,17896 - 17924,17895.69376,28.05837534,17923.75214,,0
5630 AND DD   (AV),65,30,,,,,,,,,,,1,2,98,0.001540136,0,0,0,0,0,0,0,0,0,0,0.001540136,0.000354565, 0.18 ,17925 - 17959,17924.75214,34.45654973,17959.20869,,0
5631 AND EE   (AV),63,31,,,,,,,,,,,0,0,94,0.001459076,0,0,0,0,0,0,0,0,0,0,0.001459076,0.000335904, 0.18 ,17960 - 17993,17960.20869,32.59041553,17992.7991,,0
5632 AND FF   (AV),131,51,,,,,,,,,,,0,0,182,0.003033952,0,0,0,0,0,0,0,0,0,0,0.003033952,0.000698467, 0.18 ,17994 - 18063,17993.7991,68.84673706,18062.64584,,0
5801 ARLN A   (AV),5,9,,,,,,,,,,,0,0,14,0.0001158,0,0,0,0,0,0,0,0,0,0,0.0001158,2.66591E-05, 0.18 ,18064 - 18065,18063.64584,1.665905995,18065.31175,,0
5901 COLE A   (AV),61,57,,,,,,,,,,,0,1,119,0.001424336,0,0,0,0,0,0,0,0,0,0,0.001424336,0.000327906, 0.18 ,18066 - 18098,18066.31175,31.79064374,18098.10239,,0
5902 COLE B   (AV),39,10,,,,,,,,,,,0,0,49,0.000903238,0,0,0,0,0,0,0,0,0,0,0.000903238,0.000207941, 0.18 ,18099 - 18119,18099.10239,19.79406676,18118.89646,,0
5903 COLE C   (AV),32,23,,,,,,,,,,,0,3,58,0.000775858,0,0,0,0,0,0,0,0,0,0,0.000775858,0.000178616, 0.18 ,18120 - 18137,18119.89646,16.86157017,18136.75803,,0
5904 COLE D   (AV),27,5,,,,,,,,,,,0,0,32,0.000625318,0,0,0,0,0,0,0,0,0,0,0.000625318,0.000143959, 0.18 ,18138 - 18151,18137.75803,13.39589237,18151.15392,,0
5905 COLE E   (AV),82,70,,,,,,,,,,,0,2,154,0.001922275,0,0,0,0,0,0,0,0,0,0,0.001922275,0.00044254, 0.18 ,18152 - 18195,18152.15392,43.25403951,18195.40796,,0
5906 COLE F   (AV),47,63,,,,,,,,,,,0,0,110,0.001088517,0,0,0,0,0,0,0,0,0,0,0.001088517,0.000250595, 0.18 ,18196 - 18220,18196.40796,24.05951635,18220.46747,,0
5907 COLE G   (AV),49,72,,,,,,,,,,,0,2,123,0.001157997,0,0,0,0,0,0,0,0,0,0,0.001157997,0.000266591, 0.18 ,18221 - 18247,18221.46747,25.65905995,18247.12653,,0
5908 COLE H   (AV),82,30,,,,,,,,,,,0,0,112,0.001899115,0,0,0,0,0,0,0,0,0,0,0.001899115,0.000437209, 0.18 ,18248 - 18291,18248.12653,42.72085832,18290.84739,,0
5909 COLE I   (AV),47,27,,,,,,,,,,,0,1,75,0.001100097,0,0,0,0,0,0,0,0,0,0,0.001100097,0.000253261, 0.18 ,18292 - 18316,18291.84739,24.32610695,18316.1735,,0
5910 COLE J   (AV),55,35,,,,,,,,,,,0,0,90,0.001273797,0,0,0,0,0,0,0,0,0,0,0.001273797,0.00029325, 0.18 ,18317 - 18345,18317.1735,28.32496594,18345.49847,,0
5911 COLE K   (AV),51,27,,,,,,,,,,,0,3,81,0.001215897,0,0,0,0,0,0,0,0,0,0,0.001215897,0.00027992, 0.18 ,18346 - 18373,18346.49847,26.99201295,18373.49048,,0
5912 COLE L   (AV),41,88,,,,,,,,,,,0,3,132,0.000984298,0,0,0,0,0,0,0,0,0,0,0.000984298,0.000226602, 0.18 ,18374 - 18396,18374.49048,21.66020096,18396.15068,,0
5913 COLE M   (AV),31,30,,,,,,,,,,,0,0,61,0.000717958,0,0,0,0,0,0,0,0,0,0,0.000717958,0.000165286, 0.18 ,18397 - 18413,18397.15068,15.52861717,18412.6793,,0
5914 COLE N   (AV),65,63,,,,,,,,,,,0,2,130,0.001528556,0,0,0,0,0,0,0,0,0,0,0.001528556,0.0003519, 0.18 ,18414 - 18448,18413.6793,34.18995913,18447.86926,,0
5915 COLE O   (AV),15,18,,,,,,,,,,,0,0,33,0.000347399,0,0,0,0,0,0,0,0,0,0,0.000347399,7.99772E-05, 0.18 ,18449 - 18456,18448.86926,6.997717984,18455.86697,,0
5916 COLE P   (AV),29,11,,,,,,,,,,,0,0,40,0.000671638,0,0,0,0,0,0,0,0,0,0,0.000671638,0.000154623, 0.18 ,18457 - 18471,18456.86697,14.46225477,18471.32923,,0
5917 COLE Q   (AV),69,81,,,,,,,,,,,0,2,152,0.001621196,0,0,0,0,0,0,0,0,0,0,0.001621196,0.000373227, 0.19 ,18472 - 18509,18472.32923,36.32268393,18508.65191,,0
5918 COLE R   (AV),49,28,,,,,,,,,,,0,0,77,0.001134837,0,0,0,0,0,0,0,0,0,0,0.001134837,0.000261259, 0.19 ,18510 - 18535,18509.65191,25.12587875,18534.77779,,0
5919 COLE S   (AV),41,34,,,,,,,,,,,0,1,76,0.000961138,0,0,0,0,0,0,0,0,0,0,0.000961138,0.00022127, 0.19 ,18536 - 18557,18535.77779,21.12701976,18556.90481,,0
5920 COLE T   (AV),48,10,,,,,,,,,,,0,0,58,0.001111677,0,0,0,0,0,0,0,0,0,0,0.001111677,0.000255927, 0.19 ,18558 - 18582,18557.90481,24.59269755,18582.49751,,0
5921 COLE U   (AV),54,16,,,,,,,,,,,0,0,70,0.001250637,0,0,0,0,0,0,0,0,0,0,0.001250637,0.000287918, 0.19 ,18583 - 18611,18583.49751,27.79178474,18611.28929,,0
5922 COLE V   (AV),34,16,,,,,,,,,,,0,0,50,0.000787438,0,0,0,0,0,0,0,0,0,0,0.000787438,0.000181282, 0.19 ,18612 - 18629,18612.28929,17.12816076,18629.41745,,0
5923 COLE W   (AV),14,5,,,,,,,,,,,0,0,19,0.000324239,0,0,0,0,0,0,0,0,0,0,0.000324239,7.46454E-05, 0.19 ,18630 - 18637,18630.41745,6.464536786,18636.88199,,0
5924 COLE X   (AV),38,14,,,,,,,,,,,0,1,53,0.000891658,0,0,0,0,0,0,0,0,0,0,0.000891658,0.000205275, 0.19 ,18638 - 18657,18637.88199,19.52747616,18657.40947,,0
5925 COLE Y   (AV),46,25,,,,,,,,,,,0,0,71,0.001065357,0,0,0,0,0,0,0,0,0,0,0.001065357,0.000245263, 0.19 ,18658 - 18682,18658.40947,23.52633515,18681.9358,,0
5926 COLE Z   (AV),32,6,,,,,,,,,,,0,1,39,0.000752698,0,0,0,0,0,0,0,0,0,0,0.000752698,0.000173284, 0.19 ,18683 - 18699,18682.9358,16.32838897,18699.26419,,0
5927 COLE AA   (AV),78,57,,,,,,,,,,,0,2,137,0.001829635,0,0,0,0,0,0,0,0,0,0,0.001829635,0.000421213, 0.19 ,18700 - 18741,18700.26419,41.12131472,18741.38551,,0
5928 COLE BB   (AV),55,58,,,,,,,,,,,0,2,115,0.001296957,0,0,0,0,0,0,0,0,0,0,0.001296957,0.000298581, 0.19 ,18742 - 18771,18742.38551,28.85814714,18771.24365,,0
5929 COLE CC   (AV),23,19,,,,,,,,,,,0,1,43,0.000544259,0,0,0,0,0,0,0,0,0,0,0.000544259,0.000125298, 0.19 ,18772 - 18784,18772.24365,11.52975818,18783.77341,,0
5930 COLE DD   (AV),44,12,,,,,,,,,,,0,0,56,0.001019037,0,0,0,0,0,0,0,0,0,0,0.001019037,0.0002346, 0.19 ,18785 - 18807,18784.77341,22.45997275,18807.23338,,0
5931 COLE EE   (AV),54,27,,,,,,,,,,,0,1,82,0.001262217,0,0,0,0,0,0,0,0,0,0,0.001262217,0.000290584, 0.19 ,18808 - 18836,18808.23338,28.05837534,18836.29176,,0
5932 COLE FF   (AV),15,11,,,,,,,,,,,0,0,26,0.000347399,0,0,0,0,0,0,0,0,0,0,0.000347399,7.99772E-05, 0.19 ,18837 - 18844,18837.29176,6.997717984,18844.28948,,0
5933 COLE GG   (AV),40,20,,,,,,,,,,,0,0,60,0.000926398,0,0,0,0,0,0,0,0,0,0,0.000926398,0.000213272, 0.19 ,18845 - 18866,18845.28948,20.32724796,18865.61673,,0
5934 COLE HH   (AV),37,16,,,,,,,,,,,0,0,53,0.000856918,0,0,0,0,0,0,0,0,0,0,0.000856918,0.000197277, 0.19 ,18867 - 18885,18866.61673,18.72770436,18885.34443,,0
5935 COLE II   (AV),14,12,,,,,,,,,,,0,0,26,0.000324239,0,0,0,0,0,0,0,0,0,0,0.000324239,7.46454E-05, 0.19 ,18886 - 18893,18886.34443,6.464536786,18892.80897,,0
5936 COLE JJ   (AV),47,23,,,,,,,,,,,0,0,70,0.001088517,0,0,0,0,0,0,0,0,0,0,0.001088517,0.000250595, 0.19 ,18894 - 18918,18893.80897,24.05951635,18917.86848,,0
5937 COLE KK   (AV),91,21,,,,,,,,,,,0,0,112,0.002107555,0,0,0,0,0,0,0,0,0,0,0.002107555,0.000485195, 0.19 ,18919 - 18966,18918.86848,47.51948911,18966.38797,,0
5938 COLE LL   (AV),22,11,,,,,,,,,,,0,0,33,0.000509519,0,0,0,0,0,0,0,0,0,0,0.000509519,0.0001173, 0.19 ,18967 - 18978,18967.38797,10.72998638,18978.11796,,0
6201 COLUM A   (AV),22,5,,,,,,,,,,,0,0,27,0.000509519,0,0,0,0,0,0,0,0,0,0,0.000509519,0.0001173, 0.19 ,18979 - 18990,18979.11796,10.72998638,18989.84794,,0
6202 COLUM B   (AV),53,9,,,,,,,,,,,0,0,62,0.001227477,0,0,0,0,0,0,0,0,0,0,0.001227477,0.000282586, 0.19 ,18991 - 19018,18990.84794,27.25860355,19018.10655,,0
6203 COLUM C   (AV),80,17,,,,,,,,,,,0,0,97,0.001852795,0,0,0,0,0,0,0,0,0,0,0.001852795,0.000426545, 0.19 ,19019 - 19061,19019.10655,41.65449592,19060.76104,,0
6204 COLUM D   (AV),57,6,,,,,,,,,,,0,0,63,0.001320117,0,0,0,0,0,0,0,0,0,0,0.001320117,0.000303913, 0.19 ,19062 - 19091,19061.76104,29.39132834,19091.15237,,0
6205 COLUM E   (AV),43,23,,,,,,,,,,,0,0,66,0.000995878,0,0,0,0,0,0,0,0,0,0,0.000995878,0.000229268, 0.19 ,19092 - 19114,19092.15237,21.92679156,19114.07916,,0
6206 COLUM F   (AV),68,20,,,,,,,,,,,0,0,88,0.001574876,0,0,0,0,0,0,0,0,0,0,0.001574876,0.000362563, 0.19 ,19115 - 19150,19115.07916,35.25632153,19150.33549,,0
6207 COLUM G   (AV),93,21,,,,,,,,,,,0,1,115,0.002165455,0,0,0,0,0,0,0,0,0,0,0.002165455,0.000498524, 0.19 ,19151 - 19200,19151.33549,48.8524421,19200.18793,,0
6208 COLUM H   (AV),0,0,,,,,,,,,,,0,0,0,0,0,0,0,0,0,0,0,0,0,0,0,0, 0.19 ,Zero,19201.18793,-1,19200.18793,,0
6209 COLUM I   (AV),7,3,,,,,,,,,,,0,0,10,0.00016212,0,0,0,0,0,0,0,0,0,0,0.00016212,3.73227E-05, 0.19 ,19201 - 19204,19201.18793,2.732268393,19203.9202,,0
6401 CROSB A   (AV),41,43,,,,,,,,,,,0,0,84,0.000949558,0,0,0,0,0,0,0,0,0,0,0.000949558,0.000218604, 0.19 ,19205 - 19226,19204.9202,20.86042916,19225.78063,,0
6402 CROSB B   (AV),37,52,,,,,,,,,,,0,0,89,0.000856918,0,0,0,0,0,0,0,0,0,0,0.000856918,0.000197277, 0.19 ,19227 - 19246,19226.78063,18.72770436,19245.50833,,0
6501 DELHI A   (AV),27,18,,,,,,,,,,,0,0,45,0.000625318,0,0,0,0,0,0,0,0,0,0,0.000625318,0.000143959, 0.19 ,19247 - 19260,19246.50833,13.39589237,19259.90422,,0
6502 DELHI B   (AV),26,28,,,,,,,,,,,0,0,54,0.000602159,0,0,0,0,0,0,0,0,0,0,0.000602159,0.000138627, 0.19 ,19261 - 19274,19260.90422,12.86271117,19273.76693,,0
6503 DELHI C   (AV),37,40,,,,,,,,,,,0,0,77,0.000856918,0,0,0,0,0,0,0,0,0,0,0.000856918,0.000197277, 0.19 ,19275 - 19293,19274.76693,18.72770436,19293.49464,,0
6504 DELHI D   (AV),33,28,,,,,,,,,,,0,0,61,0.000764278,0,0,0,0,0,0,0,0,0,0,0.000764278,0.00017595, 0.19 ,19294 - 19311,19294.49464,16.59497957,19311.08962,,0
6505 DELHI E   (AV),22,33,,,,,,,,,,,0,0,55,0.000509519,0,0,0,0,0,0,0,0,0,0,0.000509519,0.0001173, 0.19 ,19312 - 19323,19312.08962,10.72998638,19322.8196,,0
6506 DELHI F   (AV),49,23,,,,,,,,,,,0,1,73,0.001146417,0,0,0,0,0,0,0,0,0,0,0.001146417,0.000263925, 0.19 ,19324 - 19349,19323.8196,25.39246935,19349.21207,,0
6507 DELHI G   (AV),33,43,,,,,,,,,,,0,1,77,0.000775858,0,0,0,0,0,0,0,0,0,0,0.000775858,0.000178616, 0.19 ,19350 - 19367,19350.21207,16.86157017,19367.07364,,0
6508 DELHI H   (AV),52,35,,,,,,,,,,,0,1,88,0.001215897,0,0,0,0,0,0,0,0,0,0,0.001215897,0.00027992, 0.19 ,19368 - 19395,19368.07364,26.99201295,19395.06566,,0
6509 DELHI I   (AV),32,17,,,,,,,,,,,0,0,49,0.000741118,0,0,0,0,0,0,0,0,0,0,0.000741118,0.000170618, 0.19 ,19396 - 19412,19396.06566,16.06179837,19412.12745,,0
6510 DELHI J   (AV),27,30,,,,,,,,,,,0,0,57,0.000625318,0,0,0,0,0,0,0,0,0,0,0.000625318,0.000143959, 0.19 ,19413 - 19427,19413.12745,13.39589237,19426.52335,,0
6511 DELHI K   (AV),33,27,,,,,,,,,,,0,1,61,0.000775858,0,0,0,0,0,0,0,0,0,0,0.000775858,0.000178616, 0.19 ,19428 - 19444,19427.52335,16.86157017,19444.38492,,0
6512 DELHI L   (AV),41,34,,,,,,,,,,,0,1,76,0.000961138,0,0,0,0,0,0,0,0,0,0,0.000961138,0.00022127, 0.19 ,19445 - 19467,19445.38492,21.12701976,19466.51194,,0
6513 DELHI M   (AV),35,29,,,,,,,,,,,0,3,67,0.000845338,0,0,0,0,0,0,0,0,0,0,0.000845338,0.000194611, 0.19 ,19468 - 19486,19467.51194,18.46111376,19485.97305,,0
6514 DELHI N   (AV),17,6,,,,,,,,,,,0,0,23,0.000393719,0,0,0,0,0,0,0,0,0,0,0.000393719,9.06408E-05, 0.19 ,19487 - 19495,19486.97305,8.064080382,19495.03713,,0
6515 DELHI O   (AV),34,31,,,,,,,,,,,0,2,67,0.000810598,0,0,0,0,0,0,0,0,0,0,0.000810598,0.000186613, 0.20 ,19496 - 19514,19496.03713,17.66134196,19513.69847,,0
6516 DELHI P   (AV),33,20,,,,,,,,,,,0,1,54,0.000775858,0,0,0,0,0,0,0,0,0,0,0.000775858,0.000178616, 0.20 ,19515 - 19532,19514.69847,16.86157017,19531.56004,,0
6517 DELHI Q   (AV),33,48,,,,,,,,,,,0,0,81,0.000764278,0,0,0,0,0,0,0,0,0,0,0.000764278,0.00017595, 0.20 ,19533 - 19549,19532.56004,16.59497957,19549.15502,,0
6518 DELHI R   (AV),53,78,,,,,,,,,,,0,4,135,0.001273797,0,0,0,0,0,0,0,0,0,0,0.001273797,0.00029325, 0.20 ,19550 - 19578,19550.15502,28.32496594,19578.47999,,0
6519 DELHI S   (AV),47,42,,,,,,,,,,,0,1,90,0.001100097,0,0,0,0,0,0,0,0,0,0,0.001100097,0.000253261, 0.20 ,19579 - 19604,19579.47999,24.32610695,19603.8061,,0
6701 ELMW A   (AV),22,12,,,,,,,,,,,0,0,34,0.000509519,0,0,0,0,0,0,0,0,0,0,0.000509519,0.0001173, 0.20 ,19605 - 19616,19604.8061,10.72998638,19615.53608,,0
6801 EVEN A   (AV),118,33,,,,,,,,,,,0,2,153,0.002756033,0,0,0,0,0,0,0,0,0,0,0.002756033,0.000634486, 0.20 ,19617 - 19679,19616.53608,62.44856268,19678.98464,,0
6802 EVEN B   (AV),53,34,,,,,,,,,,,0,1,88,0.001239057,0,0,0,0,0,0,0,0,0,0,0.001239057,0.000285252, 0.20 ,19680 - 19708,19679.98464,27.52519414,19707.50984,,0
6803 EVEN C   (AV),17,9,,,,,,,,,,,0,0,26,0.000393719,0,0,0,0,0,0,0,0,0,0,0.000393719,9.06408E-05, 0.20 ,19709 - 19717,19708.50984,8.064080382,19716.57392,,0
6901 FAIRFX A   (AV),72,11,,,,,,,,,,,0,0,83,0.001667516,0,0,0,0,0,0,0,0,0,0,0.001667516,0.00038389, 0.20 ,19718 - 19755,19717.57392,37.38904633,19754.96297,,0
7001 GLEN A   (AV),89,33,,,,,,,,,,,0,2,124,0.002084395,0,0,0,0,0,0,0,0,0,0,0.002084395,0.000479863, 0.20 ,19756 - 19803,19755.96297,46.98630791,19802.94927,,0
7002 GLEN B   (AV),86,41,,,,,,,,,,,0,0,127,0.001991755,0,0,0,0,0,0,0,0,0,0,0.001991755,0.000458536, 0.20 ,19804 - 19849,19803.94927,44.85358311,19848.80286,,0
7101 GOLF A   (AV),145,38,,,,,,,,,,,0,1,184,0.003369772,0,0,0,0,0,0,0,0,0,0,0.003369772,0.000775779, 0.20 ,19850 - 19926,19849.80286,76.57786445,19926.38072,,0
7102 GOLF B   (AV),133,12,,,,,,,,,,,0,1,146,0.003091852,0,0,0,0,0,0,0,0,0,0,0.003091852,0.000711797, 0.20 ,19927 - 19998,19927.38072,70.17969006,19997.56041,,0
7301 GREEN A   (AV),64,37,,,,,,,,,,,0,2,103,0.001505396,0,0,0,0,0,0,0,0,0,0,0.001505396,0.000346568, 0.20 ,19999 - 20032,19998.56041,33.65677793,20032.21719,,0
7302 GREEN B   (AV),62,37,,,,,,,,,,,0,1,100,0.001447496,0,0,0,0,0,0,0,0,0,0,0.001447496,0.000333238, 0.20 ,20033 - 20066,20033.21719,32.32382494,20065.54101,,0
7303 GREEN C   (AV),77,25,,,,,,,,,,,0,1,103,0.001794896,0,0,0,0,0,0,0,0,0,0,0.001794896,0.000413215, 0.20 ,20067 - 20107,20066.54101,40.32154292,20106.86256,,0
7304 GREEN D   (AV),45,59,,,,,,,,,,,0,1,105,0.001053777,0,0,0,0,0,0,0,0,0,0,0.001053777,0.000242597, 0.20 ,20108 - 20131,20107.86256,23.25974455,20131.1223,,0
7305 GREEN E   (AV),78,79,,,,,,,,,,,0,2,159,0.001829635,0,0,0,0,0,0,0,0,0,0,0.001829635,0.000421213, 0.20 ,20132 - 20173,20132.1223,41.12131472,20173.24362,,0
7306 GREEN F   (AV),39,48,,,,,,,,,,,0,2,89,0.000926398,0,0,0,0,0,0,0,0,0,0,0.000926398,0.000213272, 0.20 ,20174 - 20195,20174.24362,20.32724796,20194.57086,,0
7307 GREEN G   (AV),28,35,,,,,,,,,,,0,0,63,0.000648478,0,0,0,0,0,0,0,0,0,0,0.000648478,0.000149291, 0.20 ,20196 - 20209,20195.57086,13.92907357,20209.49994,,0
7308 GREEN H   (AV),59,23,,,,,,,,,,,0,0,82,0.001366437,0,0,0,0,0,0,0,0,0,0,0.001366437,0.000314577, 0.20 ,20210 - 20241,20210.49994,30.45769074,20240.95763,,0
7309 GREEN I   (AV),48,32,,,,,,,,,,,0,3,83,0.001146417,0,0,0,0,0,0,0,0,0,0,0.001146417,0.000263925, 0.20 ,20242 - 20267,20241.95763,25.39246935,20267.3501,,0
7310 GREEN J   (AV),42,42,,,,,,,,,,,0,1,85,0.000984298,0,0,0,0,0,0,0,0,0,0,0.000984298,0.000226602, 0.20 ,20268 - 20290,20268.3501,21.66020096,20290.0103,,0
7311 GREEN K   (AV),57,93,,,,,,,,,,,0,1,151,0.001331697,0,0,0,0,0,0,0,0,0,0,0.001331697,0.000306579, 0.20 ,20291 - 20321,20291.0103,29.65791894,20320.66822,,0
7312 GREEN L   (AV),61,52,,,,,,,,,,,0,0,113,0.001412756,0,0,0,0,0,0,0,0,0,0,0.001412756,0.000325241, 0.20 ,20322 - 20353,20321.66822,31.52405314,20353.19227,,0
7313 GREEN M   (AV),25,34,,,,,,,,,,,0,0,59,0.000578999,0,0,0,0,0,0,0,0,0,0,0.000578999,0.000133295, 0.20 ,20354 - 20367,20354.19227,12.32952997,20366.5218,,0
7314 GREEN N   (AV),36,40,,,,,,,,,,,0,0,76,0.000833758,0,0,0,0,0,0,0,0,0,0,0.000833758,0.000191945, 0.20 ,20368 - 20386,20367.5218,18.19452316,20385.71632,,0
7315 GREEN O   (AV),77,24,,,,,,,,,,,0,1,102,0.001794896,0,0,0,0,0,0,0,0,0,0,0.001794896,0.000413215, 0.20 ,20387 - 20427,20386.71632,40.32154292,20427.03787,,0
7316 GREEN P   (AV),45,52,,,,,,,,,,,0,0,97,0.001042197,0,0,0,0,0,0,0,0,0,0,0.001042197,0.000239932, 0.20 ,20428 - 20451,20428.03787,22.99315395,20451.03102,,0
7317 GREEN Q   (AV),46,58,,,,,,,,,,,0,1,105,0.001076937,0,0,0,0,0,0,0,0,0,0,0.001076937,0.000247929, 0.20 ,20452 - 20476,20452.03102,23.79292575,20475.82395,,0
7318 GREEN R   (AV),24,30,,,,,,,,,,,0,0,54,0.000555839,0,0,0,0,0,0,0,0,0,0,0.000555839,0.000127963, 0.20 ,20477 - 20489,20476.82395,11.79634878,20488.6203,,0
7319 GREEN S   (AV),39,35,,,,,,,,,,,0,0,74,0.000903238,0,0,0,0,0,0,0,0,0,0,0.000903238,0.000207941, 0.21 ,20490 - 20509,20489.6203,19.79406676,20509.41436,,0
7320 GREEN T   (AV),18,19,,,,,,,,,,,0,0,37,0.000416879,0,0,0,0,0,0,0,0,0,0,0.000416879,9.59726E-05, 0.21 ,20510 - 20519,20510.41436,8.597261581,20519.01162,,0
7321 GREEN U   (AV),27,26,,,,,,,,,,,0,0,53,0.000625318,0,0,0,0,0,0,0,0,0,0,0.000625318,0.000143959, 0.21 ,20520 - 20533,20520.01162,13.39589237,20533.40752,,0
7322 GREEN V   (AV),28,35,,,,,,,,,,,0,2,65,0.000671638,0,0,0,0,0,0,0,0,0,0,0.000671638,0.000154623, 0.21 ,20534 - 20549,20534.40752,14.46225477,20548.86977,,0
7323 GREEN W   (AV),48,58,,,,,,,,,,,0,0,106,0.001111677,0,0,0,0,0,0,0,0,0,0,0.001111677,0.000255927, 0.21 ,20550 - 20574,20549.86977,24.59269755,20574.46247,,0
7324 GREEN X   (AV),71,68,,,,,,,,,,,0,2,141,0.001667516,0,0,0,0,0,0,0,0,0,0,0.001667516,0.00038389, 0.21 ,20575 - 20613,20575.46247,37.38904633,20612.85151,,0
7325 GREEN Y   (AV),34,42,,,,,,,,,,,0,0,76,0.000787438,0,0,0,0,0,0,0,0,0,0,0.000787438,0.000181282, 0.21 ,20614 - 20631,20613.85151,17.12816076,20630.97968,,0
7326 GREEN Z   (AV),76,46,,,,,,,,,,,0,0,122,0.001760156,0,0,0,0,0,0,0,0,0,0,0.001760156,0.000405218, 0.21 ,20632 - 20672,20631.97968,39.52177112,20671.50145,,0
7327 GREEN AA   (AV),38,62,,,,,,,,,,,0,2,102,0.000903238,0,0,0,0,0,0,0,0,0,0,0.000903238,0.000207941, 0.21 ,20673 - 20692,20672.50145,19.79406676,20692.29551,,0
7328 GREEN BB   (AV),49,27,,,,,,,,,,,0,0,76,0.001134837,0,0,0,0,0,0,0,0,0,0,0.001134837,0.000261259, 0.21 ,20693 - 20718,20693.29551,25.12587875,20718.42139,,0
7329 GREEN CC   (AV),37,46,,,,,,,,,,,0,2,85,0.000880078,0,0,0,0,0,0,0,0,0,0,0.000880078,0.000202609, 0.21 ,20719 - 20739,20719.42139,19.26088556,20738.68228,,0
7330 GREEN DD   (AV),65,80,,,,,,,,,,,0,3,148,0.001540136,0,0,0,0,0,0,0,0,0,0,0.001540136,0.000354565, 0.21 ,20740 - 20774,20739.68228,34.45654973,20774.13883,,0
7331 GREEN EE   (AV),48,44,,,,,,,,,,,1,0,93,0.001123257,0,0,0,0,0,0,0,0,0,0,0.001123257,0.000258593, 0.21 ,20775 - 20800,20775.13883,24.85928815,20799.99812,,0
7332 GREEN FF   (AV),52,42,,,,,,,,,,,0,0,94,0.001204317,0,0,0,0,0,0,0,0,0,0,0.001204317,0.000277254, 0.21 ,20801 - 20828,20800.99812,26.72542235,20827.72354,,0
7333 GREEN GG   (AV),57,49,,,,,,,,,,,0,1,107,0.001331697,0,0,0,0,0,0,0,0,0,0,0.001331697,0.000306579, 0.21 ,20829 - 20858,20828.72354,29.65791894,20858.38146,,0
7334 GREEN HH   (AV),47,50,,,,,,,,,,,0,0,97,0.001088517,0,0,0,0,0,0,0,0,0,0,0.001088517,0.000250595, 0.21 ,20859 - 20883,20859.38146,24.05951635,20883.44097,,0
7335 GREEN II   (AV),30,13,,,,,,,,,,,0,0,43,0.000694798,0,0,0,0,0,0,0,0,0,0,0.000694798,0.000159954, 0.21 ,20884 - 20899,20884.44097,14.99543597,20899.43641,,0
7336 GREEN JJ   (AV),55,46,,,,,,,,,,,0,0,101,0.001273797,0,0,0,0,0,0,0,0,0,0,0.001273797,0.00029325, 0.21 ,20900 - 20929,20900.43641,28.32496594,20928.76137,,0
7337 GREEN KK   (AV),38,30,,,,,,,,,,,0,1,69,0.000891658,0,0,0,0,0,0,0,0,0,0,0.000891658,0.000205275, 0.21 ,20930 - 20949,20929.76137,19.52747616,20949.28885,,0
7338 GREEN LL   (AV),35,49,,,,,,,,,,,0,0,84,0.000810598,0,0,0,0,0,0,0,0,0,0,0.000810598,0.000186613, 0.21 ,20950 - 20968,20950.28885,17.66134196,20967.95019,,0
7339 GREEN MM   (AV),24,42,,,,,,,,,,,1,0,67,0.000567419,0,0,0,0,0,0,0,0,0,0,0.000567419,0.000130629, 0.21 ,20969 - 20981,20968.95019,12.06293937,20981.01313,,0
7340 GREEN NN   (AV),15,17,,,,,,,,,,,0,0,32,0.000347399,0,0,0,0,0,0,0,0,0,0,0.000347399,7.99772E-05, 0.21 ,20982 - 20989,20982.01313,6.997717984,20989.01085,,0
7341 GREEN OO   (AV),9,30,,,,,,,,,,,0,0,39,0.000208439,0,0,0,0,0,0,0,0,0,0,0.000208439,4.79863E-05, 0.21 ,20990 - 20994,20990.01085,3.798630791,20993.80948,,0
7342 GREEN PP   (AV),49,60,,,,,,,,,,,0,4,113,0.001181157,0,0,0,0,0,0,0,0,0,0,0.001181157,0.000271922, 0.21 ,20995 - 21021,20994.80948,26.19224115,21021.00172,,0
7343 GREEN QQ   (AV),55,60,,,,,,,,,,,0,2,117,0.001296957,0,0,0,0,0,0,0,0,0,0,0.001296957,0.000298581, 0.21 ,21022 - 21051,21022.00172,28.85814714,21050.85987,,0
7401 GR HL A   (AV),30,16,,,,,,,,,,,0,1,47,0.000706378,0,0,0,0,0,0,0,0,0,0,0.000706378,0.00016262, 0.21 ,21052 - 21067,21051.85987,15.26202657,21067.1219,,0
7402 GR HL B   (AV),53,28,,,,,,,,,,,0,2,83,0.001250637,0,0,0,0,0,0,0,0,0,0,0.001250637,0.000287918, 0.21 ,21068 - 21096,21068.1219,27.79178474,21095.91368,,0
7403 GR HL C   (AV),34,25,,,,,,,,,,,0,0,59,0.000787438,0,0,0,0,0,0,0,0,0,0,0.000787438,0.000181282, 0.21 ,21097 - 21114,21096.91368,17.12816076,21114.04184,,0
7601 HARR AA   (AV),22,33,,,,,,,,,,,0,1,56,0.000521099,0,0,0,0,0,0,0,0,0,0,0.000521099,0.000119966, 0.21 ,21115 - 21126,21115.04184,10.99657698,21126.03842,,0
7602 HARR BB   (AV),30,35,,,,,,,,,,,0,0,65,0.000694798,0,0,0,0,0,0,0,0,0,0,0.000694798,0.000159954, 0.21 ,21127 - 21142,21127.03842,14.99543597,21142.03385,,0
7603 HARR CC   (AV),25,20,,,,,,,,,,,0,0,45,0.000578999,0,0,0,0,0,0,0,0,0,0,0.000578999,0.000133295, 0.21 ,21143 - 21155,21143.03385,12.32952997,21155.36338,,0
7701 LIN HT A   (AV),75,4,,,,,,,,,,,0,2,81,0.001760156,0,0,0,0,0,0,0,0,0,0,0.001760156,0.000405218, 0.21 ,21156 - 21196,21156.36338,39.52177112,21195.88516,,0
7702 LIN HT B   (AV),24,4,,,,,,,,,,,0,0,28,0.000555839,0,0,0,0,0,0,0,0,0,0,0.000555839,0.000127963, 0.21 ,21197 - 21209,21196.88516,11.79634878,21208.6815,,0
7901 LOCK A   (AV),21,5,,,,,,,,,,,0,0,26,0.000486359,0,0,0,0,0,0,0,0,0,0,0.000486359,0.000111968, 0.21 ,21210 - 21220,21209.6815,10.19680518,21219.87831,,0
7902 LOCK B   (AV),32,20,,,,,,,,,,,0,0,52,0.000741118,0,0,0,0,0,0,0,0,0,0,0.000741118,0.000170618, 0.21 ,21221 - 21237,21220.87831,16.06179837,21236.94011,,0
8001 MARMT A   (AV),147,36,,,,,,,,,,,0,1,184,0.003416092,0,0,0,0,0,0,0,0,0,0,0.003416092,0.000786442, 0.21 ,21238 - 21316,21237.94011,77.64422685,21315.58433,,0
8002 MARMT B   (AV),154,48,,,,,,,,,,,0,1,203,0.003578211,0,0,0,0,0,0,0,0,0,0,0.003578211,0.000823765, 0.21 ,21317 - 21398,21316.58433,81.37649524,21397.96083,,0
8211 ADDY A   (AV),6,4,,,,,,,,,,,0,1,11,0.00015054,0,0,0,0,0,0,0,0,0,0,0.00015054,3.46568E-05, 0.21 ,21399 - 21401,21398.96083,2.465677793,21401.42651,,0
8221 CLEVE A   (AV),15,6,,,,,,,,,,,0,0,21,0.000347399,0,0,0,0,0,0,0,0,0,0,0.000347399,7.99772E-05, 0.21 ,21402 - 21409,21402.42651,6.997717984,21409.42423,,0
8222 CLEVE B   (AV),40,55,,,,,,,,,,,0,1,96,0.000937978,0,0,0,0,0,0,0,0,0,0,0.000937978,0.000215938, 0.21 ,21410 - 21431,21410.42423,20.59383856,21431.01806,,0
8231 NO BEND A   (AV),18,37,,,,,,,,,,,1,0,56,0.000428459,0,0,0,0,0,0,0,0,0,0,0.000428459,9.86385E-05, 0.21 ,21432 - 21441,21432.01806,8.863852181,21440.88192,,0
8301 MIAMI A   (AV),49,46,,,,,,,,,,,0,1,96,0.001146417,0,0,0,0,0,0,0,0,0,0,0.001146417,0.000263925, 0.21 ,21442 - 21467,21441.88192,25.39246935,21467.27439,,0
8302 MIAMI B   (AV),56,98,,,,,,,,,,,0,0,154,0.001296957,0,0,0,0,0,0,0,0,0,0,0.001296957,0.000298581, 0.21 ,21468 - 21497,21468.27439,28.85814714,21497.13253,,0
8303 MIAMI C   (AV),38,64,,,,,,,,,,,0,1,103,0.000891658,0,0,0,0,0,0,0,0,0,0,0.000891658,0.000205275, 0.22 ,21498 - 21518,21498.13253,19.52747616,21517.66001,,0
8304 MIAMI D   (AV),47,75,,,,,,,,,,,0,0,122,0.001088517,0,0,0,0,0,0,0,0,0,0,0.001088517,0.000250595, 0.22 ,21519 - 21543,21518.66001,24.05951635,21542.71953,,0
8305 MIAMI E   (AV),28,40,,,,,,,,,,,0,3,71,0.000683218,0,0,0,0,0,0,0,0,0,0,0.000683218,0.000157288, 0.22 ,21544 - 21558,21543.71953,14.72884537,21558.44837,,0
8306 MIAMI F   (AV),13,22,,,,,,,,,,,0,0,35,0.000301079,0,0,0,0,0,0,0,0,0,0,0.000301079,6.93136E-05, 0.22 ,21559 - 21565,21559.44837,5.931355587,21565.37973,,0
8307 MIAMI G   (AV),61,66,,,,,,,,,,,0,1,128,0.001424336,0,0,0,0,0,0,0,0,0,0,0.001424336,0.000327906, 0.22 ,21566 - 21598,21566.37973,31.79064374,21598.17037,,0
8308 MIAMI H   (AV),16,10,,,,,,,,,,,0,2,28,0.000393719,0,0,0,0,0,0,0,0,0,0,0.000393719,9.06408E-05, 0.22 ,21599 - 21607,21599.17037,8.064080382,21607.23445,,0
8401 NEWT A   (AV),32,22,,,,,,,,,,,0,0,54,0.000741118,0,0,0,0,0,0,0,0,0,0,0.000741118,0.000170618, 0.22 ,21608 - 21624,21608.23445,16.06179837,21624.29625,,0
8402 NEWT B   (AV),88,41,,,,,,,,,,,0,2,131,0.002061235,0,0,0,0,0,0,0,0,0,0,0.002061235,0.000474531, 0.22 ,21625 - 21672,21625.29625,46.45312671,21671.74938,,0
8511 ST BN 1-A   (AV),27,21,,,,,,,,,,,0,0,48,0.000625318,0,0,0,0,0,0,0,0,0,0,0.000625318,0.000143959, 0.22 ,21673 - 21686,21672.74938,13.39589237,21686.14527,,0
8521 ST BN 2-A   (AV),54,49,,,,,,,,,,,0,1,104,0.001262217,0,0,0,0,0,0,0,0,0,0,0.001262217,0.000290584, 0.22 ,21687 - 21715,21687.14527,28.05837534,21715.20364,,0
8531 ST BN 3-A   (AV),64,24,,,,,,,,,,,0,1,89,0.001493816,0,0,0,0,0,0,0,0,0,0,0.001493816,0.000343902, 0.22 ,21716 - 21750,21716.20364,33.39018733,21749.59383,,0
8541 ST BN 4-A   (AV),45,18,,,,,,,,,,,0,2,65,0.001065357,0,0,0,0,0,0,0,0,0,0,0.001065357,0.000245263, 0.22 ,21751 - 21774,21750.59383,23.52633515,21774.12017,,0
8601 SILVT A   (AV),132,31,,,,,,,,,,,1,0,164,0.003068692,0,0,0,0,0,0,0,0,0,0,0.003068692,0.000706465, 0.22 ,21775 - 21845,21775.12017,69.64650886,21844.76667,,0
8602 SILVT B   (AV),173,21,,,,,,,,,,,0,0,194,0.00400667,0,0,0,0,0,0,0,0,0,0,0.00400667,0.000922403, 0.22 ,21846 - 21937,21845.76667,91.24034742,21937.00702,,0
8603 SILVT C   (AV),137,32,,,,,,,,,,,0,0,169,0.003172912,0,0,0,0,0,0,0,0,0,0,0.003172912,0.000730458, 0.22 ,21938 - 22010,21938.00702,72.04582426,22010.05285,,0
8701 SPFLD A   (AV),40,8,,,,,,,,,,,0,0,48,0.000926398,0,0,0,0,0,0,0,0,0,0,0.000926398,0.000213272, 0.22 ,22011 - 22031,22011.05285,20.32724796,22031.38009,,0
8702 SPFLD B   (AV),37,8,,,,,,,,,,,0,0,45,0.000856918,0,0,0,0,0,0,0,0,0,0,0.000856918,0.000197277, 0.22 ,22032 - 22051,22032.38009,18.72770436,22051.1078,,0
8703 SPFLD C   (AV),110,24,,,,,,,,,,,0,0,134,0.002547594,0,0,0,0,0,0,0,0,0,0,0.002547594,0.000586499, 0.22 ,22052 - 22110,22052.1078,57.64993189,22109.75773,,0
8704 SPFLD D   (AV),39,16,,,,,,,,,,,0,0,55,0.000903238,0,0,0,0,0,0,0,0,0,0,0.000903238,0.000207941, 0.22 ,22111 - 22131,22110.75773,19.79406676,22130.5518,,0
8705 SPFLD E   (AV),47,10,,,,,,,,,,,0,0,57,0.001088517,0,0,0,0,0,0,0,0,0,0,0.001088517,0.000250595, 0.22 ,22132 - 22156,22131.5518,24.05951635,22155.61131,,0
8706 SPFLD F   (AV),52,23,,,,,,,,,,,0,0,75,0.001204317,0,0,0,0,0,0,0,0,0,0,0.001204317,0.000277254, 0.22 ,22157 - 22183,22156.61131,26.72542235,22183.33674,,0
8707 SPFLD G   (AV),111,30,,,,,,,,,,,0,1,142,0.002582334,0,0,0,0,0,0,0,0,0,0,0.002582334,0.000594497, 0.22 ,22184 - 22243,22184.33674,58.44970368,22242.78644,,0
8708 SPFLD H   (AV),112,62,,,,,,,,,,,0,0,174,0.002593914,0,0,0,0,0,0,0,0,0,0,0.002593914,0.000597163, 0.22 ,22244 - 22303,22243.78644,58.71629428,22302.50273,,0
8709 SPFLD I   (AV),19,7,,,,,,,,,,,0,0,26,0.000440039,0,0,0,0,0,0,0,0,0,0,0.000440039,0.000101304, 0.22 ,22304 - 22313,22303.50273,9.13044278,22312.63318,,0
8710 SPFLD J   (AV),66,12,,,,,,,,,,,0,1,79,0.001540136,0,0,0,0,0,0,0,0,0,0,0.001540136,0.000354565, 0.22 ,22314 - 22348,22313.63318,34.45654973,22348.08973,,0
8711 SPFLD K   (AV),52,11,,,,,,,,,,,0,4,67,0.001250637,0,0,0,0,0,0,0,0,0,0,0.001250637,0.000287918, 0.22 ,22349 - 22377,22349.08973,27.79178474,22376.88151,,0
8712 SPFLD L   (AV),21,2,,,,,,,,,,,0,0,23,0.000486359,0,0,0,0,0,0,0,0,0,0,0.000486359,0.000111968, 0.22 ,22378 - 22388,22377.88151,10.19680518,22388.07832,,0
8713 SPFLD M   (AV),70,23,,,,,,,,,,,0,1,94,0.001632776,0,0,0,0,0,0,0,0,0,0,0.001632776,0.000375893, 0.22 ,22389 - 22426,22389.07832,36.58927453,22425.66759,,0
8714 SPFLD N   (AV),104,38,,,,,,,,,,,0,1,143,0.002420214,0,0,0,0,0,0,0,0,0,0,0.002420214,0.000557174, 0.22 ,22427 - 22481,22426.66759,54.71743529,22481.38503,,0
8715 SPFLD O   (AV),50,28,,,,,,,,,,,0,1,79,0.001169577,0,0,0,0,0,0,0,0,0,0,0.001169577,0.000269257, 0.23 ,22482 - 22508,22482.38503,25.92565055,22508.31068,,0
8716 SPFLD P   (AV),70,26,,,,,,,,,,,0,1,97,0.001632776,0,0,0,0,0,0,0,0,0,0,0.001632776,0.000375893, 0.23 ,22509 - 22546,22509.31068,36.58927453,22545.89995,,0
8717 SPFLD Q   (AV),53,20,,,,,,,,,,,0,2,75,0.001250637,0,0,0,0,0,0,0,0,0,0,0.001250637,0.000287918, 0.23 ,22547 - 22575,22546.89995,27.79178474,22574.69174,,0
8718 SPFLD R   (AV),95,23,,,,,,,,,,,0,2,120,0.002223354,0,0,0,0,0,0,0,0,0,0,0.002223354,0.000511854, 0.23 ,22576 - 22626,22575.69174,50.1853951,22625.87713,,0
8719 SPFLD S   (AV),158,51,,,,,,,,,,,0,1,210,0.003670851,0,0,0,0,0,0,0,0,0,0,0.003670851,0.000845092, 0.23 ,22627 - 22710,22626.87713,83.50922004,22710.38635,,0
8720 SPFLD T   (AV),82,28,,,,,,,,,,,0,3,113,0.001933855,0,0,0,0,0,0,0,0,0,0,0.001933855,0.000445206, 0.23 ,22711 - 22755,22711.38635,43.52063011,22754.90698,,0
8721 SPFLD U   (AV),112,38,,,,,,,,,,,0,0,150,0.002593914,0,0,0,0,0,0,0,0,0,0,0.002593914,0.000597163, 0.23 ,22756 - 22815,22755.90698,58.71629428,22814.62328,,0
8722 SPFLD V   (AV),84,51,,,,,,,,,,,0,1,136,0.001957015,0,0,0,0,0,0,0,0,0,0,0.001957015,0.000450538, 0.23 ,22816 - 22860,22815.62328,44.05381131,22859.67709,,0
8723 SPFLD W   (AV),88,51,,,,,,,,,,,1,1,141,0.002061235,0,0,0,0,0,0,0,0,0,0,0.002061235,0.000474531, 0.23 ,22861 - 22907,22860.67709,46.45312671,22907.13021,,0
8724 SPFLD X   (AV),75,13,,,,,,,,,,,0,0,88,0.001736996,0,0,0,0,0,0,0,0,0,0,0.001736996,0.000399886, 0.23 ,22908 - 22947,22908.13021,38.98858992,22947.1188,,0
8725 SPFLD Y   (AV),62,13,,,,,,,,,,,0,2,77,0.001459076,0,0,0,0,0,0,0,0,0,0,0.001459076,0.000335904, 0.23 ,22948 - 22981,22948.1188,32.59041553,22980.70922,,0
8726 SPFLD Z   (AV),46,12,,,,,,,,,,,0,2,60,0.001088517,0,0,0,0,0,0,0,0,0,0,0.001088517,0.000250595, 0.23 ,22982 - 23006,22981.70922,24.05951635,23005.76874,,0
8727 SPFLD AA   (AV),35,6,,,,,,,,,,,0,0,41,0.000810598,0,0,0,0,0,0,0,0,0,0,0.000810598,0.000186613, 0.23 ,23007 - 23024,23006.76874,17.66134196,23024.43008,,0
8728 SPFLD BB   (AV),45,41,,,,,,,,,,,0,2,88,0.001065357,0,0,0,0,0,0,0,0,0,0,0.001065357,0.000245263, 0.23 ,23025 - 23049,23025.43008,23.52633515,23048.95641,,0
8901 SYCAM A   (AV),2,0,,,,,,,,,,,0,0,2,4.63199E-05,0,0,0,0,0,0,0,0,0,0,4.63199E-05,1.06636E-05, 0.23 ,23050 - 23050,23049.95641,0.066362398,23050.02277,,0
8902 SYCAM B   (AV),85,63,,,,,,,,,,,0,3,151,0.002003335,0,0,0,0,0,0,0,0,0,0,0.002003335,0.000461202, 0.23 ,23051 - 23096,23051.02277,45.12017371,23096.14295,,0
8903 SYCAM C   (AV),84,38,,,,,,,,,,,0,1,123,0.001957015,0,0,0,0,0,0,0,0,0,0,0.001957015,0.000450538, 0.23 ,23097 - 23141,23097.14295,44.05381131,23141.19676,,0
8904 SYCAM D   (AV),72,26,,,,,,,,,,,0,1,99,0.001679096,0,0,0,0,0,0,0,0,0,0,0.001679096,0.000386556, 0.23 ,23142 - 23180,23142.19676,37.65563692,23179.8524,,0
8905 SYCAM E   (AV),164,99,,,,,,,,,,,0,1,264,0.003809811,0,0,0,0,0,0,0,0,0,0,0.003809811,0.000877083, 0.23 ,23181 - 23268,23180.8524,86.70830723,23267.5607,,0
8906 SYCAM F   (AV),104,39,,,,,,,,,,,0,0,143,0.002408634,0,0,0,0,0,0,0,0,0,0,0.002408634,0.000554508, 0.23 ,23269 - 23323,23268.5607,54.45084469,23323.01155,,0
8907 SYCAM G   (AV),126,45,,,,,,,,,,,0,1,172,0.002929733,0,0,0,0,0,0,0,0,0,0,0.002929733,0.000674474, 0.23 ,23324 - 23390,23324.01155,66.44742167,23390.45897,,0
8908 SYCAM H   (AV),52,16,,,,,,,,,,,0,2,70,0.001227477,0,0,0,0,0,0,0,0,0,0,0.001227477,0.000282586, 0.23 ,23391 - 23419,23391.45897,27.25860355,23418.71757,,0
8909 SYCAM I   (AV),112,78,,,,,,,,,,,0,1,191,0.002605494,0,0,0,0,0,0,0,0,0,0,0.002605494,0.000599829, 0.23 ,23420 - 23479,23419.71757,58.98288488,23478.70046,,0
8910 SYCAM J   (AV),45,15,,,,,,,,,,,0,0,60,0.001042197,0,0,0,0,0,0,0,0,0,0,0.001042197,0.000239932, 0.24 ,23480 - 23503,23479.70046,22.99315395,23502.69361,,0
8911 SYCAM K   (AV),139,47,,,,,,,,,,,0,0,186,0.003219232,0,0,0,0,0,0,0,0,0,0,0.003219232,0.000741122, 0.24 ,23504 - 23577,23503.69361,73.11218666,23576.8058,,0
8912 SYCAM L   (AV),95,26,,,,,,,,,,,0,2,123,0.002223354,0,0,0,0,0,0,0,0,0,0,0.002223354,0.000511854, 0.24 ,23578 - 23628,23577.8058,50.1853951,23627.99119,,0
8913 SYCAM M   (AV),52,26,,,,,,,,,,,1,1,80,0.001227477,0,0,0,0,0,0,0,0,0,0,0.001227477,0.000282586, 0.24 ,23629 - 23656,23628.99119,27.25860355,23656.2498,,0
8914 SYCAM N   (AV),110,47,,,,,,,,,,,0,0,157,0.002547594,0,0,0,0,0,0,0,0,0,0,0.002547594,0.000586499, 0.24 ,23657 - 23715,23657.2498,57.64993189,23714.89973,,0
9101 SYMM A   (AV),15,3,,,,,,,,,,,0,0,18,0.000347399,0,0,0,0,0,0,0,0,0,0,0.000347399,7.99772E-05, 0.24 ,23716 - 23723,23715.89973,6.997717984,23722.89745,,0
9102 SYMM B   (AV),128,35,,,,,,,,,,,1,0,164,0.002976053,0,0,0,0,0,0,0,0,0,0,0.002976053,0.000685138, 0.24 ,23724 - 23791,23723.89745,67.51378407,23791.41123,,0
9103 SYMM C   (AV),121,54,,,,,,,,,,,0,3,178,0.002837093,0,0,0,0,0,0,0,0,0,0,0.002837093,0.000653147, 0.24 ,23792 - 23857,23792.41123,64.31469687,23856.72593,,0
9104 SYMM D   (AV),104,38,,,,,,,,,,,0,1,143,0.002420214,0,0,0,0,0,0,0,0,0,0,0.002420214,0.000557174, 0.24 ,23858 - 23912,23857.72593,54.71743529,23912.44336,,0
9105 SYMM E   (AV),102,50,,,,,,,,,,,0,0,152,0.002362314,0,0,0,0,0,0,0,0,0,0,0.002362314,0.000543845, 0.24 ,23913 - 23967,23913.44336,53.38448229,23966.82785,,0
9106 SYMM F   (AV),112,38,,,,,,,,,,,0,1,151,0.002605494,0,0,0,0,0,0,0,0,0,0,0.002605494,0.000599829, 0.24 ,23968 - 24027,23967.82785,58.98288488,24026.81073,,0
9107 SYMM G   (AV),62,17,,,,,,,,,,,0,0,79,0.001435916,0,0,0,0,0,0,0,0,0,0,0.001435916,0.000330572, 0.24 ,24028 - 24060,24027.81073,32.05723434,24059.86797,,0
9108 SYMM H   (AV),30,16,,,,,,,,,,,0,0,46,0.000694798,0,0,0,0,0,0,0,0,0,0,0.000694798,0.000159954, 0.24 ,24061 - 24076,24060.86797,14.99543597,24075.8634,,0
9109 SYMM I   (AV),81,12,,,,,,,,,,,0,1,94,0.001887535,0,0,0,0,0,0,0,0,0,0,0.001887535,0.000434543, 0.24 ,24077 - 24119,24076.8634,42.45426772,24119.31767,,0
9110 SYMM J   (AV),88,40,,,,,,,,,,,0,0,128,0.002038075,0,0,0,0,0,0,0,0,0,0,0.002038075,0.000469199, 0.24 ,24120 - 24166,24120.31767,45.91994551,24166.23761,,0
9111 SYMM K   (AV),27,16,,,,,,,,,,,0,0,43,0.000625318,0,0,0,0,0,0,0,0,0,0,0.000625318,0.000143959, 0.24 ,24167 - 24181,24167.23761,13.39589237,24180.63351,,0
9112 SYMM L   (AV),91,52,,,,,,,,,,,0,2,145,0.002130715,0,0,0,0,0,0,0,0,0,0,0.002130715,0.000490527, 0.24 ,24182 - 24230,24181.63351,48.0526703,24229.68618,,0
9301 TER PK A   (AV),114,33,,,,,,,,,,,0,0,147,0.002640233,0,0,0,0,0,0,0,0,0,0,0.002640233,0.000607827, 0.24 ,24231 - 24290,24230.68618,59.78265668,24290.46883,,0
9302 TER PK B   (AV),57,14,,,,,,,,,,,0,1,72,0.001331697,0,0,0,0,0,0,0,0,0,0,0.001331697,0.000306579, 0.24 ,24291 - 24321,24291.46883,29.65791894,24321.12675,,0
9501 WHWTR A   (AV),30,24,,,,,,,,,,,0,0,54,0.000694798,0,0,0,0,0,0,0,0,0,0,0.000694798,0.000159954, 0.24 ,24322 - 24337,24322.12675,14.99543597,24337.12219,,0
9502 WHWTR B   (AV),39,25,,,,,,,,,,,1,0,65,0.000914818,0,0,0,0,0,0,0,0,0,0,0.000914818,0.000210607, 0.24 ,24338 - 24358,24338.12219,20.06065736,24358.18285,,0
9503 WHWTR C   (AV),8,21,,,,,,,,,,,0,0,29,0.00018528,0,0,0,0,0,0,0,0,0,0,0.00018528,4.26545E-05, 0.24 ,24359 - 24362,24359.18285,3.265449592,24362.4483,,0
9701 WOOD A   (AV),108,4,,,,,,,,,,,0,3,115,0.002536014,0,0,0,0,0,0,0,0,0,0,0.002536014,0.000583833, 0.24 ,24363 - 24421,24363.4483,57.38334129,24420.83164,,0
9702 WOOD B   (AV),90,12,,,,,,,,,,,0,1,103,0.002095975,0,0,0,0,0,0,0,0,0,0,0.002095975,0.000482529, 0.24 ,24422 - 24469,24421.83164,47.25289851,24469.08454,,0
0101 CIN 1-A   (ED),81,69,,,,,,,,,,,0,3,153,0.001910695,0,0,0,0,0,0,0,0,0,0,0.001910695,0.000439874, 0.25 ,24470 - 24513,24470.08454,42.98744891,24513.07198,,0
0102 CIN 1-B   (ED),459,210,,,,,,,,,,,0,6,675,0.010699893,0,0,0,0,0,0,0,0,0,0,0.010699893,0.002463297, 0.25 ,24514 - 24759,24514.07198,245.3297139,24759.4017,,0
0103 CIN 1-C   (ED),352,98,,,,,,,,,,,0,3,453,0.00818704,0,0,0,0,0,0,0,0,0,0,0.00818704,0.001884796, 0.25 ,24760 - 24948,24760.4017,187.4795538,24947.88125,,0
0104 CIN 1-D   (ED),220,77,,,,,,,,,,,0,2,299,0.005118347,0,0,0,0,0,0,0,0,0,0,0.005118347,0.00117833, 0.25 ,24949 - 25066,24948.88125,116.833045,25065.7143,,0
0105 CIN 1-E   (ED),355,125,,,,,,,,,,,0,2,482,0.00824494,0,0,0,0,0,0,0,0,0,0,0.00824494,0.001898125, 0.25 ,25067 - 25256,25066.7143,188.8125068,25255.5268,,0
0106 CIN 1-F   (ED),386,182,,,,,,,,,,,1,6,575,0.009020798,0,0,0,0,0,0,0,0,0,0,0.009020798,0.002076741, 0.25 ,25257 - 25463,25256.5268,206.674077,25463.20088,,0
0107 CIN 1-G   (ED),305,140,,,,,,,,,,,0,0,445,0.007063782,0,0,0,0,0,0,0,0,0,0,0.007063782,0.001626203, 0.26 ,25464 - 25626,25464.20088,161.6202657,25625.82115,,0
0108 CIN 1-H   (ED),197,91,,,,,,,,,,,0,3,291,0.004597249,0,0,0,0,0,0,0,0,0,0,0.004597249,0.001058365, 0.26 ,25627 - 25732,25626.82115,104.836468,25731.65762,,0
0109 CIN 1-I   (ED),377,199,,,,,,,,,,,0,2,578,0.008754458,0,0,0,0,0,0,0,0,0,0,0.008754458,0.002015425, 0.26 ,25733 - 25933,25732.65762,200.5424932,25933.20011,,0
0110 CIN 1-J   (ED),376,135,,,,,,,,,,,0,7,518,0.008789198,0,0,0,0,0,0,0,0,0,0,0.008789198,0.002023423, 0.26 ,25934 - 26136,25934.20011,201.342265,26135.54237,,0
0111 CIN 1-K   (ED),302,112,,,,,,,,,,,0,5,419,0.007052203,0,0,0,0,0,0,0,0,0,0,0.007052203,0.001623537, 0.26 ,26137 - 26298,26136.54237,161.3536751,26297.89605,,0
0112 CIN 1-L   (ED),211,128,,,,,,,,,,,0,4,343,0.004933068,0,0,0,0,0,0,0,0,0,0,0.004933068,0.001135676, 0.26 ,26299 - 26411,26298.89605,112.5675954,26411.46364,,0
0113 CIN 1-M   (ED),311,113,,,,,,,,,,,0,2,426,0.007225902,0,0,0,0,0,0,0,0,0,0,0.007225902,0.001663525, 0.27 ,26412 - 26578,26412.46364,165.3525341,26577.81618,,0
0201 CIN 2-A   (ED),277,66,,,,,,,,,,,0,6,349,0.006484784,0,0,0,0,0,0,0,0,0,0,0.006484784,0.001492907, 0.27 ,26579 - 26727,26578.81618,148.2907357,26727.10691,,0
0202 CIN 2-B   (ED),388,81,,,,,,,,,,,0,10,479,0.009101857,0,0,0,0,0,0,0,0,0,0,0.009101857,0.002095402, 0.27 ,26728 - 26937,26728.10691,208.5402112,26936.64712,,0
0203 CIN 2-C   (ED),250,55,,,,,,,,,,,0,2,307,0.005813146,0,0,0,0,0,0,0,0,0,0,0.005813146,0.001338285, 0.27 ,26938 - 27070,26937.64712,132.8284809,27070.47561,,0
0204 CIN 2-D   (ED),373,99,,,,,,,,,,,0,2,474,0.008661819,0,0,0,0,0,0,0,0,0,0,0.008661819,0.001994098, 0.27 ,27071 - 27270,27071.47561,198.4097684,27269.88537,,0
0205 CIN 2-E   (ED),310,113,,,,,,,,,,,0,2,425,0.007202742,0,0,0,0,0,0,0,0,0,0,0.007202742,0.001658194, 0.27 ,27271 - 27436,27270.88537,164.8193529,27435.70473,,0
0206 CIN 2-F   (ED),441,75,,,,,,,,,,,0,3,519,0.010248275,0,0,0,0,0,0,0,0,0,0,0.010248275,0.002359327, 0.28 ,27437 - 27672,27436.70473,234.9326805,27671.63741,,0
0207 CIN 2-G   (ED),241,106,,,,,,,,,,,0,3,350,0.005616286,0,0,0,0,0,0,0,0,0,0,0.005616286,0.001292964, 0.28 ,27673 - 27801,27672.63741,128.2964407,27800.93385,,0
0208 CIN 2-H   (ED),265,56,,,,,,,,,,,0,1,322,0.006148965,0,0,0,0,0,0,0,0,0,0,0.006148965,0.001415596, 0.28 ,27802 - 27942,27801.93385,140.5596083,27942.49346,,0
0209 CIN 2-I   (ED),361,89,,,,,,,,,,,0,4,454,0.008407059,0,0,0,0,0,0,0,0,0,0,0.008407059,0.001935448, 0.28 ,27943 - 28136,27943.49346,192.5447752,28136.03823,,0
0210 CIN 2-J   (ED),433,114,,,,,,,,,,,0,3,550,0.010062995,0,0,0,0,0,0,0,0,0,0,0.010062995,0.002316672, 0.28 ,28137 - 28368,28137.03823,230.667231,28367.70546,,0
0211 CIN 2-K   (ED),395,123,,,,,,,,,,,0,8,526,0.009240817,0,0,0,0,0,0,0,0,0,0,0.009240817,0.002127393, 0.29 ,28369 - 28580,28368.70546,211.7392984,28580.44476,,0
0301 CIN 3-A   (ED),303,35,,,,,,,,,,,0,5,343,0.007075362,0,0,0,0,0,0,0,0,0,0,0.007075362,0.001628869, 0.29 ,28581 - 28743,28581.44476,161.8868563,28743.33162,,0
0302 CIN 3-B   (ED),258,56,,,,,,,,,,,0,5,319,0.006033165,0,0,0,0,0,0,0,0,0,0,0.006033165,0.001388937, 0.29 ,28744 - 28882,28744.33162,137.8937023,28882.22532,,0
0303 CIN 3-C   (ED),237,66,,,,,,,,,,,0,2,305,0.005512066,0,0,0,0,0,0,0,0,0,0,0.005512066,0.001268971, 0.29 ,28883 - 29009,28883.22532,125.8971254,29009.12245,,0
0304 CIN 3-D   (ED),335,44,,,,,,,,,,,0,6,385,0.007828061,0,0,0,0,0,0,0,0,0,0,0.007828061,0.001802152, 0.29 ,29010 - 29189,29010.12245,179.2152453,29189.33769,,0
0305 CIN 3-E   (ED),309,43,,,,,,,,,,,0,3,355,0.007191162,0,0,0,0,0,0,0,0,0,0,0.007191162,0.001655528, 0.29 ,29190 - 29355,29190.33769,164.5527623,29354.89045,,0
0401 CIN 4-A   (ED),323,100,,,,,,,,,,,0,5,428,0.007538561,0,0,0,0,0,0,0,0,0,0,0.007538561,0.001735505, 0.30 ,29356 - 29528,29355.89045,172.5504803,29528.44093,,0
0402 CIN 4-B   (ED),333,103,,,,,,,,,,,0,4,440,0.007758581,0,0,0,0,0,0,0,0,0,0,0.007758581,0.001786157, 0.30 ,29529 - 29707,29529.44093,177.6157017,29707.05663,,0
0403 CIN 4-C   (ED),248,59,,,,,,,,,,,0,3,310,0.005778406,0,0,0,0,0,0,0,0,0,0,0.005778406,0.001330287, 0.30 ,29708 - 29840,29708.05663,132.0287091,29840.08534,,0
0404 CIN 4-D   (ED),415,122,,,,,,,,,,,0,6,543,0.009680856,0,0,0,0,0,0,0,0,0,0,0.009680856,0.002228697, 0.30 ,29841 - 30063,29841.08534,221.8697412,30062.95508,,0
0405 CIN 4-E   (ED),370,126,,,,,,,,,,,0,5,501,0.008627079,0,0,0,0,0,0,0,0,0,0,0.008627079,0.0019861, 0.30 ,30064 - 30262,30063.95508,197.6099966,30261.56508,,0
0406 CIN 4-F   (ED),304,109,,,,,,,,,,,0,2,415,0.007063782,0,0,0,0,0,0,0,0,0,0,0.007063782,0.001626203, 0.30 ,30263 - 30424,30262.56508,161.6202657,30424.18535,,0
0407 CIN 4-G   (ED),346,194,,,,,,,,,,,0,9,549,0.00811756,0,0,0,0,0,0,0,0,0,0,0.00811756,0.0018688, 0.31 ,30425 - 30611,30425.18535,185.8800102,30611.06536,,0
0408 CIN 4-H   (ED),414,140,,,,,,,,,,,0,7,561,0.009669276,0,0,0,0,0,0,0,0,0,0,0.009669276,0.002226032, 0.31 ,30612 - 30834,30612.06536,221.6031506,30833.66851,,0
0501 CIN 5-A   (ED),322,123,,,,,,,,,,,0,4,449,0.007503821,0,0,0,0,0,0,0,0,0,0,0.007503821,0.001727507, 0.31 ,30835 - 31006,30834.66851,171.7507085,31006.41922,,0
0502 CIN 5-B   (ED),375,138,,,,,,,,,,,0,10,523,0.008800778,0,0,0,0,0,0,0,0,0,0,0.008800778,0.002026089, 0.31 ,31007 - 31209,31007.41922,201.6088556,31209.02807,,0
0503 CIN 5-C   (ED),215,71,,,,,,,,,,,0,1,287,0.004990968,0,0,0,0,0,0,0,0,0,0,0.004990968,0.001149005, 0.31 ,31210 - 31324,31210.02807,113.9005484,31323.92862,,0
0504 CIN 5-D   (ED),434,142,,,,,,,,,,,0,7,583,0.010132475,0,0,0,0,0,0,0,0,0,0,0.010132475,0.002332668, 0.32 ,31325 - 31557,31324.92862,232.2667745,31557.19539,,0
0505 CIN 5-E   (ED),482,157,,,,,,,,,,,0,5,644,0.011220992,0,0,0,0,0,0,0,0,0,0,0.011220992,0.002583263, 0.32 ,31558 - 31816,31558.19539,257.3262909,31815.52169,,0
0506 CIN 5-F   (ED),274,78,,,,,,,,,,,0,2,354,0.006368984,0,0,0,0,0,0,0,0,0,0,0.006368984,0.001466248, 0.32 ,31817 - 31962,31816.52169,145.6248297,31962.14652,,0
0507 CIN 5-G   (ED),391,137,,,,,,,,,,,0,5,533,0.009113437,0,0,0,0,0,0,0,0,0,0,0.009113437,0.002098068, 0.32 ,31963 - 32172,31963.14652,208.8068018,32171.95332,,0
0508 CIN 5-H   (ED),261,43,,,,,,,,,,,0,0,304,0.006044745,0,0,0,0,0,0,0,0,0,0,0.006044745,0.001391603, 0.32 ,32173 - 32311,32172.95332,138.1602929,32311.11361,,0
0509 CIN 5-I   (ED),337,193,,,,,,,,,,,0,3,533,0.007839641,0,0,0,0,0,0,0,0,0,0,0.007839641,0.001804818, 0.32 ,32312 - 32492,32312.11361,179.4818358,32491.59545,,0
0601 CIN 6-A   (ED),492,65,,,,,,,,,,,2,6,565,0.011487332,0,0,0,0,0,0,0,0,0,0,0.011487332,0.002644579, 0.33 ,32493 - 32756,32492.59545,263.4578747,32756.05332,,0
0602 CIN 6-B   (ED),258,45,,,,,,,,,,,0,3,306,0.006010005,0,0,0,0,0,0,0,0,0,0,0.006010005,0.001383605, 0.33 ,32757 - 32894,32757.05332,137.3605211,32894.41384,,0
0603 CIN 6-C   (ED),384,40,,,,,,,,,,,0,2,426,0.008916578,0,0,0,0,0,0,0,0,0,0,0.008916578,0.002052748, 0.33 ,32895 - 33100,32895.41384,204.2747616,33099.6886,,0
0604 CIN 6-D   (ED),444,29,,,,,,,,,,,0,6,479,0.010352494,0,0,0,0,0,0,0,0,0,0,0.010352494,0.00238332, 0.33 ,33101 - 33338,33100.6886,237.3319959,33338.0206,,0
0605 CIN 6-E   (ED),306,81,,,,,,,,,,,0,2,389,0.007110102,0,0,0,0,0,0,0,0,0,0,0.007110102,0.001636866, 0.34 ,33339 - 33502,33339.0206,162.6866281,33501.70723,,0
0701 CIN 7-A   (ED),306,54,,,,,,,,,,,0,5,365,0.007144842,0,0,0,0,0,0,0,0,0,0,0.007144842,0.001644864, 0.34 ,33503 - 33666,33502.70723,163.4863999,33666.19363,,0
0702 CIN 7-B   (ED),93,14,,,,,,,,,,,0,2,109,0.002177035,0,0,0,0,0,0,0,0,0,0,0.002177035,0.00050119, 0.34 ,33667 - 33716,33667.19363,49.1190327,33716.31266,,0
0703 CIN 7-C   (ED),285,28,,,,,,,,,,,0,4,317,0.006646904,0,0,0,0,0,0,0,0,0,0,0.006646904,0.00153023, 0.34 ,33717 - 33869,33717.31266,152.0230041,33869.33566,,0
0704 CIN 7-D   (ED),223,47,,,,,,,,,,,0,4,274,0.005210987,0,0,0,0,0,0,0,0,0,0,0.005210987,0.001199658, 0.34 ,33870 - 33989,33870.33566,118.9657698,33989.30143,,0
0705 CIN 7-E   (ED),130,27,,,,,,,,,,,0,2,159,0.003033952,0,0,0,0,0,0,0,0,0,0,0.003033952,0.000698467, 0.34 ,33990 - 34059,33990.30143,68.84673706,34059.14817,,0
0706 CIN 7-F   (ED),139,25,,,,,,,,,,,0,3,167,0.003253972,0,0,0,0,0,0,0,0,0,0,0.003253972,0.00074912, 0.34 ,34060 - 34134,34060.14817,73.91195845,34134.06013,,0
0707 CIN 7-G   (ED),246,39,,,,,,,,,,,0,4,289,0.005743666,0,0,0,0,0,0,0,0,0,0,0.005743666,0.001322289, 0.34 ,34135 - 34266,34135.06013,131.2289373,34266.28907,,0
0708 CIN 7-H   (ED),227,27,,,,,,,,,,,1,2,257,0.005292047,0,0,0,0,0,0,0,0,0,0,0.005292047,0.001218319, 0.34 ,34267 - 34388,34267.28907,120.831904,34388.12097,,0
0709 CIN 7-I   (ED),251,45,,,,,,,,,,,0,3,299,0.005847885,0,0,0,0,0,0,0,0,0,0,0.005847885,0.001346283, 0.35 ,34389 - 34523,34389.12097,133.6282527,34522.74922,,0
0710 CIN 7-J   (ED),61,15,,,,,,,,,,,0,1,77,0.001424336,0,0,0,0,0,0,0,0,0,0,0.001424336,0.000327906, 0.35 ,34524 - 34556,34523.74922,31.79064374,34555.53987,,0
0711 CIN 7-K   (ED),235,48,,,,,,,,,,,0,4,287,0.005488906,0,0,0,0,0,0,0,0,0,0,0.005488906,0.001263639, 0.35 ,34557 - 34682,34556.53987,125.3639442,34681.90381,,0
0801 CIN 8-A   (ED),286,50,,,,,,,,,,,0,3,339,0.006658483,0,0,0,0,0,0,0,0,0,0,0.006658483,0.001532896, 0.35 ,34683 - 34835,34682.90381,152.2895947,34835.19341,,0
0802 CIN 8-B   (ED),387,65,,,,,,,,,,,0,4,456,0.009009218,0,0,0,0,0,0,0,0,0,0,0.009009218,0.002074075, 0.35 ,34836 - 35043,34836.19341,206.4074864,35042.60089,,0
0803 CIN 8-C   (ED),389,140,,,,,,,,,,,0,3,532,0.009043958,0,0,0,0,0,0,0,0,0,0,0.009043958,0.002082073, 0.35 ,35044 - 35251,35043.60089,207.2072582,35250.80815,,0
0804 CIN 8-D   (ED),347,28,,,,,,,,,,,0,3,378,0.00807124,0,0,0,0,0,0,0,0,0,0,0.00807124,0.001858136, 0.35 ,35252 - 35437,35251.80815,184.8136478,35436.6218,,0
0901 CIN 9-A   (ED),119,12,,,,,,,,,,,0,5,136,0.002813933,0,0,0,0,0,0,0,0,0,0,0.002813933,0.000647815, 0.36 ,35438 - 35501,35437.6218,63.78151567,35501.40331,,0
0902 CIN 9-B   (ED),466,77,,,,,,,,,,,0,5,548,0.010850433,0,0,0,0,0,0,0,0,0,0,0.010850433,0.002497954, 0.36 ,35502 - 35751,35502.40331,248.7953917,35751.19871,,0
0903 CIN 9-C   (ED),246,38,,,,,,,,,,,0,3,287,0.005732086,0,0,0,0,0,0,0,0,0,0,0.005732086,0.001319623, 0.36 ,35752 - 35883,35752.19871,130.9623467,35883.16105,,0
0904 CIN 9-D   (ED),162,22,,,,,,,,,,,0,2,186,0.003775071,0,0,0,0,0,0,0,0,0,0,0.003775071,0.000869085, 0.36 ,35884 - 35970,35884.16105,85.90853543,35970.06959,6,1
1001 CIN 10-A   (ED),348,144,,,,,,,,,,,0,2,494,0.00808282,0,0,0,0,0,0,0,0,0,0,0.00808282,0.001860802, 0.36 ,35971 - 36156,35971.06959,185.0802384,36156.14983,,0
1002 CIN 10-B   (ED),211,31,,,,,,,,,,,0,5,247,0.004944648,0,0,0,0,0,0,0,0,0,0,0.004944648,0.001138342, 0.36 ,36157 - 36270,36157.14983,112.834186,36269.98401,,0
1003 CIN 10-C   (ED),308,39,,,,,,,,,,,0,2,349,0.007156422,0,0,0,0,0,0,0,0,0,0,0.007156422,0.00164753, 0.36 ,36271 - 36435,36270.98401,163.7529905,36434.737,,0
1101 CIN 11-A   (ED),284,56,,,,,,,,,,,0,3,343,0.006612164,0,0,0,0,0,0,0,0,0,0,0.006612164,0.001522232, 0.37 ,36436 - 36587,36435.737,151.2232323,36586.96024,,0
1102 CIN 11-B   (ED),218,23,,,,,,,,,,,0,3,244,0.005083607,0,0,0,0,0,0,0,0,0,0,0.005083607,0.001170333, 0.37 ,36588 - 36704,36587.96024,116.0332732,36703.99351,,0
1103 CIN 11-C   (ED),156,20,,,,,,,,,,,0,1,177,0.003624531,0,0,0,0,0,0,0,0,0,0,0.003624531,0.000834429, 0.37 ,36705 - 36787,36704.99351,82.44285764,36787.43637,,0
1104 CIN 11-D   (ED),229,20,,,,,,,,,,,0,0,249,0.005303627,0,0,0,0,0,0,0,0,0,0,0.005303627,0.001220985, 0.37 ,36788 - 36910,36788.43637,121.0984946,36909.53486,,0
1201 CIN 12-A   (ED),137,25,,,,,,,,,,,0,1,163,0.003184492,0,0,0,0,0,0,0,0,0,0,0.003184492,0.000733124, 0.37 ,36911 - 36983,36910.53486,72.31241486,36982.84728,,0
1202 CIN 12-B   (ED),39,5,,,,,,,,,,,0,0,44,0.000903238,0,0,0,0,0,0,0,0,0,0,0.000903238,0.000207941, 0.37 ,36984 - 37004,36983.84728,19.79406676,37003.64134,,0
1203 CIN 12-C   (ED),198,20,,,,,,,,,,,0,0,218,0.004585669,0,0,0,0,0,0,0,0,0,0,0.004585669,0.001055699, 0.37 ,37005 - 37109,37004.64134,104.5698774,37109.21122,,0
1204 CIN 12-D   (ED),206,26,,,,,,,,,,,0,3,235,0.004805688,0,0,0,0,0,0,0,0,0,0,0.004805688,0.001106351, 0.37 ,37110 - 37220,37110.21122,109.6350988,37219.84632,,0
1205 CIN 12-E   (ED),186,31,,,,,,,,,,,0,2,219,0.004330909,0,0,0,0,0,0,0,0,0,0,0.004330909,0.000997049, 0.37 ,37221 - 37320,37220.84632,98.70488421,37319.5512,,0
1301 CIN 13-A   (ED),149,16,,,,,,,,,,,0,5,170,0.003508731,0,0,0,0,0,0,0,0,0,0,0.003508731,0.00080777, 0.37 ,37321 - 37400,37320.5512,79.77695164,37400.32815,,0
1302 CIN 13-B   (ED),234,34,,,,,,,,,,,0,3,271,0.005454166,0,0,0,0,0,0,0,0,0,0,0.005454166,0.001255642, 0.38 ,37401 - 37526,37401.32815,124.5641724,37525.89233,,0
1303 CIN 13-C   (ED),136,26,,,,,,,,,,,0,5,167,0.003207652,0,0,0,0,0,0,0,0,0,0,0.003207652,0.000738456, 0.38 ,37527 - 37600,37526.89233,72.84559606,37599.73792,,0
1304 CIN 13-D   (ED),210,27,,,,,,,,,,,1,3,241,0.004909908,0,0,0,0,0,0,0,0,0,0,0.004909908,0.001130344, 0.38 ,37601 - 37713,37600.73792,112.0344142,37712.77234,,0
1305 CIN 13-E   (ED),316,60,,,,,,,,,,,0,3,379,0.007353282,0,0,0,0,0,0,0,0,0,0,0.007353282,0.00169285, 0.38 ,37714 - 37882,37713.77234,168.2850307,37882.05737,,0
1306 CIN 13-F   (ED),275,30,,,,,,,,,,,0,3,308,0.006403724,0,0,0,0,0,0,0,0,0,0,0.006403724,0.001474246, 0.38 ,37883 - 38029,37883.05737,146.4246015,38029.48197,,0
1307 CIN 13-G   (ED),167,27,,,,,,,,,,,0,5,199,0.00392561,0,0,0,0,0,0,0,0,0,0,0.00392561,0.000903742, 0.38 ,38030 - 38120,38030.48197,89.37421322,38119.85618,,0
1308 CIN 13-H   (ED),36,19,,,,,,,,,,,0,2,57,0.000856918,0,0,0,0,0,0,0,0,0,0,0.000856918,0.000197277, 0.38 ,38121 - 38140,38120.85618,18.72770436,38139.58389,,0
1401 CIN 14-A   (ED),400,80,,,,,,,,,,,0,0,480,0.009263977,0,0,0,0,0,0,0,0,0,0,0.009263977,0.002132725, 0.38 ,38141 - 38353,38140.58389,212.2724796,38352.85637,,0
1402 CIN 14-B   (ED),357,50,,,,,,,,,,,0,4,411,0.008314419,0,0,0,0,0,0,0,0,0,0,0.008314419,0.001914121, 0.39 ,38354 - 38544,38353.85637,190.4120504,38544.26842,,0
1403 CIN 14-C   (ED),192,51,,,,,,,,,,,0,2,245,0.004469869,0,0,0,0,0,0,0,0,0,0,0.004469869,0.00102904, 0.39 ,38545 - 38647,38545.26842,101.9039714,38647.17239,,0
1404 CIN 14-D   (ED),423,81,,,,,,,,,,,0,5,509,0.009854556,0,0,0,0,0,0,0,0,0,0,0.009854556,0.002268686, 0.39 ,38648 - 38874,38648.17239,225.8686002,38874.04099,,0
1405 CIN 14-E   (ED),371,51,,,,,,,,,,,0,4,426,0.008638659,0,0,0,0,0,0,0,0,0,0,0.008638659,0.001988766, 0.39 ,38875 - 39073,38875.04099,197.8765872,39072.91758,,0
1406 CIN 14-F   (ED),374,60,,,,,,,,,,,0,4,438,0.008708138,0,0,0,0,0,0,0,0,0,0,0.008708138,0.002004761, 0.39 ,39074 - 39273,39073.91758,199.4761308,39273.39371,,0
1407 CIN 14-G   (ED),404,100,,,,,,,,,,,0,6,510,0.009426097,0,0,0,0,0,0,0,0,0,0,0.009426097,0.002170047, 0.39 ,39274 - 39490,39274.39371,216.004748,39490.39845,,0
1408 CIN 14-H   (ED),384,78,,,,,,,,,,,0,6,468,0.008962898,0,0,0,0,0,0,0,0,0,0,0.008962898,0.002063411, 0.40 ,39491 - 39697,39491.39845,205.341124,39696.73958,,0
1409 CIN 14-I   (ED),356,66,,,,,,,,,,,0,2,424,0.008268099,0,0,0,0,0,0,0,0,0,0,0.008268099,0.001903457, 0.40 ,39698 - 39887,39697.73958,189.345688,39887.08527,,0
1501 CIN 15-A   (ED),494,37,,,,,,,,,,,1,1,533,0.011464172,0,0,0,0,0,0,0,0,0,0,0.011464172,0.002639247, 0.40 ,39888 - 40151,39888.08527,262.9246935,40151.00996,,0
1502 CIN 15-B   (ED),439,67,,,,,,,,,,,0,1,507,0.010178795,0,0,0,0,0,0,0,0,0,0,0.010178795,0.002343331, 0.40 ,40152 - 40385,40152.00996,233.3331369,40385.3431,,0
1503 CIN 15-C   (ED),171,18,,,,,,,,,,,0,7,196,0.00404141,0,0,0,0,0,0,0,0,0,0,0.00404141,0.000930401, 0.40 ,40386 - 40478,40386.3431,92.04011922,40478.38322,,0
1504 CIN 15-D   (ED),188,26,,,,,,,,,,,0,5,219,0.004411969,0,0,0,0,0,0,0,0,0,0,0.004411969,0.00101571, 0.41 ,40479 - 40580,40479.38322,100.5710184,40579.95423,,0
1505 CIN 15-E   (ED),458,50,,,,,,,,,,,0,1,509,0.010618834,0,0,0,0,0,0,0,0,0,0,0.010618834,0.002444636, 0.41 ,40581 - 40824,40580.95423,243.4635797,40824.41781,,0
1506 CIN 15-F   (ED),281,21,,,,,,,,,,,0,0,302,0.006507944,0,0,0,0,0,0,0,0,0,0,0.006507944,0.001498239, 0.41 ,40825 - 40974,40825.41781,148.8239169,40974.24173,,0
1507 CIN 15-G   (ED),198,25,,,,,,,,,,,0,1,224,0.004597249,0,0,0,0,0,0,0,0,0,0,0.004597249,0.001058365, 0.41 ,40975 - 41080,40975.24173,104.836468,41080.0782,,0
1508 CIN 15-H   (ED),456,72,,,,,,,,,,,0,4,532,0.010607254,0,0,0,0,0,0,0,0,0,0,0.010607254,0.00244197, 0.41 ,41081 - 41324,41081.0782,243.1969891,41324.27519,,0
1509 CIN 15-I   (ED),258,39,,,,,,,,,,,0,2,299,0.005998425,0,0,0,0,0,0,0,0,0,0,0.005998425,0.001380939, 0.41 ,41325 - 41462,41325.27519,137.0939305,41462.36912,,0
1510 CIN 15-J   (ED),133,15,,,,,,,,,,,0,3,151,0.003115012,0,0,0,0,0,0,0,0,0,0,0.003115012,0.000717129, 0.42 ,41463 - 41534,41463.36912,70.71287126,41534.08199,,0
1601 CIN 16-A   (ED),171,30,,,,,,,,,,,0,3,204,0.00399509,0,0,0,0,0,0,0,0,0,0,0.00399509,0.000919738, 0.42 ,41535 - 41626,41535.08199,90.97375682,41626.05575,,0
1701 CIN 17-A   (ED),280,39,,,,,,,,,,,0,10,329,0.006600584,0,0,0,0,0,0,0,0,0,0,0.006600584,0.001519566, 0.42 ,41627 - 41778,41627.05575,150.9566417,41778.01239,,0
1702 CIN 17-B   (ED),318,32,,,,,,,,,,,0,7,357,0.007445922,0,0,0,0,0,0,0,0,0,0,0.007445922,0.001714178, 0.42 ,41779 - 41949,41779.01239,170.4177555,41949.43014,,0
1703 CIN 17-C   (ED),238,25,,,,,,,,,,,0,4,267,0.005558386,0,0,0,0,0,0,0,0,0,0,0.005558386,0.001279635, 0.42 ,41950 - 42077,41950.43014,126.9634878,42077.39363,,0
1801 CIN 18-A   (ED),173,26,,,,,,,,,,,0,6,205,0.00407615,0,0,0,0,0,0,0,0,0,0,0.00407615,0.000938399, 0.42 ,42078 - 42171,42078.39363,92.83989102,42171.23352,,0
1802 CIN 18-B   (ED),83,25,,,,,,,,,,,1,1,110,0.001945435,0,0,0,0,0,0,0,0,0,0,0.001945435,0.000447872, 0.42 ,42172 - 42216,42172.23352,43.78722071,42216.02074,,0
1901 CIN 19-A   (ED),204,148,,,,,,,,,,,0,5,357,0.004782528,0,0,0,0,0,0,0,0,0,0,0.004782528,0.001101019, 0.42 ,42217 - 42326,42217.02074,109.1019176,42326.12266,,0
1902 CIN 19-B   (ED),310,300,,,,,,,,,,,0,5,615,0.007237482,0,0,0,0,0,0,0,0,0,0,0.007237482,0.001666191, 0.42 ,42327 - 42493,42327.12266,165.6191247,42492.74179,,0
1903 CIN 19-C   (ED),178,144,,,,,,,,,,,0,4,326,0.00416879,0,0,0,0,0,0,0,0,0,0,0.00416879,0.000959726, 0.43 ,42494 - 42589,42493.74179,94.97261581,42588.7144,,0
1904 CIN 19-D   (ED),32,10,,,,,,,,,,,0,1,43,0.000752698,0,0,0,0,0,0,0,0,0,0,0.000752698,0.000173284, 0.43 ,42590 - 42606,42589.7144,16.32838897,42606.04279,,0
2001 CIN 20-A   (ED),157,65,,,,,,,,,,,0,2,224,0.003659271,0,0,0,0,0,0,0,0,0,0,0.003659271,0.000842426, 0.43 ,42607 - 42690,42607.04279,83.24262944,42690.28542,,0
2002 CIN 20-B   (ED),148,62,,,,,,,,,,,0,2,212,0.003450831,0,0,0,0,0,0,0,0,0,0,0.003450831,0.00079444, 0.43 ,42691 - 42770,42691.28542,78.44399865,42769.72942,,0
2003 CIN 20-C   (ED),327,97,,,,,,,,,,,1,4,429,0.007631201,0,0,0,0,0,0,0,0,0,0,0.007631201,0.001756832, 0.43 ,42771 - 42945,42770.72942,174.6832051,42945.41262,,0
2004 CIN 20-D   (ED),282,86,,,,,,,,,,,0,4,372,0.006577424,0,0,0,0,0,0,0,0,0,0,0.006577424,0.001514235, 0.43 ,42946 - 43097,42946.41262,150.4234605,43096.83608,,0
2005 CIN 20-E   (ED),100,48,,,,,,,,,,,0,1,149,0.002327574,0,0,0,0,0,0,0,0,0,0,0.002327574,0.000535847, 0.43 ,43098 - 43150,43097.83608,52.5847105,43150.42079,,0
2101 CIN 21-A   (ED),75,34,,,,,,,,,,,0,2,111,0.001760156,0,0,0,0,0,0,0,0,0,0,0.001760156,0.000405218, 0.43 ,43151 - 43191,43151.42079,39.52177112,43190.94257,,0
2102 CIN 21-B   (ED),81,18,,,,,,,,,,,0,0,99,0.001875955,0,0,0,0,0,0,0,0,0,0,0.001875955,0.000431877, 0.43 ,43192 - 43234,43191.94257,42.18767712,43234.13024,,0
2103 CIN 21-C   (ED),123,29,,,,,,,,,,,0,2,154,0.002871833,0,0,0,0,0,0,0,0,0,0,0.002871833,0.000661145, 0.43 ,43235 - 43300,43235.13024,65.11446867,43300.24471,,0
2104 CIN 21-D   (ED),95,45,,,,,,,,,,,0,2,142,0.002223354,0,0,0,0,0,0,0,0,0,0,0.002223354,0.000511854, 0.43 ,43301 - 43351,43301.24471,50.1853951,43351.43011,,0
2105 CIN 21-E   (ED),86,17,,,,,,,,,,,0,3,106,0.002026495,0,0,0,0,0,0,0,0,0,0,0.002026495,0.000466534, 0.43 ,43352 - 43398,43352.43011,45.65335491,43398.08346,,0
2201 CIN 22-A   (ED),496,48,,,,,,,,,,,0,6,550,0.011556811,0,0,0,0,0,0,0,0,0,0,0.011556811,0.002660574, 0.44 ,43399 - 43664,43399.08346,265.0574183,43664.14088,,0
2202 CIN 22-B   (ED),200,37,,,,,,,,,,,0,2,239,0.004655148,0,0,0,0,0,0,0,0,0,0,0.004655148,0.001071694, 0.44 ,43665 - 43771,43665.14088,106.169421,43771.3103,,0
2203 CIN 22-C   (ED),131,15,,,,,,,,,,,0,3,149,0.003068692,0,0,0,0,0,0,0,0,0,0,0.003068692,0.000706465, 0.44 ,43772 - 43842,43772.3103,69.64650886,43841.95681,,0
2301 CIN 23-A   (ED),418,56,,,,,,,,,,,0,1,475,0.009692436,0,0,0,0,0,0,0,0,0,0,0.009692436,0.002231363, 0.44 ,43843 - 44065,43842.95681,222.1363318,44065.09314,,0
2302 CIN 23-B   (ED),149,21,,,,,,,,,,,0,1,171,0.003462411,0,0,0,0,0,0,0,0,0,0,0.003462411,0.000797106, 0.44 ,44066 - 44145,44066.09314,78.71058925,44144.80373,,0
2303 CIN 23-C   (ED),376,26,,,,,,,,,,,0,1,403,0.008719718,0,0,0,0,0,0,0,0,0,0,0.008719718,0.002007427, 0.44 ,44146 - 44346,44145.80373,199.7427214,44345.54645,,0
2304 CIN 23-D   (ED),510,36,,,,,,,,,,,0,1,547,0.011823151,0,0,0,0,0,0,0,0,0,0,0.011823151,0.00272189, 0.45 ,44347 - 44618,44346.54645,271.1890021,44617.73545,,0
2305 CIN 23-E   (ED),231,29,,,,,,,,,,,0,1,261,0.005361527,0,0,0,0,0,0,0,0,0,0,0.005361527,0.001234314, 0.45 ,44619 - 44741,44618.73545,122.4314476,44741.1669,,0
2306 CIN 23-F   (ED),381,87,,,,,,,,,,,0,3,471,0.008858678,0,0,0,0,0,0,0,0,0,0,0.008858678,0.002039418, 0.45 ,44742 - 44945,44742.1669,202.9418086,44945.10871,,0
2307 CIN 23-G   (ED),152,24,,,,,,,,,,,0,1,177,0.003531891,0,0,0,0,0,0,0,0,0,0,0.003531891,0.000813101, 0.45 ,44946 - 45026,44946.10871,80.31013284,45026.41884,,0
2308 CIN 23-H   (ED),348,127,,,,,,,,,,,0,4,479,0.00810598,0,0,0,0,0,0,0,0,0,0,0.00810598,0.001866134, 0.45 ,45027 - 45213,45027.41884,185.6134196,45213.03226,,0
2309 CIN 23-I   (ED),294,101,,,,,,,,,,,2,1,398,0.006843763,0,0,0,0,0,0,0,0,0,0,0.006843763,0.00157555, 0.45 ,45214 - 45371,45214.03226,156.5550443,45370.58731,,0
2310 CIN 23-J   (ED),308,113,,,,,,,,,,,1,4,426,0.007191162,0,0,0,0,0,0,0,0,0,0,0.007191162,0.001655528, 0.46 ,45372 - 45536,45371.58731,164.5527623,45536.14007,,0
2311 CIN 23-K   (ED),361,67,,,,,,,,,,,0,2,430,0.008383899,0,0,0,0,0,0,0,0,0,0,0.008383899,0.001930116, 0.46 ,45537 - 45729,45537.14007,192.011594,45729.15166,,0
2312 CIN 23-L   (ED),151,32,,,,,,,,,,,0,2,185,0.003520311,0,0,0,0,0,0,0,0,0,0,0.003520311,0.000810435, 0.46 ,45730 - 45810,45730.15166,80.04354224,45810.19521,,0
2313 CIN 23-M   (ED),248,49,,,,,,,,,,,0,1,298,0.005755246,0,0,0,0,0,0,0,0,0,0,0.005755246,0.001324955, 0.46 ,45811 - 45943,45811.19521,131.4955279,45942.69073,,0
2314 CIN 23-N   (ED),354,92,,,,,,,,,,,0,3,449,0.00823336,0,0,0,0,0,0,0,0,0,0,0.00823336,0.001895459, 0.46 ,45944 - 46132,45943.69073,188.5459162,46132.23665,,0
2315 CIN 23-O   (ED),365,82,,,,,,,,,,,0,2,449,0.008476539,0,0,0,0,0,0,0,0,0,0,0.008476539,0.001951443, 0.46 ,46133 - 46327,46133.23665,194.1443188,46327.38097,,0
2316 CIN 23-P   (ED),327,76,,,,,,,,,,,0,3,406,0.007608041,0,0,0,0,0,0,0,0,0,0,0.007608041,0.0017515, 0.47 ,46328 - 46503,46328.38097,174.1500239,46502.53099,,0
2317 CIN 23-Q   (ED),120,33,,,,,,,,,,,0,0,153,0.002779193,0,0,0,0,0,0,0,0,0,0,0.002779193,0.000639817, 0.47 ,46504 - 46567,46503.53099,62.98174388,46566.51274,,0
2318 CIN 23-R   (ED),159,38,,,,,,,,,,,0,2,199,0.003705591,0,0,0,0,0,0,0,0,0,0,0.003705591,0.00085309, 0.47 ,46568 - 46652,46567.51274,84.30899183,46651.82173,,0
2401 CIN 24-A   (ED),353,62,,,,,,,,,,,0,3,418,0.0082102,0,0,0,0,0,0,0,0,0,0,0.0082102,0.001890127, 0.47 ,46653 - 46841,46652.82173,188.012735,46840.83446,,0
2402 CIN 24-B   (ED),400,86,,,,,,,,,,,0,6,492,0.009333457,0,0,0,0,0,0,0,0,0,0,0.009333457,0.00214872, 0.47 ,46842 - 47056,46841.83446,213.8720232,47055.70649,,0
2403 CIN 24-C   (ED),193,27,,,,,,,,,,,0,1,221,0.004481449,0,0,0,0,0,0,0,0,0,0,0.004481449,0.001031706, 0.47 ,47057 - 47159,47056.70649,102.170562,47158.87705,,0
2404 CIN 24-D   (ED),295,99,,,,,,,,,,,0,2,396,0.006855343,0,0,0,0,0,0,0,0,0,0,0.006855343,0.001578216, 0.47 ,47160 - 47317,47159.87705,156.8216349,47316.69868,,0
2405 CIN 24-E   (ED),75,14,,,,,,,,,,,0,4,93,0.001783316,0,0,0,0,0,0,0,0,0,0,0.001783316,0.00041055, 0.47 ,47318 - 47358,47317.69868,40.05495232,47357.75364,,0
2406 CIN 24-F   (ED),162,43,,,,,,,,,,,0,2,207,0.003775071,0,0,0,0,0,0,0,0,0,0,0.003775071,0.000869085, 0.47 ,47359 - 47445,47358.75364,85.90853543,47444.66217,,0
2407 CIN 24-G   (ED),295,153,,,,,,,,,,,0,3,451,0.006866923,0,0,0,0,0,0,0,0,0,0,0.006866923,0.001580882, 0.48 ,47446 - 47603,47445.66217,157.0882255,47602.7504,,0
2408 CIN 24-H   (ED),21,4,,,,,,,,,,,0,0,25,0.000486359,0,0,0,0,0,0,0,0,0,0,0.000486359,0.000111968, 0.48 ,47604 - 47614,47603.7504,10.19680518,47613.9472,,0
2409 CIN 24-I   (ED),45,3,,,,,,,,,,,0,1,49,0.001053777,0,0,0,0,0,0,0,0,0,0,0.001053777,0.000242597, 0.48 ,47615 - 47638,47614.9472,23.25974455,47638.20695,,0
2501 CIN 25-A   (ED),180,24,,,,,,,,,,,0,0,204,0.00416879,0,0,0,0,0,0,0,0,0,0,0.00416879,0.000959726, 0.48 ,47639 - 47734,47639.20695,94.97261581,47734.17956,,0
2502 CIN 25-B   (ED),117,47,,,,,,,,,,,2,6,172,0.002802353,0,0,0,0,0,0,0,0,0,0,0.002802353,0.000645149, 0.48 ,47735 - 47799,47735.17956,63.51492507,47798.69449,,0
2503 CIN 25-C   (ED),345,198,,,,,,,,,,,0,2,545,0.00801334,0,0,0,0,0,0,0,0,0,0,0.00801334,0.001844807, 0.48 ,47800 - 47983,47799.69449,183.4806948,47983.17518,,0
2504 CIN 25-D   (ED),205,107,,,,,,,,,,,0,1,313,0.004759368,0,0,0,0,0,0,0,0,0,0,0.004759368,0.001095687, 0.48 ,47984 - 48093,47984.17518,108.5687364,48092.74392,,0
2505 CIN 25-E   (ED),289,186,,,,,,,,,,,1,2,478,0.006727963,0,0,0,0,0,0,0,0,0,0,0.006727963,0.001548891, 0.48 ,48094 - 48248,48093.74392,153.8891383,48247.63306,,0
2506 CIN 25-F   (ED),230,125,,,,,,,,,,,2,1,358,0.005361527,0,0,0,0,0,0,0,0,0,0,0.005361527,0.001234314, 0.48 ,48249 - 48371,48248.63306,122.4314476,48371.0645,,0
2507 CIN 25-G   (ED),116,73,,,,,,,,,,,0,2,191,0.002709713,0,0,0,0,0,0,0,0,0,0,0.002709713,0.000623822, 0.48 ,48372 - 48433,48372.0645,61.38220028,48433.4467,,0
2508 CIN 25-H   (ED),303,147,,,,,,,,,,,0,4,454,0.007063782,0,0,0,0,0,0,0,0,0,0,0.007063782,0.001626203, 0.49 ,48434 - 48596,48434.4467,161.6202657,48596.06697,,0
2509 CIN 25-I   (ED),241,163,,,,,,,,,,,0,2,406,0.005604706,0,0,0,0,0,0,0,0,0,0,0.005604706,0.001290299, 0.49 ,48597 - 48725,48597.06697,128.0298501,48725.09682,,0
2510 CIN 25-J   (ED),190,69,,,,,,,,,,,0,3,262,0.004435129,0,0,0,0,0,0,0,0,0,0,0.004435129,0.001021042, 0.49 ,48726 - 48827,48726.09682,101.1041996,48827.20102,,0
2511 CIN 25-K   (ED),238,87,,,,,,,,,,,1,1,327,0.005535226,0,0,0,0,0,0,0,0,0,0,0.005535226,0.001274303, 0.49 ,48828 - 48955,48828.20102,126.4303066,48954.63133,,0
2512 CIN 25-L   (ED),93,27,,,,,,,,,,,0,1,121,0.002165455,0,0,0,0,0,0,0,0,0,0,0.002165455,0.000498524, 0.49 ,48956 - 49004,48955.63133,48.8524421,49004.48377,,0
2601 CIN 26-A   (ED),333,193,,,,,,,,,,,0,4,530,0.007758581,0,0,0,0,0,0,0,0,0,0,0.007758581,0.001786157, 0.49 ,49005 - 49183,49005.48377,177.6157017,49183.09947,,0
2602 CIN 26-B   (ED),234,68,,,,,,,,,,,0,1,303,0.005431007,0,0,0,0,0,0,0,0,0,0,0.005431007,0.00125031, 0.49 ,49184 - 49308,49184.09947,124.0309912,49308.13046,,0
2603 CIN 26-C   (ED),169,63,,,,,,,,,,,0,4,236,0.00396035,0,0,0,0,0,0,0,0,0,0,0.00396035,0.00091174, 0.49 ,49309 - 49399,49309.13046,90.17398502,49399.30445,,0
2604 CIN 26-D   (ED),151,32,,,,,,,,,,,0,1,184,0.003508731,0,0,0,0,0,0,0,0,0,0,0.003508731,0.00080777, 0.49 ,49400 - 49480,49400.30445,79.77695164,49480.0814,,0
2605 CIN 26-E   (ED),190,31,,,,,,,,,,,0,4,225,0.004446709,0,0,0,0,0,0,0,0,0,0,0.004446709,0.001023708, 0.50 ,49481 - 49582,49481.0814,101.3707902,49582.45219,,0
2606 CIN 26-F   (ED),148,19,,,,,,,,,,,0,2,169,0.003450831,0,0,0,0,0,0,0,0,0,0,0.003450831,0.00079444, 0.50 ,49583 - 49662,49583.45219,78.44399865,49661.89619,,0
2607 CIN 26-G   (ED),161,92,,,,,,,,,,,0,1,254,0.003740331,0,0,0,0,0,0,0,0,0,0,0.003740331,0.000861088, 0.50 ,49663 - 49748,49662.89619,85.10876363,49748.00495,,0
2608 CIN 26-H   (ED),75,9,,,,,,,,,,,0,0,84,0.001736996,0,0,0,0,0,0,0,0,0,0,0.001736996,0.000399886, 0.50 ,49749 - 49788,49749.00495,38.98858992,49787.99354,,0
2609 CIN 26-I   (ED),273,127,,,,,,,,,,,0,5,405,0.006380564,0,0,0,0,0,0,0,0,0,0,0.006380564,0.001468914, 0.50 ,49789 - 49935,49788.99354,145.8914203,49934.88496,,0
2610 CIN 26-J   (ED),264,48,,,,,,,,,,,0,5,317,0.006172125,0,0,0,0,0,0,0,0,0,0,0.006172125,0.001420928, 0.50 ,49936 - 50077,49935.88496,141.0927895,50076.97775,,0
2611 CIN 26-K   (ED),329,162,,,,,,,,,,,0,2,493,0.007642781,0,0,0,0,0,0,0,0,0,0,0.007642781,0.001759498, 0.50 ,50078 - 50253,50077.97775,174.9497957,50252.92755,,0
2612 CIN 26-L   (ED),163,44,,,,,,,,,,,0,0,207,0.003775071,0,0,0,0,0,0,0,0,0,0,0.003775071,0.000869085, 0.50 ,50254 - 50340,50253.92755,85.90853543,50339.83608,,0
2613 CIN 26-M   (ED),97,20,,,,,,,,,,,2,1,120,0.002281254,0,0,0,0,0,0,0,0,0,0,0.002281254,0.000525183, 0.50 ,50341 - 50392,50340.83608,51.5183481,50392.35443,,0
2614 CIN 26-N   (ED),219,66,,,,,,,,,,,0,1,286,0.005083607,0,0,0,0,0,0,0,0,0,0,0.005083607,0.001170333, 0.51 ,50393 - 50509,50393.35443,116.0332732,50509.3877,,0
2615 CIN 26-O   (ED),366,123,,,,,,,,,,,1,6,496,0.008557599,0,0,0,0,0,0,0,0,0,0,0.008557599,0.001970105, 0.51 ,50510 - 50706,50510.3877,196.010453,50706.39816,,0
2616 CIN 26-P   (ED),239,71,,,,,,,,,,,0,4,314,0.005581546,0,0,0,0,0,0,0,0,0,0,0.005581546,0.001284967, 0.51 ,50707 - 50835,50707.39816,127.496669,50834.89482,,0
2617 CIN 26-Q   (ED),136,29,,,,,,,,,,,1,3,169,0.003196072,0,0,0,0,0,0,0,0,0,0,0.003196072,0.00073579, 0.51 ,50836 - 50908,50835.89482,72.57900546,50908.47383,,0
2618 CIN 26-R   (ED),101,19,,,,,,,,,,,0,0,120,0.002339154,0,0,0,0,0,0,0,0,0,0,0.002339154,0.000538513, 0.51 ,50909 - 50962,50909.47383,52.8513011,50962.32513,,0
2619 CIN 26-S   (ED),181,77,,,,,,,,,,,0,1,259,0.00420353,0,0,0,0,0,0,0,0,0,0,0.00420353,0.000967724, 0.51 ,50963 - 51059,50963.32513,95.77238761,51059.09752,,0
2811 BLUE 1-A   (ED),270,177,,,,,,,,,,,0,2,449,0.006276344,0,0,0,0,0,0,0,0,0,0,0.006276344,0.001444921, 0.51 ,51060 - 51204,51060.09752,143.4921049,51203.58962,,0
2812 BLUE 1-B   (ED),254,125,,,,,,,,,,,0,0,379,0.005882625,0,0,0,0,0,0,0,0,0,0,0.005882625,0.00135428, 0.51 ,51205 - 51339,51204.58962,134.4280245,51339.01765,,0
2821 BLUE 2-A   (ED),225,108,,,,,,,,,,,0,5,338,0.005268887,0,0,0,0,0,0,0,0,0,0,0.005268887,0.001212987, 0.51 ,51340 - 51460,51340.01765,120.2987228,51460.31637,3,1
2822 BLUE 2-B   (ED),185,133,,,,,,,,,,,0,3,321,0.004319329,0,0,0,0,0,0,0,0,0,0,0.004319329,0.000994383, 0.52 ,51461 - 51560,51461.31637,98.43829361,51559.75466,,0
2823 BLUE 2-C   (ED),359,183,,,,,,,,,,,0,7,549,0.008395479,0,0,0,0,0,0,0,0,0,0,0.008395479,0.001932782, 0.52 ,51561 - 51753,51560.75466,192.2781846,51753.03285,,0
2831 BLUE 3-A   (ED),269,146,,,,,,,,,,,0,3,418,0.006264764,0,0,0,0,0,0,0,0,0,0,0.006264764,0.001442255, 0.52 ,51754 - 51897,51754.03285,143.2255143,51897.25836,,0
2832 BLUE 3-B   (ED),278,121,,,,,,,,,,,0,10,409,0.006554264,0,0,0,0,0,0,0,0,0,0,0.006554264,0.001508903, 0.52 ,51898 - 52048,51898.25836,149.8902793,52048.14864,,0
2841 BLUE 4-A   (ED),293,133,,,,,,,,,,,0,5,431,0.006843763,0,0,0,0,0,0,0,0,0,0,0.006843763,0.00157555, 0.52 ,52049 - 52206,52049.14864,156.5550443,52205.70369,,0
2842 BLUE 4-B   (ED),343,181,,,,,,,,,,,0,7,531,0.00802492,0,0,0,0,0,0,0,0,0,0,0.00802492,0.001847473, 0.52 ,52207 - 52390,52206.70369,183.7472854,52390.45097,,0
2851 BLUE 5-A   (ED),353,157,,,,,,,,,,,1,5,516,0.00824494,0,0,0,0,0,0,0,0,0,0,0.00824494,0.001898125, 0.53 ,52391 - 52580,52391.45097,188.8125068,52580.26348,,0
2852 BLUE 5-B   (ED),267,115,,,,,,,,,,,0,4,386,0.006230025,0,0,0,0,0,0,0,0,0,0,0.006230025,0.001434257, 0.53 ,52581 - 52724,52581.26348,142.4257425,52723.68922,,0
2911 CHEV 1-A   (ED),330,220,,,,,,,,,,,0,4,554,0.007689101,0,0,0,0,0,0,0,0,0,0,0.007689101,0.001770162, 0.53 ,52725 - 52901,52724.68922,176.0161581,52900.70538,,0
2921 CHEV 2-A   (ED),335,243,,,,,,,,,,,1,6,585,0.007839641,0,0,0,0,0,0,0,0,0,0,0.007839641,0.001804818, 0.53 ,52902 - 53081,52901.70538,179.4818358,53081.18722,,0
2931 CHEV 3-A   (ED),308,152,,,,,,,,,,,0,5,465,0.007191162,0,0,0,0,0,0,0,0,0,0,0.007191162,0.001655528, 0.53 ,53082 - 53247,53082.18722,164.5527623,53246.73998,,0
2941 CHEV 4-A   (ED),382,203,,,,,,,,,,,0,8,593,0.008939738,0,0,0,0,0,0,0,0,0,0,0.008939738,0.002058079, 0.53 ,53248 - 53453,53247.73998,204.8079428,53452.54792,,0
3111 DR PK 1-A   (ED),271,152,,,,,,,,,,,0,8,431,0.006368984,0,0,0,0,0,0,0,0,0,0,0.006368984,0.001466248, 0.54 ,53454 - 53599,53453.54792,145.6248297,53599.17275,,0
3121 DR PK 2-A   (ED),322,186,,,,,,,,,,,0,1,509,0.007469081,0,0,0,0,0,0,0,0,0,0,0.007469081,0.001719509, 0.54 ,53600 - 53771,53600.17275,170.9509367,53771.12369,,0
3131 DR PK 3-A   (ED),289,159,,,,,,,,,,,0,7,455,0.006774283,0,0,0,0,0,0,0,0,0,0,0.006774283,0.001559555, 0.54 ,53772 - 53927,53772.12369,154.9555007,53927.07919,,0
3141 DR PK 4-A   (ED),272,182,,,,,,,,,,,0,6,460,0.006368984,0,0,0,0,0,0,0,0,0,0,0.006368984,0.001466248, 0.54 ,53928 - 54074,53928.07919,145.6248297,54073.70402,,0
3201 FR PK A   (ED),254,54,,,,,,,,,,,0,2,310,0.005905785,0,0,0,0,0,0,0,0,0,0,0.005905785,0.001359612, 0.54 ,54075 - 54210,54074.70402,134.9612057,54209.66522,,0
3202 FR PK B   (ED),277,106,,,,,,,,,,,0,3,386,0.006450044,0,0,0,0,0,0,0,0,0,0,0.006450044,0.00148491, 0.54 ,54211 - 54358,54210.66522,147.4909639,54358.15619,,0
3203 FR PK C   (ED),255,52,,,,,,,,,,,0,2,309,0.005928945,0,0,0,0,0,0,0,0,0,0,0.005928945,0.001364944, 0.54 ,54359 - 54495,54359.15619,135.4943869,54494.65057,,0
3204 FR PK D   (ED),231,69,,,,,,,,,,,0,2,302,0.005373107,0,0,0,0,0,0,0,0,0,0,0.005373107,0.00123698, 0.55 ,54496 - 54618,54495.65057,122.6980382,54618.34861,,0
3205 FR PK E   (ED),207,71,,,,,,,,,,,0,5,283,0.004852008,0,0,0,0,0,0,0,0,0,0,0.004852008,0.001117015, 0.55 ,54619 - 54730,54619.34861,110.7014612,54730.05007,,0
3206 FR PK F   (ED),133,35,,,,,,,,,,,0,2,170,0.003103432,0,0,0,0,0,0,0,0,0,0,0.003103432,0.000714463, 0.55 ,54731 - 54801,54731.05007,70.44628066,54801.49635,,0
3207 FR PK G   (ED),217,48,,,,,,,,,,,0,5,270,0.005083607,0,0,0,0,0,0,0,0,0,0,0.005083607,0.001170333, 0.55 ,54802 - 54919,54802.49635,116.0332732,54918.52963,,0
3208 FR PK H   (ED),220,34,,,,,,,,,,,0,6,260,0.005164667,0,0,0,0,0,0,0,0,0,0,0.005164667,0.001188994, 0.55 ,54920 - 55037,54919.52963,117.8994074,55037.42903,,0
3209 FR PK I   (ED),259,97,,,,,,,,,,,0,4,360,0.006044745,0,0,0,0,0,0,0,0,0,0,0.006044745,0.001391603, 0.55 ,55038 - 55177,55038.42903,138.1602929,55176.58933,,0
3210 FR PK J   (ED),233,60,,,,,,,,,,,0,6,299,0.005465746,0,0,0,0,0,0,0,0,0,0,0.005465746,0.001258308, 0.55 ,55178 - 55302,55177.58933,124.830763,55302.42009,,0
3211 FR PK K   (ED),198,43,,,,,,,,,,,0,5,246,0.004643568,0,0,0,0,0,0,0,0,0,0,0.004643568,0.001069028, 0.55 ,55303 - 55409,55303.42009,105.9028304,55409.32292,,0
3212 FR PK L   (ED),257,76,,,,,,,,,,,0,4,337,0.005998425,0,0,0,0,0,0,0,0,0,0,0.005998425,0.001380939, 0.56 ,55410 - 55547,55410.32292,137.0939305,55547.41685,,0
3213 FR PK M   (ED),277,67,,,,,,,,,,,0,0,344,0.006415304,0,0,0,0,0,0,0,0,0,0,0.006415304,0.001476912, 0.56 ,55548 - 55695,55548.41685,146.6911921,55695.10804,,0
3401 HARR A   (ED),190,316,,,,,,,,,,,0,8,514,0.004493029,0,0,0,0,0,0,0,0,0,0,0.004493029,0.001034372, 0.56 ,55696 - 55799,55696.10804,102.4371526,55798.5452,,0
3402 HARR B   (ED),195,295,,,,,,,,,,,0,3,493,0.004550929,0,0,0,0,0,0,0,0,0,0,0.004550929,0.001047701, 0.56 ,55800 - 55903,55799.5452,103.7701056,55903.3153,,0
3403 HARR C   (ED),238,405,,,,,,,,,,,0,6,649,0.005581546,0,0,0,0,0,0,0,0,0,0,0.005581546,0.001284967, 0.56 ,55904 - 56032,55904.3153,127.496669,56031.81197,,0
3404 HARR D   (ED),254,387,,,,,,,,,,,0,1,642,0.005894205,0,0,0,0,0,0,0,0,0,0,0.005894205,0.001356946, 0.56 ,56033 - 56168,56032.81197,134.6946151,56167.50659,,0
3405 HARR E   (ED),262,400,,,,,,,,,,,0,4,666,0.006114225,0,0,0,0,0,0,0,0,0,0,0.006114225,0.001407598, 0.56 ,56169 - 56308,56168.50659,139.7598365,56308.26642,,0
3406 HARR F   (ED),302,422,,,,,,,,,,,0,3,727,0.007029043,0,0,0,0,0,0,0,0,0,0,0.007029043,0.001618205, 0.56 ,56309 - 56470,56309.26642,160.8204939,56470.08692,,0
3407 HARR G   (ED),112,157,,,,,,,,,,,0,3,272,0.002628653,0,0,0,0,0,0,0,0,0,0,0.002628653,0.000605161, 0.57 ,56471 - 56531,56471.08692,59.51606608,56530.60298,,0
3501 IND HLL A   (ED),193,132,,,,,,,,,,,0,1,326,0.004481449,0,0,0,0,0,0,0,0,0,0,0.004481449,0.001031706, 0.57 ,56532 - 56634,56531.60298,102.170562,56633.77354,,0
3502 IND HLL B   (ED),287,252,,,,,,,,,,,0,6,545,0.006716383,0,0,0,0,0,0,0,0,0,0,0.006716383,0.001546225, 0.57 ,56635 - 56788,56634.77354,153.6225477,56788.39609,,0
3503 IND HLL C   (ED),271,147,,,,,,,,,,,0,3,421,0.006311084,0,0,0,0,0,0,0,0,0,0,0.006311084,0.001452919, 0.57 ,56789 - 56934,56789.39609,144.2918767,56933.68797,,0
3504 IND HLL D   (ED),222,128,,,,,,,,,,,0,1,351,0.005153087,0,0,0,0,0,0,0,0,0,0,0.005153087,0.001186328, 0.57 ,56935 - 57052,56934.68797,117.6328168,57052.32079,,0
3505 IND HLL E   (ED),269,178,,,,,,,,,,,0,1,448,0.006241605,0,0,0,0,0,0,0,0,0,0,0.006241605,0.001436923, 0.57 ,57053 - 57196,57053.32079,142.6923331,57196.01312,,0
3506 IND HLL F   (ED),194,146,,,,,,,,,,,0,5,345,0.004550929,0,0,0,0,0,0,0,0,0,0,0.004550929,0.001047701, 0.57 ,57197 - 57301,57197.01312,103.7701056,57300.78322,,0
3701 LOVE A   (ED),217,178,,,,,,,,,,,0,1,396,0.005037288,0,0,0,0,0,0,0,0,0,0,0.005037288,0.001159669, 0.57 ,57302 - 57417,57301.78322,114.9669108,57416.75014,,0
3702 LOVE B   (ED),370,248,,,,,,,,,,,1,5,624,0.008638659,0,0,0,0,0,0,0,0,0,0,0.008638659,0.001988766, 0.58 ,57418 - 57616,57417.75014,197.8765872,57615.62672,,0
3703 LOVE C   (ED),256,200,,,,,,,,,,,0,3,459,0.005963685,0,0,0,0,0,0,0,0,0,0,0.005963685,0.001372942, 0.58 ,57617 - 57753,57616.62672,136.2941587,57752.92088,,0
3704 LOVE D   (ED),221,159,,,,,,,,,,,0,2,382,0.005141507,0,0,0,0,0,0,0,0,0,0,0.005141507,0.001183662, 0.58 ,57754 - 57871,57753.92088,117.3662262,57871.28711,,0
3705 LOVE E   (ED),305,226,,,,,,,,,,,0,8,539,0.007156422,0,0,0,0,0,0,0,0,0,0,0.007156422,0.00164753, 0.58 ,57872 - 58036,57872.28711,163.7529905,58036.0401,,0
3706 LOVE F   (ED),240,153,,,,,,,,,,,1,1,395,0.005581546,0,0,0,0,0,0,0,0,0,0,0.005581546,0.001284967, 0.58 ,58037 - 58165,58037.0401,127.496669,58164.53677,,0
3707 LOVE G   (ED),179,155,,,,,,,,,,,0,2,336,0.00416879,0,0,0,0,0,0,0,0,0,0,0.00416879,0.000959726, 0.58 ,58166 - 58261,58165.53677,94.97261581,58260.50938,,0
3801 MADRA A   (ED),354,214,,,,,,,,,,,0,6,574,0.008268099,0,0,0,0,0,0,0,0,0,0,0.008268099,0.001903457, 0.58 ,58262 - 58451,58261.50938,189.345688,58450.85507,,0
3802 MADRA B   (ED),215,169,,,,,,,,,,,0,3,387,0.005014128,0,0,0,0,0,0,0,0,0,0,0.005014128,0.001154337, 0.59 ,58452 - 58566,58451.85507,114.4337296,58566.2888,,0
3803 MADRA C   (ED),256,164,,,,,,,,,,,0,3,423,0.005963685,0,0,0,0,0,0,0,0,0,0,0.005963685,0.001372942, 0.59 ,58567 - 58704,58567.2888,136.2941587,58703.58296,,0
3804 MADRA D   (ED),410,286,,,,,,,,,,,0,14,710,0.009657696,0,0,0,0,0,0,0,0,0,0,0.009657696,0.002223366, 0.59 ,58705 - 58926,58704.58296,221.33656,58925.91952,,0
3805 MADRA E   (ED),234,103,,,,,,,,,,,0,5,342,0.005477326,0,0,0,0,0,0,0,0,0,0,0.005477326,0.001260974, 0.59 ,58927 - 59052,58926.91952,125.0973536,59052.01687,,0
3806 MADRA F   (ED),357,240,,,,,,,,,,,1,8,606,0.008372319,0,0,0,0,0,0,0,0,0,0,0.008372319,0.00192745, 0.59 ,59053 - 59245,59053.01687,191.7450034,59244.76188,,0
3807 MADRA G   (ED),243,164,,,,,,,,,,,0,9,416,0.005732086,0,0,0,0,0,0,0,0,0,0,0.005732086,0.001319623, 0.59 ,59246 - 59377,59245.76188,130.9623467,59376.72422,,0
3808 MADRA H   (ED),249,149,,,,,,,,,,,0,3,401,0.005801566,0,0,0,0,0,0,0,0,0,0,0.005801566,0.001335619, 0.60 ,59378 - 59510,59377.72422,132.5618903,59510.28611,,0
3901 MILF A  (ED),8,4,,,,,,,,,,,0,0,12,0.00018528,0,0,0,0,0,0,0,0,0,0,0.00018528,4.26545E-05, 0.60 ,59511 - 59515,59511.28611,3.265449592,59514.55156,,0
4001 MONT A   (ED),375,287,,,,,,,,,,,0,4,666,0.008731298,0,0,0,0,0,0,0,0,0,0,0.008731298,0.002010093, 0.60 ,59516 - 59716,59515.55156,200.009312,59715.56087,,0
4002 MONT B   (ED),373,251,,,,,,,,,,,0,6,630,0.008708138,0,0,0,0,0,0,0,0,0,0,0.008708138,0.002004761, 0.60 ,59717 - 59916,59716.56087,199.4761308,59916.03701,,0
4003 MONT C   (ED),401,235,,,,,,,,,,,0,6,642,0.009356617,0,0,0,0,0,0,0,0,0,0,0.009356617,0.002154052, 0.60 ,59917 - 60131,59917.03701,214.4052044,60131.44221,,0
4004 MONT D   (ED),197,103,,,,,,,,,,,0,5,305,0.004620409,0,0,0,0,0,0,0,0,0,0,0.004620409,0.001063696, 0.60 ,60132 - 60238,60132.44221,105.3696492,60237.81186,,0
4005 MONT E   (ED),184,124,,,,,,,,,,,0,4,312,0.004307749,0,0,0,0,0,0,0,0,0,0,0.004307749,0.000991717, 0.60 ,60239 - 60337,60238.81186,98.17170301,60336.98356,,0
4006 MONT F   (ED),361,186,,,,,,,,,,,0,4,551,0.008407059,0,0,0,0,0,0,0,0,0,0,0.008407059,0.001935448, 0.61 ,60338 - 60531,60337.98356,192.5447752,60530.52834,,0
4007 MONT G   (ED),189,126,,,,,,,,,,,0,4,319,0.004423549,0,0,0,0,0,0,0,0,0,0,0.004423549,0.001018376, 0.61 ,60532 - 60632,60531.52834,100.837609,60632.36595,,0
4008 MONT H   (ED),305,205,,,,,,,,,,,0,4,514,0.007110102,0,0,0,0,0,0,0,0,0,0,0.007110102,0.001636866, 0.61 ,60633 - 60796,60633.36595,162.6866281,60796.05257,,0
4009 MONT I   (ED),270,171,,,,,,,,,,,0,3,444,0.006287924,0,0,0,0,0,0,0,0,0,0,0.006287924,0.001447587, 0.61 ,60797 - 60941,60797.05257,143.7586955,60940.81127,,0
4111 MTHY 1-A   (ED),259,123,,,,,,,,,,,0,3,385,0.006033165,0,0,0,0,0,0,0,0,0,0,0.006033165,0.001388937, 0.61 ,60942 - 61080,60941.81127,137.8937023,61079.70497,,0
4121 MTHY 2-A   (ED),278,145,,,,,,,,,,,0,4,427,0.006484784,0,0,0,0,0,0,0,0,0,0,0.006484784,0.001492907, 0.61 ,61081 - 61229,61080.70497,148.2907357,61228.99571,,0
4131 MTHY 3-A   (ED),252,99,,,,,,,,,,,0,1,352,0.005847885,0,0,0,0,0,0,0,0,0,0,0.005847885,0.001346283, 0.61 ,61230 - 61364,61229.99571,133.6282527,61363.62396,5,1
4141 MTHY 4-A   (ED),216,92,,,,,,,,,,,0,5,313,0.005060447,0,0,0,0,0,0,0,0,0,0,0.005060447,0.001165001, 0.61 ,61365 - 61480,61364.62396,115.500092,61480.12405,,0
4311 NCH 1-A   (ED),152,57,,,,,,,,,,,0,8,217,0.003612951,0,0,0,0,0,0,0,0,0,0,0.003612951,0.000831763, 0.62 ,61481 - 61563,61481.12405,82.17626704,61563.30032,,0
4312 NCH 1-B   (ED),242,130,,,,,,,,,,,0,6,378,0.005674186,0,0,0,0,0,0,0,0,0,0,0.005674186,0.001306294, 0.62 ,61564 - 61694,61564.30032,129.6293937,61693.92971,,0
4321 NCH 2-A   (ED),158,51,,,,,,,,,,,0,5,214,0.003717171,0,0,0,0,0,0,0,0,0,0,0.003717171,0.000855756, 0.62 ,61695 - 61780,61694.92971,84.57558243,61779.5053,,0
4331 NCH 3-A   (ED),261,99,,,,,,,,,,,1,2,363,0.006079485,0,0,0,0,0,0,0,0,0,0,0.006079485,0.001399601, 0.62 ,61781 - 61919,61780.5053,138.9600647,61919.46536,,0
4341 NCH 4-A   (ED),280,128,,,,,,,,,,,0,4,412,0.006531104,0,0,0,0,0,0,0,0,0,0,0.006531104,0.001503571, 0.62 ,61920 - 62070,61920.46536,149.3570981,62069.82246,,0
4342 NCH 4-B   (ED),160,74,,,,,,,,,,,0,6,240,0.003775071,0,0,0,0,0,0,0,0,0,0,0.003775071,0.000869085, 0.62 ,62071 - 62157,62070.82246,85.90853543,62156.73099,,0
4343 NCH 4-C   (ED),193,43,,,,,,,,,,,1,2,239,0.004504609,0,0,0,0,0,0,0,0,0,0,0.004504609,0.001037037, 0.62 ,62158 - 62260,62157.73099,102.7037432,62260.43474,,0
4411 NORW 1-A   (ED),145,58,,,,,,,,,,,0,0,203,0.003358192,0,0,0,0,0,0,0,0,0,0,0.003358192,0.000773113, 0.62 ,62261 - 62338,62261.43474,76.31127385,62337.74601,,0
4412 NORW 1-B   (ED),182,98,,,,,,,,,,,0,1,281,0.00422669,0,0,0,0,0,0,0,0,0,0,0.00422669,0.000973056, 0.62 ,62339 - 62435,62338.74601,96.30556881,62435.05158,,0
4413 NORW 1-C   (ED),234,127,,,,,,,,,,,0,5,366,0.005477326,0,0,0,0,0,0,0,0,0,0,0.005477326,0.001260974, 0.63 ,62436 - 62561,62436.05158,125.0973536,62561.14893,,0
4421 NORW 2-A   (ED),252,126,,,,,,,,,,,0,1,379,0.005847885,0,0,0,0,0,0,0,0,0,0,0.005847885,0.001346283, 0.63 ,62562 - 62696,62562.14893,133.6282527,62695.77719,,0
4422 NORW 2-B   (ED),213,128,,,,,,,,,,,0,5,346,0.004990968,0,0,0,0,0,0,0,0,0,0,0.004990968,0.001149005, 0.63 ,62697 - 62811,62696.77719,113.9005484,62810.67773,,0
4423 NORW 2-C   (ED),256,121,,,,,,,,,,,0,5,382,0.005986845,0,0,0,0,0,0,0,0,0,0,0.005986845,0.001378273, 0.63 ,62812 - 62949,62811.67773,136.8273399,62948.50507,,0
4431 NORW 3-A   (ED),248,103,,,,,,,,,,,0,3,354,0.005778406,0,0,0,0,0,0,0,0,0,0,0.005778406,0.001330287, 0.63 ,62950 - 63082,62949.50507,132.0287091,63081.53378,,0
4432 NORW 3-B   (ED),139,98,,,,,,,,,,,0,1,238,0.003230812,0,0,0,0,0,0,0,0,0,0,0.003230812,0.000743788, 0.63 ,63083 - 63156,63082.53378,73.37877726,63155.91256,,0
4433 NORW 3-C   (ED),327,205,,,,,,,,,,,0,7,539,0.007654361,0,0,0,0,0,0,0,0,0,0,0.007654361,0.001762164, 0.63 ,63157 - 63332,63156.91256,175.2163863,63332.12895,,0
4441 NORW 4-A   (ED),154,70,,,,,,,,,,,0,1,225,0.003578211,0,0,0,0,0,0,0,0,0,0,0.003578211,0.000823765, 0.63 ,63333 - 63415,63333.12895,81.37649524,63414.50544,,0
4442 NORW 4-B   (ED),187,81,,,,,,,,,,,0,1,269,0.004342489,0,0,0,0,0,0,0,0,0,0,0.004342489,0.000999715, 0.64 ,63416 - 63514,63415.50544,98.97147481,63514.47692,,0
4443 NORW 4-C   (ED),240,138,,,,,,,,,,,0,7,385,0.005639446,0,0,0,0,0,0,0,0,0,0,0.005639446,0.001298296, 0.64 ,63515 - 63644,63515.47692,128.8296219,63644.30654,,0
4611 READ 1-A   (ED),287,231,,,,,,,,,,,0,5,523,0.006704803,0,0,0,0,0,0,0,0,0,0,0.006704803,0.00154356, 0.64 ,63645 - 63799,63645.30654,153.3559571,63798.6625,,0
4612 READ 1-B   (ED),98,48,,,,,,,,,,,0,2,148,0.002292834,0,0,0,0,0,0,0,0,0,0,0.002292834,0.000527849, 0.64 ,63800 - 63851,63799.6625,51.7849387,63851.44743,,0
4621 READ 2-A   (ED),177,142,,,,,,,,,,,0,8,327,0.00419195,0,0,0,0,0,0,0,0,0,0,0.00419195,0.000965058, 0.64 ,63852 - 63948,63852.44743,95.50579701,63947.95323,,0
4622 READ 2-B   (ED),126,103,,,,,,,,,,,0,8,237,0.003010793,0,0,0,0,0,0,0,0,0,0,0.003010793,0.000693136, 0.64 ,63949 - 64017,63948.95323,68.31355587,64017.26679,,0
4631 READ 3-A   (ED),244,209,,,,,,,,,,,0,7,460,0.005732086,0,0,0,0,0,0,0,0,0,0,0.005732086,0.001319623, 0.64 ,64018 - 64149,64018.26679,130.9623467,64149.22913,,0
4632 READ 3-B   (ED),162,183,,,,,,,,,,,0,4,349,0.003798231,0,0,0,0,0,0,0,0,0,0,0.003798231,0.000874417, 0.64 ,64150 - 64237,64150.22913,86.44171663,64236.67085,,0
4641 READ 4-A   (ED),195,222,,,,,,,,,,,0,4,421,0.004562509,0,0,0,0,0,0,0,0,0,0,0.004562509,0.001050367, 0.64 ,64238 - 64342,64237.67085,104.0366962,64341.70755,,0
4642 READ 4-B   (ED),264,308,,,,,,,,,,,0,3,575,0.006148965,0,0,0,0,0,0,0,0,0,0,0.006148965,0.001415596, 0.64 ,64343 - 64483,64342.70755,140.5596083,64483.26716,,0
4911 SHAR 1-A   (ED),192,103,,,,,,,,,,,0,1,296,0.004458289,0,0,0,0,0,0,0,0,0,0,0.004458289,0.001026374, 0.65 ,64484 - 64586,64484.26716,101.6373808,64585.90454,,0
4912 SHAR 1-B   (ED),175,82,,,,,,,,,,,0,2,259,0.00407615,0,0,0,0,0,0,0,0,0,0,0.00407615,0.000938399, 0.65 ,64587 - 64680,64586.90454,92.83989102,64679.74443,,0
4921 SHAR 2-A   (ED),257,176,,,,,,,,,,,0,6,439,0.006021585,0,0,0,0,0,0,0,0,0,0,0.006021585,0.001386271, 0.65 ,64681 - 64818,64680.74443,137.6271117,64818.37154,,0
4931 SHAR 3-A   (ED),306,293,,,,,,,,,,,0,4,603,0.007133262,0,0,0,0,0,0,0,0,0,0,0.007133262,0.001642198, 0.65 ,64819 - 64983,64819.37154,163.2198093,64982.59135,,0
4932 SHAR 3-B   (ED),189,218,,,,,,,,,,,0,2,409,0.004400389,0,0,0,0,0,0,0,0,0,0,0.004400389,0.001013044, 0.65 ,64984 - 65084,64983.59135,100.3044278,65083.89578,,0
4941 SHAR 4-A   (ED),286,265,,,,,,,,,,,0,2,553,0.006646904,0,0,0,0,0,0,0,0,0,0,0.006646904,0.00153023, 0.65 ,65085 - 65237,65084.89578,152.0230041,65236.91878,,0
4942 SHAR 4-B   (ED),388,315,,,,,,,,,,,0,4,707,0.009032378,0,0,0,0,0,0,0,0,0,0,0.009032378,0.002079407, 0.65 ,65238 - 65445,65237.91878,206.9406676,65444.85945,,0
5201 SPDALE A   (ED),245,112,,,,,,,,,,,0,2,359,0.005697346,0,0,0,0,0,0,0,0,0,0,0.005697346,0.001311626, 0.66 ,65446 - 65576,65445.85945,130.1625749,65576.02202,,0
5202 SPDALE B   (ED),284,121,,,,,,,,,,,0,5,410,0.006635324,0,0,0,0,0,0,0,0,0,0,0.006635324,0.001527564, 0.66 ,65577 - 65729,65577.02202,151.7564135,65728.77844,9,1
5203 SPDALE C   (ED),211,117,,,,,,,,,,,0,6,334,0.004956228,0,0,0,0,0,0,0,0,0,0,0.004956228,0.001141008, 0.66 ,65730 - 65843,65729.77844,113.1007766,65842.87921,,0
5204 SPDALE D   (ED),198,119,,,,,,,,,,,0,6,323,0.004655148,0,0,0,0,0,0,0,0,0,0,0.004655148,0.001071694, 0.66 ,65844 - 65950,65843.87921,106.169421,65950.04863,,0
5205 SPDALE E   (ED),180,107,,,,,,,,,,,0,2,289,0.00419195,0,0,0,0,0,0,0,0,0,0,0.00419195,0.000965058, 0.66 ,65951 - 66047,65951.04863,95.50579701,66046.55443,,0
5206 SPDALE F   (ED),216,121,,,,,,,,,,,0,3,340,0.005037288,0,0,0,0,0,0,0,0,0,0,0.005037288,0.001159669, 0.66 ,66048 - 66163,66047.55443,114.9669108,66162.52134,,0
5207 SPDALE G   (ED),167,50,,,,,,,,,,,0,3,220,0.00390245,0,0,0,0,0,0,0,0,0,0,0.00390245,0.00089841, 0.66 ,66164 - 66252,66163.52134,88.84103203,66252.36237,,0
5208 SPDALE H   (ED),311,122,,,,,,,,,,,0,1,434,0.007214322,0,0,0,0,0,0,0,0,0,0,0.007214322,0.001660859, 0.66 ,66253 - 66418,66253.36237,165.0859435,66418.44832,,0
5301 WYOM A   (ED),553,190,,,,,,,,,,,0,5,748,0.012865348,0,0,0,0,0,0,0,0,0,0,0.012865348,0.002961822, 0.67 ,66419 - 66715,66419.44832,295.182156,66714.63047,,0
5302 WYOM B   (ED),522,171,,,,,,,,,,,0,4,697,0.01213581,0,0,0,0,0,0,0,0,0,0,0.01213581,0.002793869, 0.67 ,66716 - 66994,66715.63047,278.3869483,66994.01742,,0
5303 WYOM C   (ED),555,179,,,,,,,,,,,0,5,739,0.012911668,0,0,0,0,0,0,0,0,0,0,0.012911668,0.002972485, 0.67 ,66995 - 67291,66995.01742,296.2485184,67291.26594,,0
5304 WYOM D   (ED),502,154,,,,,,,,,,,0,4,660,0.011672611,0,0,0,0,0,0,0,0,0,0,0.011672611,0.002687233, 0.68 ,67292 - 67560,67292.26594,267.7233243,67559.98926,,0
5305 WYOM E   (ED),503,163,,,,,,,,,,,0,2,668,0.011672611,0,0,0,0,0,0,0,0,0,0,0.011672611,0.002687233, 0.68 ,67561 - 67829,67560.98926,267.7233243,67828.71259,,0
5501 AMBER A   (ED),286,96,,,,,,,,,,,0,2,384,0.006646904,0,0,0,0,0,0,0,0,0,0,0.006646904,0.00153023, 0.68 ,67830 - 67982,67829.71259,152.0230041,67981.73559,,0
5502 AMBER B   (ED),212,150,,,,,,,,,,,0,3,365,0.004944648,0,0,0,0,0,0,0,0,0,0,0.004944648,0.001138342, 0.68 ,67983 - 68096,67982.73559,112.834186,68095.56978,,0
5503 AMBER C   (ED),233,105,,,,,,,,,,,0,5,343,0.005454166,0,0,0,0,0,0,0,0,0,0,0.005454166,0.001255642, 0.68 ,68097 - 68221,68096.56978,124.5641724,68221.13395,,0
5504 AMBER D   (ED),281,123,,,,,,,,,,,0,2,406,0.006531104,0,0,0,0,0,0,0,0,0,0,0.006531104,0.001503571, 0.68 ,68222 - 68371,68222.13395,149.3570981,68371.49105,,0
5601 AND A   (ED),318,230,,,,,,,,,,,0,5,553,0.007422762,0,0,0,0,0,0,0,0,0,0,0.007422762,0.001708846, 0.69 ,68372 - 68542,68372.49105,169.8845743,68542.37562,,0
5602 AND B   (ED),236,201,,,,,,,,,,,2,5,444,0.005546806,0,0,0,0,0,0,0,0,0,0,0.005546806,0.001276969, 0.69 ,68543 - 68670,68543.37562,126.6968972,68670.07252,,0
5603 AND C   (ED),431,266,,,,,,,,,,,0,9,706,0.010086155,0,0,0,0,0,0,0,0,0,0,0.010086155,0.002322004, 0.69 ,68671 - 68902,68671.07252,231.2004121,68902.27293,,0
5604 AND D   (ED),369,318,,,,,,,,,,,0,9,696,0.008650239,0,0,0,0,0,0,0,0,0,0,0.008650239,0.001991432, 0.69 ,68903 - 69101,68903.27293,198.1431778,69101.41611,,0
5605 AND E   (ED),306,277,,,,,,,,,,,0,6,589,0.007156422,0,0,0,0,0,0,0,0,0,0,0.007156422,0.00164753, 0.69 ,69102 - 69266,69102.41611,163.7529905,69266.1691,,0
5606 AND F   (ED),369,304,,,,,,,,,,,0,4,677,0.008592339,0,0,0,0,0,0,0,0,0,0,0.008592339,0.001978102, 0.69 ,69267 - 69464,69267.1691,196.8102248,69463.97933,,0
5607 AND G   (ED),406,295,,,,,,,,,,,0,13,714,0.009553476,0,0,0,0,0,0,0,0,0,0,0.009553476,0.002199372, 0.70 ,69465 - 69684,69464.97933,218.9372446,69683.91657,,0
5608 AND H   (ED),384,275,,,,,,,,,,,0,14,673,0.009055538,0,0,0,0,0,0,0,0,0,0,0.009055538,0.002084738, 0.70 ,69685 - 69892,69684.91657,207.4738488,69892.39042,,0
5609 AND I   (ED),393,245,,,,,,,,,,,0,5,643,0.009159757,0,0,0,0,0,0,0,0,0,0,0.009159757,0.002108732, 0.70 ,69893 - 70103,69893.39042,209.8731642,70103.26358,,0
5610 AND J   (ED),271,251,,,,,,,,,,,0,3,525,0.006311084,0,0,0,0,0,0,0,0,0,0,0.006311084,0.001452919, 0.70 ,70104 - 70249,70104.26358,144.2918767,70248.55546,,0
5611 AND K   (ED),420,266,,,,,,,,,,,1,6,693,0.009808236,0,0,0,0,0,0,0,0,0,0,0.009808236,0.002258022, 0.70 ,70250 - 70474,70249.55546,224.8022378,70474.3577,,0
5612 AND L   (ED),413,303,,,,,,,,,,,0,7,723,0.009646116,0,0,0,0,0,0,0,0,0,0,0.009646116,0.0022207, 0.71 ,70475 - 70696,70475.3577,221.0699694,70696.42767,,0
5613 AND M   (ED),243,166,,,,,,,,,,,0,7,416,0.005708926,0,0,0,0,0,0,0,0,0,0,0.005708926,0.001314292, 0.71 ,70697 - 70828,70697.42767,130.4291655,70827.85683,,0
5614 AND N   (ED),447,244,,,,,,,,,,,1,6,698,0.010433554,0,0,0,0,0,0,0,0,0,0,0.010433554,0.002401981, 0.71 ,70829 - 71068,70828.85683,239.1981301,71068.05496,,0
5615 AND O   (ED),407,265,,,,,,,,,,,0,6,678,0.009495576,0,0,0,0,0,0,0,0,0,0,0.009495576,0.002186043, 0.71 ,71069 - 71287,71069.05496,217.6042916,71286.65925,,0
5616 AND P   (ED),175,132,,,,,,,,,,,0,4,311,0.00409931,0,0,0,0,0,0,0,0,0,0,0.00409931,0.000943731, 0.71 ,71288 - 71381,71287.65925,93.37307222,71381.03233,,0
5617 AND Q   (ED),412,305,,,,,,,,,,,0,9,726,0.009646116,0,0,0,0,0,0,0,0,0,0,0.009646116,0.0022207, 0.72 ,71382 - 71603,71382.03233,221.0699694,71603.1023,,0
5618 AND R   (ED),382,264,,,,,,,,,,,0,6,652,0.008916578,0,0,0,0,0,0,0,0,0,0,0.008916578,0.002052748, 0.72 ,71604 - 71808,71604.1023,204.2747616,71808.37706,,0
5619 AND S   (ED),219,152,,,,,,,,,,,0,5,376,0.005129927,0,0,0,0,0,0,0,0,0,0,0.005129927,0.001180996, 0.72 ,71809 - 71926,71809.37706,117.0996356,71926.47669,,0
5620 AND T   (ED),272,141,,,,,,,,,,,0,6,419,0.006368984,0,0,0,0,0,0,0,0,0,0,0.006368984,0.001466248, 0.72 ,71927 - 72073,71927.47669,145.6248297,72073.10152,,0
5621 AND U   (ED),350,245,,,,,,,,,,,0,6,601,0.00817546,0,0,0,0,0,0,0,0,0,0,0.00817546,0.00188213, 0.72 ,72074 - 72261,72074.10152,187.2129632,72261.31449,,0
5622 AND V   (ED),208,132,,,,,,,,,,,0,5,345,0.004875168,0,0,0,0,0,0,0,0,0,0,0.004875168,0.001122346, 0.72 ,72262 - 72374,72262.31449,111.2346424,72373.54913,,0
5623 AND W   (ED),252,152,,,,,,,,,,,1,7,412,0.005928945,0,0,0,0,0,0,0,0,0,0,0.005928945,0.001364944, 0.73 ,72375 - 72510,72374.54913,135.4943869,72510.04352,,0
5624 AND X   (ED),244,158,,,,,,,,,,,0,1,403,0.005662606,0,0,0,0,0,0,0,0,0,0,0.005662606,0.001303628, 0.73 ,72511 - 72640,72511.04352,129.3628031,72640.40632,,0
5625 AND Y   (ED),147,137,,,,,,,,,,,0,3,287,0.003439251,0,0,0,0,0,0,0,0,0,0,0.003439251,0.000791774, 0.73 ,72641 - 72720,72641.40632,78.17740805,72719.58373,,0
5626 AND Z   (ED),350,241,,,,,,,,,,,1,5,597,0.00817546,0,0,0,0,0,0,0,0,0,0,0.00817546,0.00188213, 0.73 ,72721 - 72908,72720.58373,187.2129632,72907.79669,,0
5627 AND AA   (ED),413,275,,,,,,,,,,,0,8,696,0.009657696,0,0,0,0,0,0,0,0,0,0,0.009657696,0.002223366, 0.73 ,72909 - 73130,72908.79669,221.33656,73130.13325,,0
5628 AND BB   (ED),331,189,,,,,,,,,,,2,9,531,0.007793321,0,0,0,0,0,0,0,0,0,0,0.007793321,0.001794155, 0.73 ,73131 - 73310,73131.13325,178.4154735,73309.54872,,0
5629 AND CC   (ED),218,149,,,,,,,,,,,1,3,371,0.005095187,0,0,0,0,0,0,0,0,0,0,0.005095187,0.001172999, 0.73 ,73311 - 73427,73310.54872,116.2998638,73426.84859,7,1
5630 AND DD   (ED),414,289,,,,,,,,,,,0,9,712,0.009692436,0,0,0,0,0,0,0,0,0,0,0.009692436,0.002231363, 0.74 ,73428 - 73650,73427.84859,222.1363318,73649.98492,,0
5631 AND EE   (ED),213,149,,,,,,,,,,,0,5,367,0.004990968,0,0,0,0,0,0,0,0,0,0,0.004990968,0.001149005, 0.74 ,73651 - 73765,73650.98492,113.9005484,73764.88547,,0
5632 AND FF   (ED),344,216,,,,,,,,,,,0,5,565,0.00802492,0,0,0,0,0,0,0,0,0,0,0.00802492,0.001847473, 0.74 ,73766 - 73950,73765.88547,183.7472854,73949.63275,,0
5801 ARLN A   (ED),127,66,,,,,,,,,,,0,4,197,0.002987633,0,0,0,0,0,0,0,0,0,0,0.002987633,0.000687804, 0.74 ,73951 - 74018,73950.63275,67.78037467,74018.41313,,0
5901 COLE A   (ED),187,442,,,,,,,,,,,0,3,632,0.004365649,0,0,0,0,0,0,0,0,0,0,0.004365649,0.001005047, 0.74 ,74019 - 74119,74019.41313,99.504656,74118.91778,,0
5902 COLE B   (ED),256,173,,,,,,,,,,,0,1,430,0.005940525,0,0,0,0,0,0,0,0,0,0,0.005940525,0.00136761, 0.74 ,74120 - 74256,74119.91778,135.7609775,74255.67876,,0
5903 COLE C   (ED),245,169,,,,,,,,,,,0,3,417,0.005708926,0,0,0,0,0,0,0,0,0,0,0.005708926,0.001314292, 0.74 ,74257 - 74387,74256.67876,130.4291655,74387.10793,,0
5904 COLE D   (ED),220,129,,,,,,,,,,,0,0,349,0.005095187,0,0,0,0,0,0,0,0,0,0,0.005095187,0.001172999, 0.75 ,74388 - 74504,74388.10793,116.2998638,74504.40779,,0
5905 COLE E   (ED),243,386,,,,,,,,,,,0,5,634,0.005685766,0,0,0,0,0,0,0,0,0,0,0.005685766,0.00130896, 0.75 ,74505 - 74635,74505.40779,129.8959843,74635.30377,,0
5906 COLE F   (ED),211,412,,,,,,,,,,,0,7,630,0.004967808,0,0,0,0,0,0,0,0,0,0,0.004967808,0.001143674, 0.75 ,74636 - 74750,74636.30377,113.3673672,74749.67114,,0
5907 COLE G   (ED),194,370,,,,,,,,,,,0,7,571,0.004574089,0,0,0,0,0,0,0,0,0,0,0.004574089,0.001053033, 0.75 ,74751 - 74855,74750.67114,104.3032868,74854.97443,,0
5908 COLE H   (ED),311,311,,,,,,,,,,,0,6,628,0.007272222,0,0,0,0,0,0,0,0,0,0,0.007272222,0.001674189, 0.75 ,74856 - 75022,74855.97443,166.4188965,75022.39333,,0
5909 COLE I   (ED),140,289,,,,,,,,,,,1,4,434,0.003300292,0,0,0,0,0,0,0,0,0,0,0.003300292,0.000759783, 0.75 ,75023 - 75098,75023.39333,74.97832085,75098.37165,,0
5910 COLE J   (ED),227,245,,,,,,,,,,,0,2,474,0.005280467,0,0,0,0,0,0,0,0,0,0,0.005280467,0.001215653, 0.75 ,75099 - 75220,75099.37165,120.5653134,75219.93696,,0
5911 COLE K   (ED),180,170,,,,,,,,,,,0,2,352,0.00419195,0,0,0,0,0,0,0,0,0,0,0.00419195,0.000965058, 0.75 ,75221 - 75316,75220.93696,95.50579701,75316.44276,,0
5912 COLE L   (ED),226,386,,,,,,,,,,,0,14,626,0.005396267,0,0,0,0,0,0,0,0,0,0,0.005396267,0.001242312, 0.75 ,75317 - 75441,75317.44276,123.2312194,75440.67398,,0
5913 COLE M   (ED),212,132,,,,,,,,,,,0,4,348,0.004956228,0,0,0,0,0,0,0,0,0,0,0.004956228,0.001141008, 0.76 ,75442 - 75555,75441.67398,113.1007766,75554.77475,,0
5914 COLE N   (ED),266,329,,,,,,,,,,,0,7,602,0.006241605,0,0,0,0,0,0,0,0,0,0,0.006241605,0.001436923, 0.76 ,75556 - 75698,75555.77475,142.6923331,75698.46709,,0
5915 COLE O   (ED),103,137,,,,,,,,,,,0,0,240,0.002385474,0,0,0,0,0,0,0,0,0,0,0.002385474,0.000549177, 0.76 ,75699 - 75753,75699.46709,53.91766349,75753.38475,,0
5916 COLE P   (ED),129,64,,,,,,,,,,,0,2,195,0.003010793,0,0,0,0,0,0,0,0,0,0,0.003010793,0.000693136, 0.76 ,75754 - 75823,75754.38475,68.31355587,75822.6983,,0
5917 COLE Q   (ED),188,405,,,,,,,,,,,0,3,596,0.004388809,0,0,0,0,0,0,0,0,0,0,0.004388809,0.001010378, 0.76 ,75824 - 75924,75823.6983,100.0378372,75923.73614,,0
5918 COLE R   (ED),230,216,,,,,,,,,,,0,1,447,0.005338367,0,0,0,0,0,0,0,0,0,0,0.005338367,0.001228983, 0.76 ,75925 - 76047,75924.73614,121.8982664,76046.63441,,0
5919 COLE S   (ED),237,312,,,,,,,,,,,0,8,557,0.005581546,0,0,0,0,0,0,0,0,0,0,0.005581546,0.001284967, 0.76 ,76048 - 76175,76047.63441,127.496669,76175.13108,,0
5920 COLE T   (ED),276,153,,,,,,,,,,,0,7,436,0.006473204,0,0,0,0,0,0,0,0,0,0,0.006473204,0.001490241, 0.76 ,76176 - 76324,76176.13108,148.0241451,76324.15522,,0
5921 COLE U   (ED),215,192,,,,,,,,,,,0,3,410,0.005014128,0,0,0,0,0,0,0,0,0,0,0.005014128,0.001154337, 0.76 ,76325 - 76440,76325.15522,114.4337296,76439.58895,,0
5922 COLE V   (ED),228,213,,,,,,,,,,,0,4,445,0.005326787,0,0,0,0,0,0,0,0,0,0,0.005326787,0.001226317, 0.77 ,76441 - 76562,76440.58895,121.6316758,76562.22063,,0
5923 COLE W   (ED),131,70,,,,,,,,,,,1,3,205,0.003080272,0,0,0,0,0,0,0,0,0,0,0.003080272,0.000709131, 0.77 ,76563 - 76633,76563.22063,69.91309946,76633.13373,,0
5924 COLE X   (ED),259,148,,,,,,,,,,,0,4,411,0.006044745,0,0,0,0,0,0,0,0,0,0,0.006044745,0.001391603, 0.77 ,76634 - 76772,76634.13373,138.1602929,76772.29402,,0
5925 COLE Y   (ED),287,129,,,,,,,,,,,0,2,418,0.006670063,0,0,0,0,0,0,0,0,0,0,0.006670063,0.001535562, 0.77 ,76773 - 76926,76773.29402,152.5561853,76925.85021,,0
5926 COLE Z   (ED),327,168,,,,,,,,,,,0,5,500,0.007631201,0,0,0,0,0,0,0,0,0,0,0.007631201,0.001756832, 0.77 ,76927 - 77102,76926.85021,174.6832051,77101.53341,,0
5927 COLE AA   (ED),186,416,,,,,,,,,,,0,4,606,0.004354069,0,0,0,0,0,0,0,0,0,0,0.004354069,0.001002381, 0.77 ,77103 - 77202,77102.53341,99.23806541,77201.77148,,0
5928 COLE BB   (ED),246,367,,,,,,,,,,,0,2,615,0.005720506,0,0,0,0,0,0,0,0,0,0,0.005720506,0.001316958, 0.77 ,77203 - 77333,77202.77148,130.6957561,77333.46723,,0
5929 COLE CC   (ED),180,114,,,,,,,,,,,0,1,295,0.00418037,0,0,0,0,0,0,0,0,0,0,0.00418037,0.000962392, 0.77 ,77334 - 77430,77334.46723,95.23920641,77429.70644,,0
5930 COLE DD   (ED),228,66,,,,,,,,,,,0,2,296,0.005303627,0,0,0,0,0,0,0,0,0,0,0.005303627,0.001220985, 0.78 ,77431 - 77552,77430.70644,121.0984946,77551.80493,,0
5931 COLE EE   (ED),234,204,,,,,,,,,,,0,4,442,0.005465746,0,0,0,0,0,0,0,0,0,0,0.005465746,0.001258308, 0.78 ,77553 - 77678,77552.80493,124.830763,77677.6357,,0
5932 COLE FF   (ED),81,70,,,,,,,,,,,0,1,152,0.001887535,0,0,0,0,0,0,0,0,0,0,0.001887535,0.000434543, 0.78 ,77679 - 77721,77678.6357,42.45426772,77721.08996,,0
5933 COLE GG   (ED),264,180,,,,,,,,,,,0,4,448,0.006160545,0,0,0,0,0,0,0,0,0,0,0.006160545,0.001418262, 0.78 ,77722 - 77863,77722.08996,140.8261989,77862.91616,,0
5934 COLE HH   (ED),206,114,,,,,,,,,,,0,2,322,0.004794108,0,0,0,0,0,0,0,0,0,0,0.004794108,0.001103685, 0.78 ,77864 - 77973,77863.91616,109.3685082,77973.28467,,0
5935 COLE II   (ED),125,128,,,,,,,,,,,0,0,253,0.002894993,0,0,0,0,0,0,0,0,0,0,0.002894993,0.000666476, 0.78 ,77974 - 78040,77974.28467,65.64764987,78039.93232,,0
5936 COLE JJ   (ED),276,221,,,,,,,,,,,0,5,502,0.006450044,0,0,0,0,0,0,0,0,0,0,0.006450044,0.00148491, 0.78 ,78041 - 78188,78040.93232,147.4909639,78188.42328,,0
5937 COLE KK   (ED),307,127,,,,,,,,,,,0,2,436,0.007133262,0,0,0,0,0,0,0,0,0,0,0.007133262,0.001642198, 0.78 ,78189 - 78353,78189.42328,163.2198093,78352.64309,,0
5938 COLE LL   (ED),200,104,,,,,,,,,,,0,3,307,0.004666728,0,0,0,0,0,0,0,0,0,0,0.004666728,0.00107436, 0.78 ,78354 - 78460,78353.64309,106.4360116,78460.07911,,0
6201 COLUM A   (ED),48,26,,,,,,,,,,,0,2,76,0.001134837,0,0,0,0,0,0,0,0,0,0,0.001134837,0.000261259, 0.78 ,78461 - 78486,78461.07911,25.12587875,78486.20498,,0
6202 COLUM B   (ED),89,43,,,,,,,,,,,0,0,132,0.002061235,0,0,0,0,0,0,0,0,0,0,0.002061235,0.000474531, 0.79 ,78487 - 78534,78487.20498,46.45312671,78533.65811,,0
6203 COLUM C   (ED),163,53,,,,,,,,,,,0,4,220,0.003821391,0,0,0,0,0,0,0,0,0,0,0.003821391,0.000879749, 0.79 ,78535 - 78622,78534.65811,86.97489783,78621.63301,,0
6204 COLUM D   (ED),126,26,,,,,,,,,,,0,2,154,0.002941313,0,0,0,0,0,0,0,0,0,0,0.002941313,0.00067714, 0.79 ,78623 - 78689,78622.63301,66.71401227,78689.34702,,0
6205 COLUM E   (ED),73,32,,,,,,,,,,,0,0,105,0.001690676,0,0,0,0,0,0,0,0,0,0,0.001690676,0.000389222, 0.79 ,78690 - 78728,78690.34702,37.92222752,78728.26925,,0
6206 COLUM F   (ED),165,96,,,,,,,,,,,0,1,262,0.00383297,0,0,0,0,0,0,0,0,0,0,0.00383297,0.000882415, 0.79 ,78729 - 78817,78729.26925,87.24148843,78816.51074,,0
6207 COLUM G   (ED),228,83,,,,,,,,,,,0,6,317,0.005349947,0,0,0,0,0,0,0,0,0,0,0.005349947,0.001231649, 0.79 ,78818 - 78940,78817.51074,122.164857,78939.67559,,0
6208 COLUM H   (ED),1,0,,,,,,,,,,,0,0,1,2.31599E-05,0,0,0,0,0,0,0,0,0,0,2.31599E-05,5.33181E-06, 0.79 ,78941 - 78940,78940.67559,-0.466818801,78940.20878,,0
6209 COLUM I   (ED),27,5,,,,,,,,,,,0,0,32,0.000625318,0,0,0,0,0,0,0,0,0,0,0.000625318,0.000143959, 0.79 ,78941 - 78955,78941.20878,13.39589237,78954.60467,,0
6401 CROSB A   (ED),254,354,,,,,,,,,,,0,4,612,0.005928945,0,0,0,0,0,0,0,0,0,0,0.005928945,0.001364944, 0.79 ,78956 - 79091,78955.60467,135.4943869,79091.09905,,0
6402 CROSB B   (ED),206,433,,,,,,,,,,,0,5,644,0.004828848,0,0,0,0,0,0,0,0,0,0,0.004828848,0.001111683, 0.79 ,79092 - 79202,79092.09905,110.16828,79202.26733,,0
6501 DELHI A   (ED),256,195,,,,,,,,,,,0,5,456,0.005986845,0,0,0,0,0,0,0,0,0,0,0.005986845,0.001378273, 0.79 ,79203 - 79340,79203.26733,136.8273399,79340.09467,,0
6502 DELHI B   (ED),239,178,,,,,,,,,,,0,5,422,0.005593126,0,0,0,0,0,0,0,0,0,0,0.005593126,0.001287633, 0.79 ,79341 - 79469,79341.09467,127.7632595,79468.85793,,0
6503 DELHI C   (ED),260,342,,,,,,,,,,,0,6,608,0.006091065,0,0,0,0,0,0,0,0,0,0,0.006091065,0.001402267, 0.80 ,79470 - 79609,79469.85793,139.2266553,79609.08459,,0
6504 DELHI D   (ED),183,194,,,,,,,,,,,0,8,385,0.004330909,0,0,0,0,0,0,0,0,0,0,0.004330909,0.000997049, 0.80 ,79610 - 79709,79610.08459,98.70488421,79708.78947,,0
6505 DELHI E   (ED),178,354,,,,,,,,,,,0,7,539,0.00420353,0,0,0,0,0,0,0,0,0,0,0.00420353,0.000967724, 0.80 ,79710 - 79806,79709.78947,95.77238761,79805.56186,,0
6506 DELHI F   (ED),251,258,,,,,,,,,,,1,7,517,0.005905785,0,0,0,0,0,0,0,0,0,0,0.005905785,0.001359612, 0.80 ,79807 - 79942,79806.56186,134.9612057,79941.52307,,0
6507 DELHI G   (ED),239,397,,,,,,,,,,,0,4,640,0.005581546,0,0,0,0,0,0,0,0,0,0,0.005581546,0.001284967, 0.80 ,79943 - 80070,79942.52307,127.496669,80070.01974,,0
6508 DELHI H   (ED),303,385,,,,,,,,,,,0,1,689,0.007029043,0,0,0,0,0,0,0,0,0,0,0.007029043,0.001618205, 0.80 ,80071 - 80232,80071.01974,160.8204939,80231.84023,,0
6509 DELHI I   (ED),137,166,,,,,,,,,,,0,4,307,0.003219232,0,0,0,0,0,0,0,0,0,0,0.003219232,0.000741122, 0.80 ,80233 - 80306,80232.84023,73.11218666,80305.95242,,0
6510 DELHI J   (ED),297,300,,,,,,,,,,,0,6,603,0.006947983,0,0,0,0,0,0,0,0,0,0,0.006947983,0.001599544, 0.80 ,80307 - 80466,80306.95242,158.9543597,80465.90678,,0
6511 DELHI K   (ED),208,241,,,,,,,,,,,0,6,455,0.004886748,0,0,0,0,0,0,0,0,0,0,0.004886748,0.001125012, 0.81 ,80467 - 80578,80466.90678,111.501233,80578.40801,,0
6512 DELHI L   (ED),254,326,,,,,,,,,,,0,3,583,0.005917365,0,0,0,0,0,0,0,0,0,0,0.005917365,0.001362278, 0.81 ,80579 - 80715,80579.40801,135.2277963,80714.63581,,0
6513 DELHI M   (ED),209,240,,,,,,,,,,,0,5,454,0.004898328,0,0,0,0,0,0,0,0,0,0,0.004898328,0.001127678, 0.81 ,80716 - 80827,80715.63581,111.7678236,80827.40363,,0
6514 DELHI N   (ED),143,105,,,,,,,,,,,0,4,252,0.003358192,0,0,0,0,0,0,0,0,0,0,0.003358192,0.000773113, 0.81 ,80828 - 80905,80828.40363,76.31127385,80904.7149,,0
6515 DELHI O   (ED),287,345,,,,,,,,,,,0,4,636,0.006693223,0,0,0,0,0,0,0,0,0,0,0.006693223,0.001540894, 0.81 ,80906 - 81059,80905.7149,153.0893665,81058.80427,,0
6516 DELHI P   (ED),220,301,,,,,,,,,,,0,8,529,0.005187827,0,0,0,0,0,0,0,0,0,0,0.005187827,0.001194326, 0.81 ,81060 - 81178,81059.80427,118.4325886,81178.23686,,0
6517 DELHI Q   (ED),225,426,,,,,,,,,,,0,11,662,0.005338367,0,0,0,0,0,0,0,0,0,0,0.005338367,0.001228983, 0.81 ,81179 - 81301,81179.23686,121.8982664,81301.13512,,0
6518 DELHI R   (ED),130,186,,,,,,,,,,,0,1,317,0.003022373,0,0,0,0,0,0,0,0,0,0,0.003022373,0.000695801, 0.81 ,81302 - 81371,81302.13512,68.58014646,81370.71527,,0
6519 DELHI S   (ED),222,291,,,,,,,,,,,0,4,517,0.005187827,0,0,0,0,0,0,0,0,0,0,0.005187827,0.001194326, 0.81 ,81372 - 81490,81371.71527,118.4325886,81490.14786,,0
6701 ELMW A   (ED),138,102,,,,,,,,,,,0,1,241,0.003207652,0,0,0,0,0,0,0,0,0,0,0.003207652,0.000738456, 0.82 ,81491 - 81564,81491.14786,72.84559606,81563.99346,,0
6801 EVEN A   (ED),354,290,,,,,,,,,,,0,8,652,0.008291259,0,0,0,0,0,0,0,0,0,0,0.008291259,0.001908789, 0.82 ,81565 - 81755,81564.99346,189.8788692,81754.87232,,0
6802 EVEN B   (ED),229,285,,,,,,,,,,,0,3,517,0.005338367,0,0,0,0,0,0,0,0,0,0,0.005338367,0.001228983, 0.82 ,81756 - 81878,81755.87232,121.8982664,81877.77059,,0
6803 EVEN C   (ED),97,32,,,,,,,,,,,0,0,129,0.002246514,0,0,0,0,0,0,0,0,0,0,0.002246514,0.000517186, 0.82 ,81879 - 81929,81878.77059,50.7185763,81929.48917,,0
6901 FAIRFX A   (ED),433,213,,,,,,,,,,,1,12,659,0.010178795,0,0,0,0,0,0,0,0,0,0,0.010178795,0.002343331, 0.82 ,81930 - 82164,81930.48917,233.3331369,82163.8223,,0
7001 GLEN A   (ED),296,226,,,,,,,,,,,0,8,530,0.006947983,0,0,0,0,0,0,0,0,0,0,0.006947983,0.001599544, 0.82 ,82165 - 82324,82164.8223,158.9543597,82323.77666,2,1
7002 GLEN B   (ED),363,214,,,,,,,,,,,0,8,585,0.008499699,0,0,0,0,0,0,0,0,0,0,0.008499699,0.001956775, 0.83 ,82325 - 82519,82324.77666,194.6775,82519.45416,,0
7101 GOLF A   (ED),322,114,,,,,,,,,,,0,14,450,0.007619621,0,0,0,0,0,0,0,0,0,0,0.007619621,0.001754166, 0.83 ,82520 - 82695,82520.45416,174.4166145,82694.87078,,0
7102 GOLF B   (ED),311,59,,,,,,,,,,,0,9,379,0.007306962,0,0,0,0,0,0,0,0,0,0,0.007306962,0.001682187, 0.83 ,82696 - 82863,82695.87078,167.2186683,82863.08945,,0
7301 GREEN A   (ED),228,302,,,,,,,,,,,0,6,536,0.005349947,0,0,0,0,0,0,0,0,0,0,0.005349947,0.001231649, 0.83 ,82864 - 82986,82864.08945,122.164857,82986.2543,,0
7302 GREEN B   (ED),293,286,,,,,,,,,,,1,4,584,0.006843763,0,0,0,0,0,0,0,0,0,0,0.006843763,0.00157555, 0.83 ,82987 - 83144,82987.2543,156.5550443,83143.80935,,0
7303 GREEN C   (ED),193,189,,,,,,,,,,,1,1,384,0.004493029,0,0,0,0,0,0,0,0,0,0,0.004493029,0.001034372, 0.83 ,83145 - 83247,83144.80935,102.4371526,83247.2465,,0
7304 GREEN D   (ED),257,323,,,,,,,,,,,0,8,588,0.006044745,0,0,0,0,0,0,0,0,0,0,0.006044745,0.001391603, 0.83 ,83248 - 83386,83248.2465,138.1602929,83386.40679,,0
7305 GREEN E   (ED),250,394,,,,,,,,,,,0,5,649,0.005847885,0,0,0,0,0,0,0,0,0,0,0.005847885,0.001346283, 0.84 ,83387 - 83521,83387.40679,133.6282527,83521.03505,,0
7306 GREEN F   (ED),225,271,,,,,,,,,,,0,2,498,0.005234147,0,0,0,0,0,0,0,0,0,0,0.005234147,0.00120499, 0.84 ,83522 - 83642,83522.03505,119.498951,83641.534,,0
7307 GREEN G   (ED),144,324,,,,,,,,,,,0,3,471,0.003369772,0,0,0,0,0,0,0,0,0,0,0.003369772,0.000775779, 0.84 ,83643 - 83719,83642.534,76.57786445,83719.11186,,0
7308 GREEN H   (ED),213,131,,,,,,,,,,,0,3,347,0.004967808,0,0,0,0,0,0,0,0,0,0,0.004967808,0.001143674, 0.84 ,83720 - 83833,83720.11186,113.3673672,83833.47923,,0
7309 GREEN I   (ED),221,202,,,,,,,,,,,0,5,428,0.005176247,0,0,0,0,0,0,0,0,0,0,0.005176247,0.00119166, 0.84 ,83834 - 83953,83834.47923,118.165998,83952.64523,,0
7310 GREEN J   (ED),186,292,,,,,,,,,,,0,4,482,0.004354069,0,0,0,0,0,0,0,0,0,0,0.004354069,0.001002381, 0.84 ,83954 - 84053,83953.64523,99.23806541,84052.88329,,0
7311 GREEN K   (ED),224,386,,,,,,,,,,,0,4,614,0.005234147,0,0,0,0,0,0,0,0,0,0,0.005234147,0.00120499, 0.84 ,84054 - 84173,84053.88329,119.498951,84173.38224,,0
7312 GREEN L   (ED),282,362,,,,,,,,,,,0,4,648,0.006577424,0,0,0,0,0,0,0,0,0,0,0.006577424,0.001514235, 0.84 ,84174 - 84325,84174.38224,150.4234605,84324.8057,,0
7313 GREEN M   (ED),131,242,,,,,,,,,,,0,6,379,0.003103432,0,0,0,0,0,0,0,0,0,0,0.003103432,0.000714463, 0.84 ,84326 - 84396,84325.8057,70.44628066,84396.25198,,0
7314 GREEN N   (ED),295,237,,,,,,,,,,,0,5,537,0.006890083,0,0,0,0,0,0,0,0,0,0,0.006890083,0.001586214, 0.85 ,84397 - 84555,84397.25198,157.6214067,84554.87339,,0
7315 GREEN O   (ED),301,272,,,,,,,,,,,0,2,575,0.006994303,0,0,0,0,0,0,0,0,0,0,0.006994303,0.001610207, 0.85 ,84556 - 84716,84555.87339,160.0207221,84715.89411,,0
7316 GREEN P   (ED),172,358,,,,,,,,,,,0,0,530,0.00398351,0,0,0,0,0,0,0,0,0,0,0.00398351,0.000917072, 0.85 ,84717 - 84808,84716.89411,90.70716622,84807.60128,,0
7317 GREEN Q   (ED),206,400,,,,,,,,,,,0,8,614,0.004863588,0,0,0,0,0,0,0,0,0,0,0.004863588,0.001119681, 0.85 ,84809 - 84920,84808.60128,110.9680518,84919.56933,,0
7318 GREEN R   (ED),120,243,,,,,,,,,,,1,4,368,0.002837093,0,0,0,0,0,0,0,0,0,0,0.002837093,0.000653147, 0.85 ,84921 - 84985,84920.56933,64.31469687,84984.88403,,0
7319 GREEN S   (ED),278,214,,,,,,,,,,,0,3,495,0.006473204,0,0,0,0,0,0,0,0,0,0,0.006473204,0.001490241, 0.85 ,84986 - 85134,84985.88403,148.0241451,85133.90817,,0
7320 GREEN T   (ED),124,99,,,,,,,,,,,0,5,228,0.002929733,0,0,0,0,0,0,0,0,0,0,0.002929733,0.000674474, 0.85 ,85135 - 85201,85134.90817,66.44742167,85201.35559,,0
7321 GREEN U   (ED),153,194,,,,,,,,,,,0,3,350,0.003578211,0,0,0,0,0,0,0,0,0,0,0.003578211,0.000823765, 0.85 ,85202 - 85284,85202.35559,81.37649524,85283.73209,,0
7322 GREEN V   (ED),204,280,,,,,,,,,,,1,5,490,0.004794108,0,0,0,0,0,0,0,0,0,0,0.004794108,0.001103685, 0.85 ,85285 - 85394,85284.73209,109.3685082,85394.1006,,0
7323 GREEN W   (ED),233,520,,,,,,,,,,,0,7,760,0.005477326,0,0,0,0,0,0,0,0,0,0,0.005477326,0.001260974, 0.86 ,85395 - 85520,85395.1006,125.0973536,85520.19795,,0
7324 GREEN X   (ED),269,374,,,,,,,,,,,0,8,651,0.006322664,0,0,0,0,0,0,0,0,0,0,0.006322664,0.001455585, 0.86 ,85521 - 85666,85521.19795,144.5584673,85665.75642,,0
7325 GREEN Y   (ED),205,290,,,,,,,,,,,0,5,500,0.004805688,0,0,0,0,0,0,0,0,0,0,0.004805688,0.001106351, 0.86 ,85667 - 85776,85666.75642,109.6350988,85776.39152,,0
7326 GREEN Z   (ED),283,348,,,,,,,,,,,0,8,639,0.006646904,0,0,0,0,0,0,0,0,0,0,0.006646904,0.00153023, 0.86 ,85777 - 85929,85777.39152,152.0230041,85929.41452,,0
7327 GREEN AA   (ED),179,328,,,,,,,,,,,0,1,508,0.00415721,0,0,0,0,0,0,0,0,0,0,0.00415721,0.00095706, 0.86 ,85930 - 86025,85930.41452,94.70602521,86025.12055,,0
7328 GREEN BB   (ED),157,263,,,,,,,,,,,1,6,427,0.003717171,0,0,0,0,0,0,0,0,0,0,0.003717171,0.000855756, 0.86 ,86026 - 86111,86026.12055,84.57558243,86110.69613,,0
7329 GREEN CC   (ED),198,218,,,,,,,,,,,2,4,422,0.004655148,0,0,0,0,0,0,0,0,0,0,0.004655148,0.001071694, 0.86 ,86112 - 86218,86111.69613,106.169421,86217.86555,,0
7330 GREEN DD   (ED),140,230,,,,,,,,,,,0,3,373,0.003277132,0,0,0,0,0,0,0,0,0,0,0.003277132,0.000754451, 0.86 ,86219 - 86293,86218.86555,74.44513965,86293.31069,,0
7331 GREEN EE   (ED),237,213,,,,,,,,,,,0,2,452,0.005512066,0,0,0,0,0,0,0,0,0,0,0.005512066,0.001268971, 0.86 ,86294 - 86420,86294.31069,125.8971254,86420.20782,,0
7332 GREEN FF   (ED),194,256,,,,,,,,,,,0,5,455,0.004550929,0,0,0,0,0,0,0,0,0,0,0.004550929,0.001047701, 0.87 ,86421 - 86525,86421.20782,103.7701056,86524.97792,,0
7333 GREEN GG   (ED),241,380,,,,,,,,,,,0,6,627,0.005651026,0,0,0,0,0,0,0,0,0,0,0.005651026,0.001300962, 0.87 ,86526 - 86655,86525.97792,129.0962125,86655.07413,,0
7334 GREEN HH   (ED),232,286,,,,,,,,,,,0,7,525,0.005454166,0,0,0,0,0,0,0,0,0,0,0.005454166,0.001255642, 0.87 ,86656 - 86781,86656.07413,124.5641724,86780.63831,,0
7335 GREEN II   (ED),171,100,,,,,,,,,,,0,1,272,0.00397193,0,0,0,0,0,0,0,0,0,0,0.00397193,0.000914406, 0.87 ,86782 - 86872,86781.63831,90.44057562,86872.07888,,0
7336 GREEN JJ   (ED),247,280,,,,,,,,,,,0,4,531,0.005766826,0,0,0,0,0,0,0,0,0,0,0.005766826,0.001327621, 0.87 ,86873 - 87005,86873.07888,131.7621185,87004.841,,0
7337 GREEN KK   (ED),231,344,,,,,,,,,,,0,5,580,0.005407847,0,0,0,0,0,0,0,0,0,0,0.005407847,0.001244978, 0.87 ,87006 - 87129,87005.841,123.49781,87129.33881,,0
7338 GREEN LL   (ED),195,308,,,,,,,,,,,0,4,507,0.004562509,0,0,0,0,0,0,0,0,0,0,0.004562509,0.001050367, 0.87 ,87130 - 87234,87130.33881,104.0366962,87234.37551,,0
7339 GREEN MM   (ED),134,253,,,,,,,,,,,0,4,391,0.003149752,0,0,0,0,0,0,0,0,0,0,0.003149752,0.000725126, 0.87 ,87235 - 87307,87235.37551,71.51264306,87306.88815,,0
7340 GREEN NN   (ED),129,216,,,,,,,,,,,0,8,353,0.003080272,0,0,0,0,0,0,0,0,0,0,0.003080272,0.000709131, 0.87 ,87308 - 87378,87307.88815,69.91309946,87377.80125,,0
7341 GREEN OO   (ED),129,175,,,,,,,,,,,0,3,307,0.003022373,0,0,0,0,0,0,0,0,0,0,0.003022373,0.000695801, 0.87 ,87379 - 87447,87378.80125,68.58014646,87447.3814,,0
7342 GREEN PP   (ED),281,373,,,,,,,,,,,0,7,661,0.006589004,0,0,0,0,0,0,0,0,0,0,0.006589004,0.001516901, 0.88 ,87448 - 87599,87448.3814,150.6900511,87599.07145,,0
7343 GREEN QQ   (ED),219,418,,,,,,,,,,,0,7,644,0.005153087,0,0,0,0,0,0,0,0,0,0,0.005153087,0.001186328, 0.88 ,87600 - 87718,87600.07145,117.6328168,87717.70426,,0
7401 GR HL A   (ED),134,90,,,,,,,,,,,0,4,228,0.003149752,0,0,0,0,0,0,0,0,0,0,0.003149752,0.000725126, 0.88 ,87719 - 87790,87718.70426,71.51264306,87790.21691,,0
7402 GR HL B   (ED),304,237,,,,,,,,,,,0,3,544,0.007075362,0,0,0,0,0,0,0,0,0,0,0.007075362,0.001628869, 0.88 ,87791 - 87953,87791.21691,161.8868563,87953.10376,,0
7403 GR HL C   (ED),265,197,,,,,,,,,,,0,0,462,0.006137385,0,0,0,0,0,0,0,0,0,0,0.006137385,0.00141293, 0.88 ,87954 - 88094,87954.10376,140.2930177,88094.39678,,0
7601 HARR AA   (ED),123,260,,,,,,,,,,,0,4,387,0.002894993,0,0,0,0,0,0,0,0,0,0,0.002894993,0.000666476, 0.88 ,88095 - 88161,88095.39678,65.64764987,88161.04443,,0
7602 HARR BB   (ED),200,443,,,,,,,,,,,1,6,650,0.004713048,0,0,0,0,0,0,0,0,0,0,0.004713048,0.001085024, 0.88 ,88162 - 88270,88162.04443,107.502374,88269.5468,,0
7603 HARR CC   (ED),132,149,,,,,,,,,,,0,5,286,0.003115012,0,0,0,0,0,0,0,0,0,0,0.003115012,0.000717129, 0.88 ,88271 - 88341,88270.5468,70.71287126,88341.25968,,0
7701 LIN HT A   (ED),316,38,,,,,,,,,,,0,6,360,0.007388022,0,0,0,0,0,0,0,0,0,0,0.007388022,0.001700848, 0.89 ,88342 - 88511,88342.25968,169.0848025,88511.34448,,0
7702 LIN HT B   (ED),146,28,,,,,,,,,,,0,5,179,0.003439251,0,0,0,0,0,0,0,0,0,0,0.003439251,0.000791774, 0.89 ,88512 - 88591,88512.34448,78.17740805,88590.52189,,0
7901 LOCK A   (ED),148,103,,,,,,,,,,,0,4,255,0.003473991,0,0,0,0,0,0,0,0,0,0,0.003473991,0.000799772, 0.89 ,88592 - 88670,88591.52189,78.97717984,88670.49907,,0
7902 LOCK B   (ED),216,116,,,,,,,,,,,0,3,335,0.005037288,0,0,0,0,0,0,0,0,0,0,0.005037288,0.001159669, 0.89 ,88671 - 88786,88671.49907,114.9669108,88786.46598,,0
8001 MARMT A   (ED),487,202,,,,,,,,,,,0,6,695,0.011348372,0,0,0,0,0,0,0,0,0,0,0.011348372,0.002612588, 0.89 ,88787 - 89048,88787.46598,260.2587875,89047.72476,,0
8002 MARMT B   (ED),485,171,,,,,,,,,,,0,5,661,0.011290472,0,0,0,0,0,0,0,0,0,0,0.011290472,0.002599258, 0.89 ,89049 - 89308,89048.72476,258.9258345,89307.6506,,0
8211 ADDY A   (ED),81,84,,,,,,,,,,,0,3,168,0.001910695,0,0,0,0,0,0,0,0,0,0,0.001910695,0.000439874, 0.89 ,89309 - 89352,89308.6506,42.98744891,89351.63805,,0
8221 CLEVE A   (ED),173,152,,,,,,,,,,,0,0,325,0.00400667,0,0,0,0,0,0,0,0,0,0,0.00400667,0.000922403, 0.89 ,89353 - 89444,89352.63805,91.24034742,89443.87839,,0
8222 CLEVE B   (ED),282,433,,,,,,,,,,,0,9,724,0.006635324,0,0,0,0,0,0,0,0,0,0,0.006635324,0.001527564, 0.90 ,89445 - 89597,89444.87839,151.7564135,89596.63481,,0
8231 NO BEND A   (ED),128,294,,,,,,,,,,,0,5,427,0.003022373,0,0,0,0,0,0,0,0,0,0,0.003022373,0.000695801, 0.90 ,89598 - 89666,89597.63481,68.58014646,89666.21495,,0
8301 MIAMI A   (ED),246,425,,,,,,,,,,,0,5,676,0.005755246,0,0,0,0,0,0,0,0,0,0,0.005755246,0.001324955, 0.90 ,89667 - 89799,89667.21495,131.4955279,89798.71048,,0
8302 MIAMI B   (ED),219,513,,,,,,,,,,,0,3,735,0.005106767,0,0,0,0,0,0,0,0,0,0,0.005106767,0.001175665, 0.90 ,89800 - 89916,89799.71048,116.5664544,89916.27694,,0
8303 MIAMI C   (ED),178,335,,,,,,,,,,,0,3,516,0.00415721,0,0,0,0,0,0,0,0,0,0,0.00415721,0.00095706, 0.90 ,89917 - 90012,89917.27694,94.70602521,90011.98296,,0
8304 MIAMI D   (ED),216,451,,,,,,,,,,,0,5,672,0.005060447,0,0,0,0,0,0,0,0,0,0,0.005060447,0.001165001, 0.90 ,90013 - 90128,90012.98296,115.500092,90128.48305,,0
8305 MIAMI E   (ED),159,445,,,,,,,,,,,0,5,609,0.003740331,0,0,0,0,0,0,0,0,0,0,0.003740331,0.000861088, 0.90 ,90129 - 90215,90129.48305,85.10876363,90214.59182,,0
8306 MIAMI F   (ED),127,191,,,,,,,,,,,0,1,319,0.002952893,0,0,0,0,0,0,0,0,0,0,0.002952893,0.000679806, 0.90 ,90216 - 90283,90215.59182,66.98060287,90282.57242,,0
8307 MIAMI G   (ED),238,396,,,,,,,,,,,0,8,642,0.005604706,0,0,0,0,0,0,0,0,0,0,0.005604706,0.001290299, 0.90 ,90284 - 90412,90283.57242,128.0298501,90411.60227,,0
8308 MIAMI H   (ED),103,149,,,,,,,,,,,0,2,254,0.002408634,0,0,0,0,0,0,0,0,0,0,0.002408634,0.000554508, 0.90 ,90413 - 90467,90412.60227,54.45084469,90467.05312,,0
8401 NEWT A   (ED),259,173,,,,,,,,,,,0,2,434,0.006021585,0,0,0,0,0,0,0,0,0,0,0.006021585,0.001386271, 0.91 ,90468 - 90606,90468.05312,137.6271117,90605.68023,,0
8402 NEWT B   (ED),286,221,,,,,,,,,,,0,1,508,0.006635324,0,0,0,0,0,0,0,0,0,0,0.006635324,0.001527564, 0.91 ,90607 - 90758,90606.68023,151.7564135,90758.43664,,0
8511 ST BN 1-A   (ED),188,148,,,,,,,,,,,0,8,344,0.004446709,0,0,0,0,0,0,0,0,0,0,0.004446709,0.001023708, 0.91 ,90759 - 90861,90759.43664,101.3707902,90860.80743,,0
8521 ST BN 2-A   (ED),160,114,,,,,,,,,,,0,2,276,0.003728751,0,0,0,0,0,0,0,0,0,0,0.003728751,0.000858422, 0.91 ,90862 - 90947,90861.80743,84.84217303,90946.6496,,0
8531 ST BN 3-A   (ED),181,146,,,,,,,,,,,0,6,333,0.004261429,0,0,0,0,0,0,0,0,0,0,0.004261429,0.000981053, 0.91 ,90948 - 91045,90947.6496,97.10534061,91044.75494,,0
8541 ST BN 4-A   (ED),205,99,,,,,,,,,,,0,7,311,0.004828848,0,0,0,0,0,0,0,0,0,0,0.004828848,0.001111683, 0.91 ,91046 - 91156,91045.75494,110.16828,91155.92322,,0
8601 SILVT A   (ED),337,104,,,,,,,,,,,1,1,443,0.007828061,0,0,0,0,0,0,0,0,0,0,0.007828061,0.001802152, 0.91 ,91157 - 91336,91156.92322,179.2152453,91336.13847,,0
8602 SILVT B   (ED),401,81,,,,,,,,,,,1,4,487,0.009345037,0,0,0,0,0,0,0,0,0,0,0.009345037,0.002151386, 0.92 ,91337 - 91551,91337.13847,214.1386138,91551.27708,8,1
8603 SILVT C   (ED),308,108,,,,,,,,,,,0,2,418,0.007156422,0,0,0,0,0,0,0,0,0,0,0.007156422,0.00164753, 0.92 ,91552 - 91716,91552.27708,163.7529905,91716.03007,,0
8701 SPFLD A   (ED),168,29,,,,,,,,,,,0,4,201,0.00393719,0,0,0,0,0,0,0,0,0,0,0.00393719,0.000906408, 0.92 ,91717 - 91807,91717.03007,89.64080382,91806.67088,,0
8702 SPFLD B   (ED),196,84,,,,,,,,,,,0,7,287,0.004620409,0,0,0,0,0,0,0,0,0,0,0.004620409,0.001063696, 0.92 ,91808 - 91913,91807.67088,105.3696492,91913.04053,,0
8703 SPFLD C   (ED),342,137,,,,,,,,,,,0,4,483,0.00796702,0,0,0,0,0,0,0,0,0,0,0.00796702,0.001834143, 0.92 ,91914 - 92096,91914.04053,182.4143324,92096.45486,,0
8704 SPFLD D   (ED),266,129,,,,,,,,,,,0,3,398,0.006195285,0,0,0,0,0,0,0,0,0,0,0.006195285,0.00142626, 0.92 ,92097 - 92239,92097.45486,141.6259707,92239.08083,,0
8705 SPFLD E   (ED),162,66,,,,,,,,,,,0,4,232,0.003798231,0,0,0,0,0,0,0,0,0,0,0.003798231,0.000874417, 0.92 ,92240 - 92327,92240.08083,86.44171663,92326.52255,,0
8706 SPFLD F   (ED),244,139,,,,,,,,,,,0,3,386,0.005685766,0,0,0,0,0,0,0,0,0,0,0.005685766,0.00130896, 0.92 ,92328 - 92457,92327.52255,129.8959843,92457.41853,,0
8707 SPFLD G   (ED),309,177,,,,,,,,,,,0,5,491,0.007214322,0,0,0,0,0,0,0,0,0,0,0.007214322,0.001660859, 0.93 ,92458 - 92624,92458.41853,165.0859435,92623.50447,,0
8708 SPFLD H   (ED),245,219,,,,,,,,,,,0,2,466,0.005697346,0,0,0,0,0,0,0,0,0,0,0.005697346,0.001311626, 0.93 ,92625 - 92755,92624.50447,130.1625749,92754.66705,,0
8709 SPFLD I   (ED),118,71,,,,,,,,,,,0,1,190,0.002744453,0,0,0,0,0,0,0,0,0,0,0.002744453,0.00063182, 0.93 ,92756 - 92818,92755.66705,62.18197208,92817.84902,,0
8710 SPFLD J   (ED),242,126,,,,,,,,,,,0,3,371,0.005639446,0,0,0,0,0,0,0,0,0,0,0.005639446,0.001298296, 0.93 ,92819 - 92948,92818.84902,128.8296219,92947.67864,,0
8711 SPFLD K   (ED),171,63,,,,,,,,,,,0,3,237,0.00399509,0,0,0,0,0,0,0,0,0,0,0.00399509,0.000919738, 0.93 ,92949 - 93040,92948.67864,90.97375682,93039.6524,,0
8712 SPFLD L   (ED),74,14,,,,,,,,,,,0,3,91,0.001748576,0,0,0,0,0,0,0,0,0,0,0.001748576,0.000402552, 0.93 ,93041 - 93080,93040.6524,39.25518052,93079.90758,,0
8713 SPFLD M   (ED),236,197,,,,,,,,,,,0,5,438,0.005523646,0,0,0,0,0,0,0,0,0,0,0.005523646,0.001271637, 0.93 ,93081 - 93207,93080.90758,126.163716,93207.0713,,0
8714 SPFLD N   (ED),315,172,,,,,,,,,,,0,4,491,0.007341702,0,0,0,0,0,0,0,0,0,0,0.007341702,0.001690184, 0.93 ,93208 - 93376,93208.0713,168.0184401,93376.08974,,0
8715 SPFLD O   (ED),232,69,,,,,,,,,,,0,5,306,0.005431007,0,0,0,0,0,0,0,0,0,0,0.005431007,0.00125031, 0.94 ,93377 - 93501,93377.08974,124.0309912,93501.12073,,0
8716 SPFLD P   (ED),179,94,,,,,,,,,,,0,0,273,0.00414563,0,0,0,0,0,0,0,0,0,0,0.00414563,0.000954394, 0.94 ,93502 - 93597,93502.12073,94.43943461,93596.56016,,0
8717 SPFLD Q   (ED),292,126,,,,,,,,,,,0,4,422,0.006809023,0,0,0,0,0,0,0,0,0,0,0.006809023,0.001567553, 0.94 ,93598 - 93753,93597.56016,155.7552725,93753.31544,,0
8718 SPFLD R   (ED),252,153,,,,,,,,,,,0,5,410,0.005894205,0,0,0,0,0,0,0,0,0,0,0.005894205,0.001356946, 0.94 ,93754 - 93889,93754.31544,134.6946151,93889.01005,,0
8719 SPFLD S   (ED),291,184,,,,,,,,,,,0,4,479,0.006785863,0,0,0,0,0,0,0,0,0,0,0.006785863,0.001562221, 0.94 ,93890 - 94045,93890.01005,155.2220913,94045.23214,,0
8720 SPFLD T   (ED),372,176,,,,,,,,,,,0,2,550,0.008638659,0,0,0,0,0,0,0,0,0,0,0.008638659,0.001988766, 0.94 ,94046 - 94244,94046.23214,197.8765872,94244.10873,,0
8721 SPFLD U   (ED),432,228,,,,,,,,,,,0,5,665,0.010062995,0,0,0,0,0,0,0,0,0,0,0.010062995,0.002316672, 0.94 ,94245 - 94476,94245.10873,230.667231,94475.77596,,0
8722 SPFLD V   (ED),317,228,,,,,,,,,,,0,4,549,0.007388022,0,0,0,0,0,0,0,0,0,0,0.007388022,0.001700848, 0.95 ,94477 - 94646,94476.77596,169.0848025,94645.86076,,0
8723 SPFLD W   (ED),352,212,,,,,,,,,,,0,6,570,0.00822178,0,0,0,0,0,0,0,0,0,0,0.00822178,0.001892793, 0.95 ,94647 - 94835,94646.86076,188.2793256,94835.14009,,0
8724 SPFLD X   (ED),187,77,,,,,,,,,,,2,0,266,0.004354069,0,0,0,0,0,0,0,0,0,0,0.004354069,0.001002381, 0.95 ,94836 - 94935,94836.14009,99.23806541,94935.37815,,0
8725 SPFLD Y   (ED),228,76,,,,,,,,,,,0,3,307,0.005315207,0,0,0,0,0,0,0,0,0,0,0.005315207,0.001223651, 0.95 ,94936 - 95058,94936.37815,121.3650852,95057.74324,,0
8726 SPFLD Z   (ED),213,72,,,,,,,,,,,0,5,290,0.004990968,0,0,0,0,0,0,0,0,0,0,0.004990968,0.001149005, 0.95 ,95059 - 95173,95058.74324,113.9005484,95172.64379,,0
8727 SPFLD AA   (ED),317,151,,,,,,,,,,,0,3,471,0.007376442,0,0,0,0,0,0,0,0,0,0,0.007376442,0.001698182, 0.95 ,95174 - 95342,95173.64379,168.8182119,95342.462,,0
8728 SPFLD BB   (ED),160,159,,,,,,,,,,,1,4,324,0.003763491,0,0,0,0,0,0,0,0,0,0,0.003763491,0.000866419, 0.95 ,95343 - 95429,95343.462,85.64194483,95429.10394,,0
8901 SYCAM A   (ED),48,5,,,,,,,,,,,0,1,54,0.001123257,0,0,0,0,0,0,0,0,0,0,0.001123257,0.000258593, 0.95 ,95430 - 95455,95430.10394,24.85928815,95454.96323,,0
8902 SYCAM B   (ED),239,235,,,,,,,,,,,0,4,478,0.005581546,0,0,0,0,0,0,0,0,0,0,0.005581546,0.001284967, 0.96 ,95456 - 95583,95455.96323,127.496669,95583.4599,,0
8903 SYCAM C   (ED),276,224,,,,,,,,,,,0,4,504,0.006438464,0,0,0,0,0,0,0,0,0,0,0.006438464,0.001482244, 0.96 ,95584 - 95732,95584.4599,147.2243733,95731.68427,,0
8904 SYCAM D   (ED),211,175,,,,,,,,,,,0,5,391,0.004944648,0,0,0,0,0,0,0,0,0,0,0.004944648,0.001138342, 0.96 ,95733 - 95846,95732.68427,112.834186,95845.51846,,0
8905 SYCAM E   (ED),310,244,,,,,,,,,,,0,2,556,0.007202742,0,0,0,0,0,0,0,0,0,0,0.007202742,0.001658194, 0.96 ,95847 - 96011,95846.51846,164.8193529,96011.33781,,0
8906 SYCAM F   (ED),233,163,,,,,,,,,,,0,2,398,0.005419427,0,0,0,0,0,0,0,0,0,0,0.005419427,0.001247644, 0.96 ,96012 - 96136,96012.33781,123.7644006,96136.10221,,0
8907 SYCAM G   (ED),304,202,,,,,,,,,,,1,7,514,0.007133262,0,0,0,0,0,0,0,0,0,0,0.007133262,0.001642198, 0.96 ,96137 - 96300,96137.10221,163.2198093,96300.32202,,0
8908 SYCAM H   (ED),254,140,,,,,,,,,,,0,6,400,0.005952105,0,0,0,0,0,0,0,0,0,0,0.005952105,0.001370276, 0.96 ,96301 - 96437,96301.32202,136.0275681,96437.34959,,0
8909 SYCAM I   (ED),249,268,,,,,,,,,,,0,2,519,0.005789986,0,0,0,0,0,0,0,0,0,0,0.005789986,0.001332953, 0.97 ,96438 - 96571,96438.34959,132.2952997,96570.64489,,0
8910 SYCAM J   (ED),260,87,,,,,,,,,,,0,4,351,0.006067905,0,0,0,0,0,0,0,0,0,0,0.006067905,0.001396935, 0.97 ,96572 - 96710,96571.64489,138.6934741,96710.33836,,0
8911 SYCAM K   (ED),310,138,,,,,,,,,,,0,6,454,0.007249062,0,0,0,0,0,0,0,0,0,0,0.007249062,0.001668857, 0.97 ,96711 - 96877,96711.33836,165.8857153,96877.22408,,0
8912 SYCAM L   (ED),307,279,,,,,,,,,,,1,4,591,0.007168002,0,0,0,0,0,0,0,0,0,0,0.007168002,0.001650196, 0.97 ,96878 - 97042,96878.22408,164.0195811,97042.24366,,0
8913 SYCAM M   (ED),166,136,,,,,,,,,,,0,3,305,0.00387929,0,0,0,0,0,0,0,0,0,0,0.00387929,0.000893079, 0.97 ,97043 - 97132,97043.24366,88.30785083,97131.55151,,0
8914 SYCAM N   (ED),332,242,,,,,,,,,,,0,4,578,0.007735421,0,0,0,0,0,0,0,0,0,0,0.007735421,0.001780825, 0.97 ,97133 - 97310,97132.55151,177.0825205,97309.63403,,0
9101 SYMM A   (ED),118,64,,,,,,,,,,,0,2,184,0.002756033,0,0,0,0,0,0,0,0,0,0,0.002756033,0.000634486, 0.97 ,97311 - 97373,97310.63403,62.44856268,97373.0826,,0
9102 SYMM B   (ED),326,194,,,,,,,,,,,0,3,523,0.007584881,0,0,0,0,0,0,0,0,0,0,0.007584881,0.001746168, 0.98 ,97374 - 97548,97374.0826,173.6168427,97547.69944,,0
9103 SYMM C   (ED),382,295,,,,,,,,,,,1,4,682,0.008904998,0,0,0,0,0,0,0,0,0,0,0.008904998,0.002050082, 0.98 ,97549 - 97753,97548.69944,204.008171,97752.70761,,0
9104 SYMM D   (ED),294,152,,,,,,,,,,,0,4,450,0.006855343,0,0,0,0,0,0,0,0,0,0,0.006855343,0.001578216, 0.98 ,97754 - 97911,97753.70761,156.8216349,97910.52924,,0
9105 SYMM E   (ED),325,235,,,,,,,,,,,0,4,564,0.007573301,0,0,0,0,0,0,0,0,0,0,0.007573301,0.001743503, 0.98 ,97912 - 98085,97911.52924,173.3502521,98084.8795,,0
9106 SYMM F   (ED),358,216,,,,,,,,,,,0,3,577,0.008325999,0,0,0,0,0,0,0,0,0,0,0.008325999,0.001916786, 0.98 ,98086 - 98277,98085.8795,190.678641,98276.55814,,0
9107 SYMM G   (ED),223,119,,,,,,,,,,,0,2,344,0.005187827,0,0,0,0,0,0,0,0,0,0,0.005187827,0.001194326, 0.98 ,98278 - 98396,98277.55814,118.4325886,98395.99073,,0
9108 SYMM H   (ED),153,121,,,,,,,,,,,0,3,277,0.003578211,0,0,0,0,0,0,0,0,0,0,0.003578211,0.000823765, 0.98 ,98397 - 98478,98396.99073,81.37649524,98478.36722,,0
9109 SYMM I   (ED),228,118,,,,,,,,,,,0,2,348,0.005303627,0,0,0,0,0,0,0,0,0,0,0.005303627,0.001220985, 0.99 ,98479 - 98600,98479.36722,121.0984946,98600.46572,,0
9110 SYMM J   (ED),285,238,,,,,,,,,,,0,5,528,0.006658483,0,0,0,0,0,0,0,0,0,0,0.006658483,0.001532896, 0.99 ,98601 - 98754,98601.46572,152.2895947,98753.75531,,0
9111 SYMM K   (ED),105,103,,,,,,,,,,,0,2,210,0.002454954,0,0,0,0,0,0,0,0,0,0,0.002454954,0.000565172, 0.99 ,98755 - 98810,98754.75531,55.51720709,98810.27252,,0
9112 SYMM L   (ED),311,258,,,,,,,,,,,0,1,570,0.007214322,0,0,0,0,0,0,0,0,0,0,0.007214322,0.001660859, 0.99 ,98811 - 98976,98811.27252,165.0859435,98976.35846,,0
9301 TER PK A   (ED),415,214,,,,,,,,,,,0,3,632,0.009646116,0,0,0,0,0,0,0,0,0,0,0.009646116,0.0022207, 0.99 ,98977 - 99198,98977.35846,221.0699694,99198.42843,,0
9302 TER PK B   (ED),234,101,,,,,,,,,,,0,2,337,0.005442587,0,0,0,0,0,0,0,0,0,0,0.005442587,0.001252976, 0.99 ,99199 - 99324,99199.42843,124.2975818,99323.72601,,0
9501 WHWTR A   (ED),176,269,,,,,,,,,,,0,5,450,0.00413405,0,0,0,0,0,0,0,0,0,0,0.00413405,0.000951728, 0.99 ,99325 - 99419,99324.72601,94.17284402,99418.89886,,0
9502 WHWTR B   (ED),240,356,,,,,,,,,,,0,2,598,0.005581546,0,0,0,0,0,0,0,0,0,0,0.005581546,0.001284967, 1.00 ,99420 - 99547,99419.89886,127.496669,99547.39552,,0
9503 WHWTR C   (ED),132,176,,,,,,,,,,,0,2,310,0.003080272,0,0,0,0,0,0,0,0,0,0,0.003080272,0.000709131, 1.00 ,99548 - 99618,99548.39552,69.91309946,99618.30862,,0
9701 WOOD A   (ED),315,80,,,,,,,,,,,1,9,405,0.007411182,0,0,0,0,0,0,0,0,0,0,0.007411182,0.00170618, 1.00 ,99619 - 99789,99619.30862,169.6179837,99788.92661,,0
9702 WOOD B   (ED),392,67,,,,,,,,,,,0,4,463,0.009125017,0,0,0,0,0,0,0,0,0,0,0.009125017,0.002100734, 1.00 ,99790 - 99999,99789.92661,209.0733924,99999,,0
" 1,124 "," 186,175 "," 99,819 ", -   , -   , -   , -   , -   , -   ,,,,, 81 ," 2,676 "," 288,751 ", 4 , -   , -   , -   , -   , -   , -   , -   , -   , -   , -   , 4 , 1 , 438 , 00000 - 99999 ," 43,724,463 "," 98,876 "," 43,823,339 ", Total , 9 
